game_id,game_date,away_team,home_team,away_first_inning_runs,home_first_inning_runs,no_runs_first_inning,away_scoreless_first,home_scoreless_first,total_first_inning_runs,away_starting_pitcher,away_pitcher_id,home_starting_pitcher,home_pitcher_id,raw_linescore
778560,2025-03-28,Rockies,Rays,0,0,True,True,True,0,Kyle Freeland,607536,Ryan Pepiot,686752,"Final   1 2 3 4 5 6 7 8 9  R   H   E  
Rockies 0 0 1 1 0 0 0 0 0  2   7   1  
Rays    0 0 0 0 0 0 2 0 1  3   7   1  "
778549,2025-03-28,Orioles,Blue Jays,0,0,True,True,True,0,Charlie Morton,450203,Kevin Gausman,592332,"Final     1 2 3 4 5 6 7 8 9  R   H   E  
Orioles   0 0 1 1 0 0 0 0 0  2   3   2  
Blue Jays 0 0 0 5 0 1 2 0 0  8   14  1  "
778548,2025-03-28,Pirates,Marlins,0,0,True,True,True,0,Mitch Keller,656605,Connor Gillispie,687362,"Final   1 2 3 4 5 6 7 8 9  R   H   E  
Pirates 0 0 0 2 2 0 0 0 0  4   7   0  
Marlins 0 0 0 0 1 0 0 0 2  3   7   4  "
778550,2025-03-28,Red Sox,Rangers,0,0,True,True,True,0,Tanner Houck,656557,Jack Leiter,683004,"Final   1 2 3 4 5 6 7 8 9  R   H   E  
Red Sox 0 0 0 1 0 0 0 0 0  1   8   0  
Rangers 0 0 1 0 1 2 0 0 0  4   8   0  "
778518,2025-03-28,Mets,Astros,0,0,True,True,True,0,Tylor Megill,656731,Hunter Brown,686613,"Final  1 2 3 4 5 6 7 8 9  R   H   E  
Mets   0 2 1 0 0 0 0 0 0  3   5   0  
Astros 0 0 0 1 0 0 0 0 0  1   3   1  "
778543,2025-03-28,Cubs,D-backs,0,0,True,True,True,0,Jameson Taillon,592791,Merrill Kelly,518876,"Final   1 2 3 4 5 6 7 8 9  R   H   E  
Cubs    0 1 0 0 0 0 0 0 0  1   3   0  
D-backs 0 2 0 3 1 0 2 0 0  8   14  3  "
778541,2025-03-28,Athletics,Mariners,0,0,True,True,True,0,Jeffrey Springs,605488,Luis Castillo,622491,"Final     1 2 3 4 5 6 7 8 9  R   H   E  
Athletics 0 0 0 0 2 0 3 1 1  7   12  0  
Mariners  0 0 0 0 0 0 0 0 0  0   5   0  "
778542,2025-03-28,Braves,Padres,0,1,False,True,False,1,Reynaldo López,625643,Dylan Cease,656302,"Final  1 2 3 4 5 6 7 8 9  R   H   E  
Braves 0 0 2 0 1 0 0 0 0  3   5   0  
Padres 1 1 1 0 0 0 0 1 0  4   10  0  "
778544,2025-03-28,Tigers,Dodgers,0,0,True,True,True,0,Jack Flaherty,656427,Yoshinobu Yamamoto,808967,"Final   1 2 3 4 5 6 7 8 9 10 R   H   E  
Tigers  0 1 1 0 0 0 0 0 1 2  5   10  0  
Dodgers 0 0 0 0 0 2 0 1 0 5  8   8   0  "
778538,2025-03-29,Brewers,Yankees,0,4,False,True,False,4,Nestor Cortes,641482,Max Fried,608331,"Final   1 2 3 4 5 6 7 8 9  R   H   E  
Brewers 0 3 0 1 2 0 0 1 2  9   13  1  
Yankees 4 3 6 3 0 2 2 0 0  20  16  5  "
778534,2025-03-29,Angels,White Sox,0,0,True,True,True,0,José Soriano,667755,Jonathan Cannon,686563,"Final     1 2 3 4 5 6 7 8 9  R   H   E  
Angels    0 0 0 0 0 0 0 1 0  1   8   0  
White Sox 0 0 0 0 0 0 0 0 0  0   2   0  "
778528,2025-03-29,Twins,Cardinals,0,1,False,True,False,1,Joe Ryan,657746,Erick Fedde,607200,"Final     1 2 3 4 5 6 7 8 9  R   H   E  
Twins     0 1 0 0 0 0 0 0 0  1   3   0  
Cardinals 1 0 0 0 0 3 0 1 0  5   10  1  "
778536,2025-03-29,Orioles,Blue Jays,2,0,False,False,True,2,Dean Kremer,665152,Max Scherzer,453286,"Final     1 2 3 4 5 6 7 8 9  R   H   E  
Orioles   2 0 0 4 2 0 1 0 0  9   12  0  
Blue Jays 2 0 2 0 1 0 0 0 0  5   8   0  "
778535,2025-03-29,Phillies,Nationals,0,0,True,True,True,0,Jesús Luzardo,666200,Jake Irvin,663623,"Final     1 2 3 4 5 6 7 8 9  R   H   E  
Phillies  0 0 0 2 0 5 3 1 0  11  14  0  
Nationals 0 2 0 0 0 1 0 2 1  6   12  0  "
778529,2025-03-29,Guardians,Royals,0,0,True,True,True,0,Gavin Williams,668909,Seth Lugo,607625,"Final     1 2 3 4 5 6 7 8 9  R   H   E  
Guardians 0 1 1 0 1 0 0 0 0  3   5   0  
Royals    0 0 0 1 0 1 2 0 0  4   10  0  "
778540,2025-03-29,Giants,Reds,0,0,True,True,True,0,Justin Verlander,434378,Nick Lodolo,666157,"Final  1 2 3 4 5 6 7 8 9  R   H   E  
Giants 0 1 1 0 0 0 0 0 0  2   8   0  
Reds   0 0 1 0 1 1 0 0 0  3   8   0  "
778537,2025-03-29,Rockies,Rays,0,0,True,True,True,0,Antonio Senzatela,622608,Zack Littell,641793,"Final   1 2 3 4 5 6 7 8 9  R   H   E  
Rockies 0 0 1 0 0 0 1 0 0  2   6   0  
Rays    0 0 0 0 0 0 0 1 0  1   12  0  "
778539,2025-03-29,Pirates,Marlins,1,0,False,False,True,1,Bailey Falter,663559,Valente Bellozo,678368,"Final   1 2 3 4 5 6 7 8 9 101112 R   H   E  
Pirates 1 0 0 0 0 1 1 0 0 0 1 0  4   9   1  
Marlins 0 0 0 0 1 1 1 0 0 0 1 1  5   13  1  "
778531,2025-03-29,Red Sox,Rangers,2,0,False,False,True,2,Walker Buehler,621111,Tyler Mahle,641816,"Final   1 2 3 4 5 6 7 8 9  R   H   E  
Red Sox 0 1 0 1 0 0 0 1 0  3   7   1  
Rangers 2 0 0 1 1 0 0 0 0  4   8   0  "
778530,2025-03-29,Mets,Astros,0,0,True,True,True,0,Griffin Canning,656288,Spencer Arrighetti,681293,"Final  1 2 3 4 5 6 7 8 9  R   H   E  
Mets   0 0 0 0 0 1 0 0 0  1   1   0  
Astros 0 0 0 0 1 1 0 0 0  2   5   0  "
778520,2025-03-29,Braves,Padres,0,0,True,True,True,0,Spencer Schwellenbach,680885,Randy Vásquez,681190,"Final  1 2 3 4 5 6 7 8 9  R   H   E  
Braves 0 0 0 0 0 0 0 0 0  0   5   0  
Padres 0 0 0 0 0 0 1 0 0  1   4   0  "
778532,2025-03-29,Cubs,D-backs,0,0,True,True,True,0,Shota Imanaga,684007,Brandon Pfaadt,694297,"Final   1 2 3 4 5 6 7 8 9  R   H   E  
Cubs    0 0 0 1 2 0 1 0 0  4   8   1  
D-backs 0 1 0 0 0 0 0 0 2  3   9   2  "
778533,2025-03-29,Tigers,Dodgers,2,1,False,False,False,3,Reese Olson,681857,Roki Sasaki,808963,"Final   1 2 3 4 5 6 7 8 9  R   H   E  
Tigers  2 0 0 0 0 0 1 0 0  3   6   0  
Dodgers 1 1 0 0 2 1 2 0 0  7   7   0  "
778521,2025-03-29,Athletics,Mariners,0,0,True,True,True,0,Osvaldo Bido,674370,Bryce Miller,682243,"Final     1 2 3 4 5 6 7 8 9  R   H   E  
Athletics 0 0 0 2 0 1 1 0 0  4   9   2  
Mariners  0 1 0 0 0 1 0 0 0  2   5   1  "
778526,2025-03-30,Phillies,Nationals,0,0,True,True,True,0,Aaron Nola,605400,Mitchell Parker,680730,"Final     1 2 3 4 5 6 7 8 9  R   H   E  
Phillies  0 0 0 0 0 0 0 0 1  1   8   0  
Nationals 0 0 0 3 0 2 0 0 0  5   9   1  "
778523,2025-03-30,Brewers,Yankees,1,2,False,False,False,3,Aaron Civale,650644,Marcus Stroman,573186,"Final   1 2 3 4 5 6 7 8 9  R   H   E  
Brewers 1 0 0 2 0 0 0 0 0  3   6   0  
Yankees 2 1 2 0 0 2 5 0 0  12  11  0  "
778525,2025-03-30,Orioles,Blue Jays,1,0,False,False,True,1,Tomoyuki Sugano,608372,Chris Bassitt,605135,"Final     1 2 3 4 5 6 7 8 9  R   H   E  
Orioles   1 0 0 0 0 0 0 0 0  1   9   1  
Blue Jays 2 0 0 0 0 0 1 0 0  3   7   0  "
778522,2025-03-30,Giants,Reds,0,0,True,True,True,0,Robbie Ray,592662,Nick Martinez,607259,"Final  1 2 3 4 5 6 7 8 9  R   H   E  
Giants 0 0 0 0 1 3 0 2 0  6   7   0  
Reds   0 0 0 0 0 3 0 0 0  3   5   2  "
778524,2025-03-30,Rockies,Rays,0,2,False,True,False,2,Ryan Feltner,663372,Taj Bradley,671737,"Final   1 2 3 4 5 6 7 8 9  R   H   E  
Rockies 0 0 0 0 1 1 2 0 0  4   9   1  
Rays    2 0 0 0 0 4 0 0 0  6   9   0  "
778519,2025-03-30,Pirates,Marlins,0,0,True,True,True,0,Andrew Heaney,571760,Max Meyer,676974,"Final   1 2 3 4 5 6 7 8 9  R   H   E  
Pirates 0 1 0 0 1 0 0 0 0  2   5   1  
Marlins 0 1 0 0 0 0 1 0 1  3   7   1  "
778510,2025-03-30,Guardians,Royals,0,0,True,True,True,0,Tanner Bibee,676440,Michael Wacha,608379,"Final     1 2 3 4 5 6 7 8 9  R   H   E  
Guardians 0 1 0 0 2 2 0 1 0  6   11  1  
Royals    0 0 0 0 0 0 0 2 0  2   5   0  "
778527,2025-03-30,Angels,White Sox,2,0,False,False,True,2,Jack Kochanowicz,686799,Davis Martin,663436,"Final     1 2 3 4 5 6 7 8 9  R   H   E  
Angels    2 0 0 0 0 0 0 1 0  3   6   0  
White Sox 2 0 0 0 0 0 0 0 0  2   7   1  "
778517,2025-03-30,Twins,Cardinals,1,0,False,False,True,1,Bailey Ober,641927,Andre Pallante,669467,"Final     1 2 3 4 5 6 7 8 9  R   H   E  
Twins     1 0 0 1 0 0 0 0 0  2   5   0  
Cardinals 0 3 5 0 0 0 1 0 0  9   10  0  "
778516,2025-03-30,Red Sox,Rangers,0,0,True,True,True,0,Richard Fitts,690916,Jacob deGrom,594798,"Final   1 2 3 4 5 6 7 8 9  R   H   E  
Red Sox 0 0 0 0 0 2 0 0 0  2   5   0  
Rangers 0 1 0 0 0 2 0 0 0  3   6   1  "
778515,2025-03-30,Cubs,D-backs,0,0,True,True,True,0,Matthew Boyd,571510,Eduardo Rodriguez,593958,"Final   1 2 3 4 5 6 7 8 9  R   H   E  
Cubs    0 1 0 0 0 2 0 3 0  6   9   0  
D-backs 0 0 0 0 0 1 1 8 0  10  14  0  "
778513,2025-03-30,Athletics,Mariners,0,0,True,True,True,0,JP Sears,676664,Bryan Woo,693433,"Final     1 2 3 4 5 6 7 8 9  R   H   E  
Athletics 0 0 0 1 0 0 0 0 0  1   4   0  
Mariners  0 0 0 0 0 2 0 0 0  2   5   1  "
778514,2025-03-30,Braves,Padres,0,1,False,True,False,1,AJ Smith-Shawver,700363,Nick Pivetta,601713,"Final  1 2 3 4 5 6 7 8 9  R   H   E  
Braves 0 0 0 0 0 0 0 0 0  0   1   0  
Padres 1 0 1 0 0 0 1 2 0  5   9   0  "
778506,2025-03-31,Twins,White Sox,0,0,True,True,True,0,Chris Paddack,663978,Martín Pérez,527048,"Final     1 2 3 4 5 6 7 8 9  R   H   E  
Twins     0 0 0 0 0 0 0 0 0  0   2   1  
White Sox 3 4 2 0 0 0 0 0 0  9   8   1  "
778504,2025-03-31,Royals,Brewers,3,0,False,False,True,3,Kris Bubic,663460,Elvin Rodríguez,660730,"Final   1 2 3 4 5 6 7 8 9  R   H   E  
Royals  3 1 0 0 0 0 6 0 1  11  14  0  
Brewers 0 0 0 0 0 0 1 0 0  1   6   1  "
778512,2025-03-31,Red Sox,Orioles,4,0,False,False,True,4,Sean Newcomb,656794,Cade Povich,700249,"Final   1 2 3 4 5 6 7 8 9  R   H   E  
Red Sox 0 2 1 0 0 0 0 0 2  5   8   2  
Orioles 4 0 0 0 0 0 0 4 0  8   15  1  "
778502,2025-03-31,Rockies,Phillies,0,0,True,True,True,0,Germán Márquez,608566,Cristopher Sánchez,650911,"Final    1 2 3 4 5 6 7 8 9  R   H   E  
Rockies  0 0 0 0 0 1 0 0 0  1   6   0  
Phillies 0 0 0 0 0 0 4 2 0  6   11  0  "
778511,2025-03-31,Rangers,Reds,0,3,False,True,False,3,Kumar Rocker,677958,Brady Singer,663903,"Final   1 2 3 4 5 6 7 8 9  R   H   E  
Rangers 0 0 0 0 0 0 0 1 2  3   5   2  
Reds    3 3 0 0 0 6 2 0 0  14  14  0  "
778509,2025-03-31,Mets,Marlins,0,1,False,True,False,1,David Peterson,656849,Cal Quantrill,615698,"Final   1 2 3 4 5 6 7 8 9  R   H   E  
Mets    0 0 1 0 7 2 0 0 0  10  11  0  
Marlins 1 0 0 0 0 1 0 0 2  4   9   0  "
778508,2025-03-31,Pirates,Rays,0,0,True,True,True,0,Carmen Mlodzinski,669387,Drew Rasmussen,656876,"Final   1 2 3 4 5 6 7 8 9  R   H   E  
Pirates 0 0 0 0 0 0 0 1 0  1   4   0  
Rays    0 0 0 4 0 1 0 1 0  6   10  0  "
778507,2025-03-31,Nationals,Blue Jays,0,0,True,True,True,0,Michael Soroka,647336,Bowden Francis,670102,"Final     1 2 3 4 5 6 7 8 9  R   H   E  
Nationals 0 0 0 0 0 2 0 0 0  2   5   0  
Blue Jays 0 1 1 2 0 0 0 1 0  5   10  0  "
778503,2025-03-31,Angels,Cardinals,0,1,False,True,False,1,Tyler Anderson,542881,Miles Mikolas,571945,"Final     1 2 3 4 5 6 7 8 9 10 R   H   E  
Angels    0 0 1 0 0 1 1 0 0 2  5   4   0  
Cardinals 1 1 0 0 1 0 0 0 0 1  4   11  0  "
778505,2025-03-31,Giants,Astros,0,0,True,True,True,0,Jordan Hicks,663855,Ronel Blanco,669854,"Final  1 2 3 4 5 6 7 8 9  R   H   E  
Giants 0 1 0 0 1 3 0 0 2  7   9   0  
Astros 0 0 0 0 0 0 0 2 0  2   3   0  "
778499,2025-03-31,Guardians,Padres,1,0,False,False,True,1,Luis L. Ortiz,682847,Kyle Hart,606996,"Final     1 2 3 4 5 6 7 8 9  R   H   E  
Guardians 1 0 1 0 0 0 0 0 0  2   8   1  
Padres    0 4 0 0 3 0 0 0 0  7   12  1  "
778496,2025-03-31,Tigers,Mariners,6,0,False,False,True,6,Jackson Jobe,695549,Emerson Hancock,676106,"Final    1 2 3 4 5 6 7 8 9  R   H   E  
Tigers   6 0 1 1 0 0 1 0 0  9   18  1  
Mariners 0 1 1 1 1 0 0 0 2  6   8   0  "
778501,2025-03-31,Cubs,Athletics,4,0,False,False,True,4,Ben Brown,676962,Joey Estes,683155,"Final     1 2 3 4 5 6 7 8 9  R   H   E  
Cubs      4 0 0 1 5 6 0 1 1  18  21  0  
Athletics 0 0 1 2 0 0 0 0 0  3   10  1  "
778500,2025-03-31,Braves,Dodgers,0,2,False,True,False,2,Grant Holmes,656550,Tyler Glasnow,607192,"Final   1 2 3 4 5 6 7 8 9  R   H   E  
Braves  0 0 0 0 0 0 0 1 0  1   4   0  
Dodgers 2 0 2 0 1 1 0 0 0  6   9   0  "
778498,2025-04-01,Rangers,Reds,1,0,False,False,True,1,Nathan Eovaldi,543135,Carson Spiers,686730,"Final   1 2 3 4 5 6 7 8 9  R   H   E  
Rangers 1 0 0 0 0 0 0 0 0  1   4   0  
Reds    0 0 0 0 0 0 0 0 0  0   4   1  "
778497,2025-04-01,Mets,Marlins,0,2,False,True,False,2,Kodai Senga,673540,Sandy Alcantara,645261,"Final   1 2 3 4 5 6 7 8 9  R   H   E  
Mets    0 1 1 0 0 0 0 0 0  2   5   2  
Marlins 2 0 0 2 0 0 0 0 0  4   3   0  "
778493,2025-04-01,Pirates,Rays,0,3,False,True,False,3,Thomas Harrington,802419,Shane Baz,669358,"Final   1 2 3 4 5 6 7 8 9  R   H   E  
Pirates 0 0 0 0 0 0 0 0 0  0   9   1  
Rays    3 0 1 2 0 0 0 1 0  7   10  0  "
778492,2025-04-01,D-backs,Yankees,0,0,True,True,True,0,Corbin Burnes,669203,Will Warren,701542,"Final   1 2 3 4 5 6 7 8 9  R   H   E  
D-backs 0 0 2 0 0 0 0 5 0  7   5   1  
Yankees 0 0 1 3 0 0 0 0 1  5   5   0  "
778491,2025-04-01,Nationals,Blue Jays,0,0,True,True,True,0,Trevor Williams,592866,José Berríos,621244,"Final     1 2 3 4 5 6 7 8 9  R   H   E  
Nationals 0 0 0 0 0 2 1 0 0  3   6   1  
Blue Jays 0 3 0 0 0 0 0 2 0  5   12  0  "
778490,2025-04-01,Twins,White Sox,0,0,True,True,True,0,Simeon Woods Richardson,680573,Shane Smith,681343,"Final     1 2 3 4 5 6 7 8 9  R   H   E  
Twins     0 0 0 0 0 5 0 0 3  8   10  0  
White Sox 0 1 0 1 1 0 0 0 0  3   9   0  "
778488,2025-04-01,Royals,Brewers,0,0,True,True,True,0,Michael Lorenzen,547179,Chad Patrick,694477,"Final   1 2 3 4 5 6 7 8 9  R   H   E  
Royals  0 0 0 0 0 0 0 0 0  0   4   2  
Brewers 0 0 2 0 0 2 0 1 0  5   7   0  "
778495,2025-04-01,Angels,Cardinals,0,0,True,True,True,0,Kyle Hendricks,543294,Matthew Liberatore,669461,"Final     1 2 3 4 5 6 7 8 9 1011 R   H   E  
Angels    0 0 3 0 0 0 0 0 0 3 3  9   10  1  
Cardinals 0 1 0 1 0 0 0 1 0 3 1  7   11  0  "
778489,2025-04-01,Giants,Astros,0,0,True,True,True,0,Logan Webb,657277,Hayden Wesneski,669713,"Final  1 2 3 4 5 6 7 8 9  R   H   E  
Giants 0 0 2 1 0 0 0 0 0  3   4   0  
Astros 0 0 0 1 0 0 0 0 0  1   7   1  "
778485,2025-04-01,Guardians,Padres,0,0,True,True,True,0,Logan Allen,671106,Michael King,650633,"Final     1 2 3 4 5 6 7 8 9  R   H   E  
Guardians 0 0 0 0 0 0 0 0 0  0   2   2  
Padres    0 0 0 1 2 1 2 1 0  7   10  0  "
778486,2025-04-01,Tigers,Mariners,2,0,False,False,True,2,Casey Mize,663554,Logan Gilbert,669302,"Final    1 2 3 4 5 6 7 8 9  R   H   E  
Tigers   2 0 1 0 0 0 0 1 0  4   8   0  
Mariners 0 0 0 0 0 0 1 0 0  1   1   0  "
778494,2025-04-01,Cubs,Athletics,3,2,False,False,False,5,Justin Steele,657006,Luis Severino,622663,"Final     1 2 3 4 5 6 7 8 9  R   H   E  
Cubs      3 0 2 1 0 0 1 0 0  7   9   0  
Athletics 2 0 2 0 0 0 0 0 0  4   8   1  "
778487,2025-04-01,Braves,Dodgers,0,0,True,True,True,0,Chris Sale,519242,Dustin May,669160,"Final   1 2 3 4 5 6 7 8 9  R   H   E  
Braves  0 1 0 0 0 0 0 0 0  1   3   1  
Dodgers 0 0 0 0 0 3 0 0 0  3   5   1  "
778480,2025-04-02,Rangers,Reds,0,0,True,True,True,0,Jack Leiter,683004,Hunter Greene,668881,"Final   1 2 3 4 5 6 7 8 9  R   H   E  
Rangers 0 0 0 1 0 0 0 0 0  1   3   1  
Reds    0 0 0 0 0 0 0 0 0  0   3   0  "
778479,2025-04-02,Pirates,Rays,0,0,True,True,True,0,Paul Skenes,694973,Ryan Pepiot,686752,"Final   1 2 3 4 5 6 7 8 9  R   H   E  
Pirates 0 1 0 0 1 0 0 1 1  4   8   1  
Rays    0 0 0 0 0 1 0 1 0  2   4   0  "
778477,2025-04-02,Royals,Brewers,0,1,False,True,False,1,Cole Ragans,666142,Freddy Peralta,642547,"Final   1 2 3 4 5 6 7 8 9 1011 R   H   E  
Royals  0 1 0 0 0 0 0 0 0 1 0  2   4   0  
Brewers 1 0 0 0 0 0 0 0 0 1 1  3   8   0  "
778473,2025-04-02,Angels,Cardinals,1,0,False,False,True,1,Yusei Kikuchi,579328,Sonny Gray,543243,"Final     1 2 3 4 5 6 7 8 9  R   H   E  
Angels    1 0 0 0 0 0 4 0 0  5   6   1  
Cardinals 0 0 0 1 0 2 2 7 0  12  12  0  "
778474,2025-04-02,Twins,White Sox,1,0,False,False,True,1,Pablo López,641154,Sean Burke,680732,"Final     1 2 3 4 5 6 7 8 9  R   H   E  
Twins     1 0 0 3 2 0 0 0 0  6   8   1  
White Sox 0 0 0 0 0 0 1 0 0  1   6   1  "
778478,2025-04-02,Nationals,Blue Jays,0,0,True,True,True,0,MacKenzie Gore,669022,Easton Lucas,687922,"Final     1 2 3 4 5 6 7 8 9  R   H   E  
Nationals 0 0 0 0 0 1 0 0 1  2   5   1  
Blue Jays 1 0 0 1 1 1 0 0 0  4   10  0  "
778471,2025-04-02,Cubs,Athletics,0,0,True,True,True,0,Jameson Taillon,592791,Jeffrey Springs,605488,"Final     1 2 3 4 5 6 7 8 9  R   H   E  
Cubs      0 4 1 3 0 0 2 0 0  10  11  1  
Athletics 0 0 2 0 0 0 0 0 0  2   5   1  "
778476,2025-04-02,Guardians,Padres,0,0,True,True,True,0,Ben Lively,594902,Dylan Cease,656302,"Final     1 2 3 4 5 6 7 8 9  R   H   E  
Guardians 0 0 0 0 0 0 1 1 0  2   8   1  
Padres    0 0 4 0 0 0 1 0 0  5   10  0  "
778469,2025-04-02,Tigers,Mariners,0,0,True,True,True,0,Tarik Skubal,669373,Luis Castillo,622491,"Final    1 2 3 4 5 6 7 8 9  R   H   E  
Tigers   0 0 0 0 2 0 0 0 0  2   6   0  
Mariners 0 2 0 1 0 0 0 0 0  3   6   0  "
778475,2025-04-02,Giants,Astros,2,0,False,False,True,2,Landen Roupp,694738,Framber Valdez,664285,"Final  1 2 3 4 5 6 7 8 9  R   H   E  
Giants 2 3 0 0 0 0 0 1 0  6   6   0  
Astros 0 1 0 0 2 0 0 0 0  3   7   1  "
778481,2025-04-02,Mets,Marlins,1,0,False,False,True,1,Clay Holmes,605280,Connor Gillispie,687362,"Final   1 2 3 4 5 6 7 8 9 1011 R   H   E  
Mets    1 0 0 0 0 0 0 3 0 0 2  6   9   1  
Marlins 0 0 2 0 0 0 2 0 0 0 1  5   13  1  "
778483,2025-04-02,Red Sox,Orioles,0,0,True,True,True,0,Garrett Crochet,676979,Zach Eflin,621107,"Final   1 2 3 4 5 6 7 8 9  R   H   E  
Red Sox 0 1 0 0 2 0 0 0 0  3   10  0  
Orioles 0 0 0 0 0 0 0 0 0  0   4   0  "
778482,2025-04-02,Rockies,Phillies,0,0,True,True,True,0,Kyle Freeland,607536,Zack Wheeler,554430,"Final    1 2 3 4 5 6 7 8 9  R   H   E  
Rockies  0 0 0 0 0 0 1 0 0  1   4   1  
Phillies 0 0 0 2 0 0 1 2 0  5   12  0  "
778484,2025-04-02,D-backs,Yankees,2,0,False,False,True,2,Zac Gallen,668678,Carlos Rodón,607074,"Final   1 2 3 4 5 6 7 8 9  R   H   E  
D-backs 2 2 0 0 0 0 0 0 0  4   3   0  
Yankees 0 0 0 0 0 0 0 0 3  3   6   0  "
778472,2025-04-02,Braves,Dodgers,2,0,False,False,True,2,Bryce Elder,693821,Blake Snell,605483,"Final   1 2 3 4 5 6 7 8 9  R   H   E  
Braves  2 3 0 0 0 0 0 0 0  5   8   1  
Dodgers 0 2 0 1 0 0 0 2 1  6   9   3  "
778470,2025-04-03,Red Sox,Orioles,1,0,False,False,True,1,Tanner Houck,656557,Charlie Morton,450203,"Final   1 2 3 4 5 6 7 8 9  R   H   E  
Red Sox 2 2 0 1 0 0 2 0 1  8   11  0  
Orioles 1 0 1 1 0 0 0 0 1  4   8   0  "
778467,2025-04-03,Rockies,Phillies,0,0,True,True,True,0,Antonio Senzatela,622608,Taijuan Walker,592836,"Final    1 2 3 4 5 6 7 8 9  R   H   E  
Rockies  0 0 0 0 0 0 0 0 1  1   8   1  
Phillies 0 0 0 0 1 0 1 1 0  3   11  1  "
778462,2025-04-03,Astros,Twins,0,2,False,True,False,2,Hunter Brown,686613,Joe Ryan,657746,"Final  1 2 3 4 5 6 7 8 9  R   H   E  
Astros 0 2 0 2 0 1 0 0 0  5   9   1  
Twins  2 0 0 0 0 0 0 0 0  2   5   0  "
778466,2025-04-03,D-backs,Yankees,0,4,False,True,False,4,Merrill Kelly,518876,Carlos Carrasco,471911,"Final   1 2 3 4 5 6 7 8 9  R   H   E  
D-backs 0 1 0 2 0 0 4 0 0  7   8   0  
Yankees 4 0 2 3 0 0 0 0 0  9   12  0  "
778468,2025-04-03,Reds,Brewers,0,0,True,True,True,0,Nick Lodolo,666157,Nestor Cortes,641482,"Final   1 2 3 4 5 6 7 8 9  R   H   E  
Reds    0 0 0 0 0 0 0 0 0  0   2   1  
Brewers 0 0 0 1 0 0 0 0 0  1   5   1  "
778458,2025-04-04,White Sox,Tigers,1,0,False,False,True,1,Jonathan Cannon,686563,Jack Flaherty,656427,"Final     1 2 3 4 5 6 7 8 9  R   H   E  
White Sox 0 1 0 0 0 0 0 0 3  4   7   1  
Tigers    1 0 2 2 1 1 0 0 0  7   10  0  "
778463,2025-04-04,Cardinals,Red Sox,0,0,True,True,True,0,Erick Fedde,607200,Walker Buehler,621111,"Final     1 2 3 4 5 6 7 8 9  R   H   E  
Cardinals 0 0 1 3 1 0 1 0 3  9   14  0  
Red Sox   5 0 1 0 2 0 3 2 0  13  16  3  "
778460,2025-04-04,Padres,Cubs,0,1,False,True,False,1,Randy Vásquez,681190,Shota Imanaga,684007,"Final  1 2 3 4 5 6 7 8 9  R   H   E  
Padres 0 0 1 0 0 0 0 0 0  1   6   1  
Cubs   1 0 0 0 2 0 0 0 0  3   3   0  "
778465,2025-04-04,Blue Jays,Mets,2,0,False,False,True,2,Kevin Gausman,592332,Tylor Megill,656731,"Final     1 2 3 4 5 6 7 8 9  R   H   E  
Blue Jays 0 0 0 0 0 0 0 0 0  0   4   0  
Mets      2 0 0 0 0 3 0 0 0  5   4   0  "
778456,2025-04-04,Athletics,Rockies,1,1,False,False,False,2,Osvaldo Bido,674370,Ryan Feltner,663372,"Final     1 2 3 4 5 6 7 8 9 1011 R   H   E  
Athletics 1 0 0 1 0 1 0 0 0 0 3  6   11  0  
Rockies   1 0 0 1 0 0 0 1 0 0 0  3   11  1  "
778461,2025-04-04,Yankees,Pirates,0,0,True,True,True,0,Max Fried,608331,Mitch Keller,656605,"Final   1 2 3 4 5 6 7 8 9  R   H   E  
Yankees 0 2 2 3 0 0 2 0 0  9   13  0  
Pirates 0 0 1 0 0 0 3 0 0  4   9   2  "
778444,2025-04-04,Mariners,Giants,1,1,False,False,False,2,Luis F. Castillo,622379,Justin Verlander,434378,"Final    1 2 3 4 5 6 7 8 9 1011 R   H   E  
Mariners 1 0 2 0 2 3 0 0 0 0 1  9   15  1  
Giants   1 2 0 2 1 2 0 0 0 0 2  10  17  1  "
778457,2025-04-04,D-backs,Nationals,1,3,False,False,False,4,Brandon Pfaadt,694297,Jake Irvin,663623,"Final     1 2 3 4 5 6 7 8 9  R   H   E  
D-backs   1 0 1 0 2 0 2 0 0  6   11  0  
Nationals 3 0 0 0 0 1 0 0 0  4   8   1  "
778459,2025-04-04,Dodgers,Phillies,0,1,False,True,False,1,Yoshinobu Yamamoto,808967,Jesús Luzardo,666200,"Final    1 2 3 4 5 6 7 8 9  R   H   E  
Dodgers  0 0 0 0 0 0 0 0 2  2   5   1  
Phillies 1 0 0 0 0 0 2 0 0  3   5   0  "
778464,2025-04-04,Marlins,Braves,0,0,True,True,True,0,Max Meyer,676974,Spencer Schwellenbach,680885,"Final   1 2 3 4 5 6 7 8 9  R   H   E  
Marlins 0 0 0 0 0 0 0 0 0  0   4   0  
Braves  0 0 3 0 0 0 2 5 0  10  16  0  "
778455,2025-04-04,Orioles,Royals,0,1,False,True,False,1,Dean Kremer,665152,Seth Lugo,607625,"Final   1 2 3 4 5 6 7 8 9  R   H   E  
Orioles 0 2 0 0 0 0 0 0 0  2   6   1  
Royals  1 0 0 2 0 0 0 5 0  8   11  1  "
778454,2025-04-04,Rays,Rangers,0,0,True,True,True,0,Zack Littell,641793,Tyler Mahle,641816,"Final   1 2 3 4 5 6 7 8 9  R   H   E  
Rays    0 0 0 0 0 0 2 0 0  2   6   1  
Rangers 0 0 4 0 0 0 1 0 0  5   6   0  "
778453,2025-04-04,Reds,Brewers,0,0,True,True,True,0,Nick Martinez,607259,Tyler Alexander,641302,"Final   1 2 3 4 5 6 7 8 9  R   H   E  
Reds    0 0 0 0 0 0 0 2 0  2   5   1  
Brewers 0 1 0 0 2 0 0 0 0  3   5   1  "
778447,2025-04-04,Guardians,Angels,1,1,False,False,False,2,Gavin Williams,668909,José Soriano,667755,"Final     1 2 3 4 5 6 7 8 9  R   H   E  
Guardians 1 1 0 0 2 2 1 0 1  8   10  1  
Angels    1 0 3 0 0 0 0 0 2  6   12  0  "
778445,2025-04-05,White Sox,Tigers,2,0,False,False,True,2,Davis Martin,663436,Reese Olson,681857,"Final     1 2 3 4 5 6 7 8 9  R   H   E  
White Sox 1 0 0 0 1 0 0 0 0  2   8   0  
Tigers    2 2 3 0 0 0 0 0 0  7   10  0  "
778440,2025-04-05,Astros,Twins,1,0,False,False,True,1,Spencer Arrighetti,681293,Bailey Ober,641927,"Final  1 2 3 4 5 6 7 8 9  R   H   E  
Astros 1 0 0 0 0 0 0 0 0  1   9   2  
Twins  0 0 0 6 0 0 0 0 0  6   6   0  "
778450,2025-04-05,Padres,Cubs,0,0,True,True,True,0,Nick Pivetta,601713,Matthew Boyd,571510,"Final  1 2 3 4 5 6 7 8 9  R   H   E  
Padres 0 0 0 0 0 0 1 0 0  1   8   2  
Cubs   0 2 1 1 0 3 0 0 0  7   11  0  "
778452,2025-04-05,D-backs,Nationals,0,3,False,True,False,3,Eduardo Rodriguez,593958,Mitchell Parker,680730,"Final     1 2 3 4 5 6 7 8 9  R   H   E  
D-backs   0 0 0 0 0 1 1 0 1  3   5   0  
Nationals 3 0 0 1 0 0 0 0 0  4   6   1  "
778448,2025-04-05,Dodgers,Phillies,0,1,False,True,False,1,Roki Sasaki,808963,Aaron Nola,605400,"Final    1 2 3 4 5 6 7 8 9  R   H   E  
Dodgers  0 2 0 0 0 1 0 0 0  3   7   0  
Phillies 1 0 0 0 0 0 0 0 0  1   4   0  "
778449,2025-04-05,Yankees,Pirates,0,0,True,True,True,0,Marcus Stroman,573186,Bailey Falter,663559,"Final   1 2 3 4 5 6 7 8 9  R   H   E  
Yankees 0 1 1 0 6 0 0 1 1  10  14  0  
Pirates 0 0 0 4 0 0 0 0 0  4   4   0  "
778441,2025-04-05,Orioles,Royals,0,0,True,True,True,0,Tomoyuki Sugano,608372,Michael Wacha,608379,"Final   1 2 3 4 5 6 7 8 9  R   H   E  
Orioles 0 2 0 0 0 4 2 0 0  8   12  0  
Royals  0 0 0 0 0 1 0 0 0  1   5   0  "
778438,2025-04-05,Rays,Rangers,0,4,False,True,False,4,Taj Bradley,671737,Jacob deGrom,594798,"Final   1 2 3 4 5 6 7 8 9  R   H   E  
Rays    0 0 1 0 0 3 0 0 0  4   10  2  
Rangers 4 0 0 0 0 0 2 0 0  6   4   0  "
778446,2025-04-05,Blue Jays,Mets,0,0,True,True,True,0,Chris Bassitt,605135,Griffin Canning,656288,"Final     1 2 3 4 5 6 7 8 9  R   H   E  
Blue Jays 0 0 0 0 1 1 0 0 0  2   10  0  
Mets      0 0 0 0 0 0 0 2 1  3   8   0  "
778439,2025-04-05,Reds,Brewers,1,0,False,False,True,1,Brady Singer,663903,Elvin Rodríguez,660730,"Final   1 2 3 4 5 6 7 8 9  R   H   E  
Reds    1 3 0 3 0 0 3 0 1  11  14  1  
Brewers 0 0 0 1 4 0 2 0 0  7   12  1  "
778451,2025-04-05,Marlins,Braves,2,0,False,False,True,2,Cal Quantrill,615698,AJ Smith-Shawver,700363,"Final   1 2 3 4 5 6 7 8 9  R   H   E  
Marlins 2 0 0 1 0 0 1 0 0  4   10  0  
Braves  0 0 0 0 0 0 0 0 0  0   7   1  "
778442,2025-04-05,Athletics,Rockies,0,0,True,True,True,0,JP Sears,676664,Germán Márquez,608566,"Final     1 2 3 4 5 6 7 8 9  R   H   E  
Athletics 0 0 0 1 0 3 3 0 0  7   11  0  
Rockies   0 2 1 0 0 0 0 1 0  4   9   1  "
778436,2025-04-05,Mariners,Giants,0,0,True,True,True,0,Bryce Miller,682243,Robbie Ray,592662,"Final    1 2 3 4 5 6 7 8 9  R   H   E  
Mariners 0 0 0 0 1 0 0 0 0  1   7   0  
Giants   0 0 0 2 0 2 0 0 0  4   10  0  "
778437,2025-04-05,Guardians,Angels,1,3,False,False,False,4,Tanner Bibee,676440,Jack Kochanowicz,686799,"Final     1 2 3 4 5 6 7 8 9  R   H   E  
Guardians 1 0 2 0 0 0 0 1 0  4   7   0  
Angels    3 0 0 0 7 0 0 0 0  10  12  1  "
778429,2025-04-06,D-backs,Nationals,1,2,False,False,False,3,Corbin Burnes,669203,Trevor Williams,592866,"Final     1 2 3 4 5 6 7 8 9  R   H   E  
D-backs   1 1 0 0 1 0 0 1 0  4   9   0  
Nationals 2 1 1 0 0 1 0 0 0  5   9   0  "
778443,2025-04-06,Cardinals,Red Sox,0,0,True,True,True,0,Andre Pallante,669467,Sean Newcomb,656794,"Final     1 2 3 4 5 6 7 8 9 10 R   H   E  
Cardinals 0 0 0 1 0 1 0 2 0 0  4   11  0  
Red Sox   0 0 0 1 1 0 0 0 2 1  5   8   0  "
778432,2025-04-06,Cardinals,Red Sox,1,0,False,False,True,1,Miles Mikolas,571945,Hunter Dobbins,690928,"Final     1 2 3 4 5 6 7 8 9  R   H   E  
Cardinals 1 0 0 1 0 0 1 0 4  7   12  2  
Red Sox   1 5 4 0 1 5 2 0 0  18  21  2  "
778434,2025-04-06,Dodgers,Phillies,2,0,False,False,True,2,Tyler Glasnow,607192,Cristopher Sánchez,650911,"Final    1 2 3 4 5 6 7 8 9  R   H   E  
Dodgers  2 0 0 1 1 0 3 0 0  7   9   0  
Phillies 0 0 6 0 0 0 2 0 0  8   6   0  "
778428,2025-04-06,Yankees,Pirates,1,0,False,False,True,1,Will Warren,701542,Andrew Heaney,571760,"Final   1 2 3 4 5 6 7 8 9 1011 R   H   E  
Yankees 1 0 0 0 0 0 0 0 3 0 0  4   8   0  
Pirates 0 0 2 2 0 0 0 0 0 0 1  5   7   1  "
778435,2025-04-06,Blue Jays,Mets,0,0,True,True,True,0,Bowden Francis,670102,David Peterson,656849,"Final     1 2 3 4 5 6 7 8 9  R   H   E  
Blue Jays 0 0 0 0 1 0 0 0 0  1   4   0  
Mets      0 0 2 0 0 0 0 0 0  2   7   0  "
778433,2025-04-06,White Sox,Tigers,0,0,True,True,True,0,Martín Pérez,527048,Jackson Jobe,695549,"Final     1 2 3 4 5 6 7 8 9  R   H   E  
White Sox 2 0 0 1 0 0 0 0 0  3   4   0  
Tigers    0 1 0 0 0 0 0 0 3  4   7   1  "
778422,2025-04-06,Orioles,Royals,0,3,False,True,False,3,Cade Povich,700249,Kris Bubic,663460,"Final   1 2 3 4 5 6 7 8 9  R   H   E  
Orioles 0 0 0 0 0 0 1 0 0  1   4   1  
Royals  3 1 0 0 0 0 0 0 0  4   12  1  "
778419,2025-04-06,Astros,Twins,1,3,False,False,False,4,Ronel Blanco,669854,Chris Paddack,663978,"Final  1 2 3 4 5 6 7 8 9 10 R   H   E  
Astros 1 0 0 0 3 1 0 0 2 2  9   13  0  
Twins  3 1 0 3 0 0 0 0 0 0  7   12  1  "
778421,2025-04-06,Reds,Brewers,0,0,True,True,True,0,Carson Spiers,686730,Chad Patrick,694477,"Final   1 2 3 4 5 6 7 8 9  R   H   E  
Reds    0 0 0 0 1 0 0 1 0  2   5   1  
Brewers 0 0 2 5 0 0 1 0 0  8   8   0  "
778430,2025-04-06,Padres,Cubs,3,5,False,False,False,8,Kyle Hart,606996,Ben Brown,676962,"Final  1 2 3 4 5 6 7 8 9  R   H   E  
Padres 3 0 0 2 1 0 0 1 1  8   13  0  
Cubs   5 2 0 0 0 0 0 0 0  7   6   2  "
778420,2025-04-06,Rays,Rangers,0,0,True,True,True,0,Drew Rasmussen,656876,Kumar Rocker,677958,"Final   1 2 3 4 5 6 7 8 9  R   H   E  
Rays    0 0 0 1 0 0 0 2 0  3   7   1  
Rangers 0 0 1 0 0 1 1 0 1  4   7   0  "
778423,2025-04-06,Athletics,Rockies,2,2,False,False,False,4,Joey Estes,683155,Chase Dollander,801403,"Final     1 2 3 4 5 6 7 8 9  R   H   E  
Athletics 2 0 0 1 1 0 0 0 1  5   9   0  
Rockies   2 3 1 1 0 0 0 5 0  12  14  0  "
778427,2025-04-06,Mariners,Giants,1,0,False,False,True,1,Bryan Woo,693433,Jordan Hicks,663855,"Final    1 2 3 4 5 6 7 8 9  R   H   E  
Mariners 1 0 1 0 0 1 0 0 1  4   11  0  
Giants   0 0 0 4 0 0 0 0 1  5   7   1  "
778425,2025-04-06,Guardians,Angels,1,0,False,False,True,1,Luis L. Ortiz,682847,Tyler Anderson,542881,"Final     1 2 3 4 5 6 7 8 9  R   H   E  
Guardians 1 0 0 1 0 0 0 0 0  2   3   2  
Angels    0 2 0 0 0 1 2 1 0  6   9   0  "
778424,2025-04-07,Yankees,Tigers,0,0,True,True,True,0,Carlos Rodón,607074,Casey Mize,663554,"Final   1 2 3 4 5 6 7 8 9  R   H   E  
Yankees 0 0 0 0 1 0 0 1 0  2   7   1  
Tigers  0 0 3 0 2 0 1 0 0  6   5   2  "
778415,2025-04-07,Cardinals,Pirates,0,1,False,True,False,1,Matthew Liberatore,669461,Carmen Mlodzinski,669387,"Final     1 2 3 4 5 6 7 8 9  R   H   E  
Cardinals 0 0 0 0 1 1 0 1 1  4   9   1  
Pirates   1 3 0 0 0 0 4 0 0  8   10  1  "
778418,2025-04-07,Dodgers,Nationals,0,0,True,True,True,0,Dustin May,669160,MacKenzie Gore,669022,"Final     1 2 3 4 5 6 7 8 9  R   H   E  
Dodgers   0 0 2 0 0 0 0 2 0  4   9   2  
Nationals 0 2 1 0 0 0 3 0 0  6   9   0  "
778426,2025-04-07,Blue Jays,Red Sox,0,0,True,True,True,0,José Berríos,621244,Richard Fitts,690916,"Final     1 2 3 4 5 6 7 8 9  R   H   E  
Blue Jays 0 0 2 0 1 0 2 0 1  6   13  1  
Red Sox   0 0 1 0 0 0 0 1 0  2   5   2  "
778416,2025-04-07,Marlins,Mets,0,0,True,True,True,0,Valente Bellozo,678368,Kodai Senga,673540,"Final   1 2 3 4 5 6 7 8 9  R   H   E  
Marlins 0 0 0 0 0 0 0 0 0  0   7   0  
Mets    0 0 1 0 0 0 0 1 0  2   9   0  "
778411,2025-04-07,Rangers,Cubs,0,0,True,True,True,0,Nathan Eovaldi,543135,Justin Steele,657006,"Final   1 2 3 4 5 6 7 8 9  R   H   E  
Rangers 0 0 0 0 0 0 0 0 0  0   3   0  
Cubs    0 1 1 0 1 4 0 0 0  7   10  0  "
778412,2025-04-07,Twins,Royals,0,1,False,True,False,1,Simeon Woods Richardson,680573,Michael Lorenzen,547179,"Final  1 2 3 4 5 6 7 8 9  R   H   E  
Twins  0 1 0 0 0 0 0 0 1  2   7   0  
Royals 1 2 0 0 0 1 0 0 0  4   9   0  "
778413,2025-04-07,Orioles,D-backs,1,0,False,False,True,1,Zach Eflin,621107,Zac Gallen,668678,"Final   1 2 3 4 5 6 7 8 9  R   H   E  
Orioles 1 0 1 0 3 0 0 0 0  5   7   1  
D-backs 0 0 0 1 0 0 0 0 0  1   5   0  "
778405,2025-04-07,Astros,Mariners,0,0,True,True,True,0,Hayden Wesneski,669713,Logan Gilbert,669302,"Final    1 2 3 4 5 6 7 8 9  R   H   E  
Astros   0 0 0 0 0 1 0 2 0  3   2   0  
Mariners 0 0 0 0 2 0 0 2 0  4   4   2  "
778410,2025-04-07,Reds,Giants,0,0,True,True,True,0,Hunter Greene,668881,Logan Webb,657277,"Final  1 2 3 4 5 6 7 8 9  R   H   E  
Reds   0 0 0 0 0 0 0 2 0  2   5   0  
Giants 0 0 0 0 0 0 0 0 0  0   4   0  "
778414,2025-04-07,Padres,Athletics,3,0,False,False,True,3,Michael King,650633,Luis Severino,622663,"Final     1 2 3 4 5 6 7 8 9  R   H   E  
Padres    3 0 1 0 0 0 1 0 0  5   9   1  
Athletics 0 0 1 2 0 0 1 0 0  4   10  0  "
778403,2025-04-08,Yankees,Tigers,0,0,True,True,True,0,Carlos Carrasco,471911,Tarik Skubal,669373,"Final   1 2 3 4 5 6 7 8 9  R   H   E  
Yankees 0 0 0 0 0 0 0 0 0  0   6   0  
Tigers  0 1 0 3 1 0 0 0 0  5   9   0  "
778402,2025-04-08,White Sox,Guardians,0,0,True,True,True,0,Shane Smith,681343,Ben Lively,594902,"Final     1 2 3 4 5 6 7 8 9  R   H   E  
White Sox 0 0 0 0 0 0 0 0 0  0   2   0  
Guardians 0 0 0 0 0 0 0 0 1  1   3   1  "
778407,2025-04-08,Marlins,Mets,2,1,False,False,False,3,Connor Gillispie,687362,Clay Holmes,605280,"Final   1 2 3 4 5 6 7 8 9  R   H   E  
Marlins 2 0 0 0 0 3 0 0 0  5   7   2  
Mets    1 0 1 0 4 3 1 0 0  10  13  0  "
778408,2025-04-08,Cardinals,Pirates,0,0,True,True,True,0,Sonny Gray,543243,Paul Skenes,694973,"Final     1 2 3 4 5 6 7 8 9  R   H   E  
Cardinals 0 0 3 0 0 2 0 0 0  5   7   0  
Pirates   0 0 0 1 0 0 0 0 2  3   6   1  "
778409,2025-04-08,Dodgers,Nationals,0,2,False,True,False,2,Justin Wrobleski,680736,Brad Lord,695418,"Final     1 2 3 4 5 6 7 8 9  R   H   E  
Dodgers   0 0 0 0 1 0 0 1 0  2   8   0  
Nationals 2 3 0 3 0 0 0 0 0  8   11  1  "
778404,2025-04-08,Blue Jays,Red Sox,0,0,True,True,True,0,Easton Lucas,687922,Garrett Crochet,676979,"Final     1 2 3 4 5 6 7 8 9  R   H   E  
Blue Jays 0 0 0 0 0 4 0 2 0  6   9   1  
Red Sox   0 0 0 0 0 0 1 0 0  1   8   2  "
778417,2025-04-08,Angels,Rays,0,0,True,True,True,0,Kyle Hendricks,543294,Shane Baz,669358,"Final  1 2 3 4 5 6 7 8 9  R   H   E  
Angels 0 2 0 0 0 0 0 1 1  4   6   1  
Rays   0 0 0 0 0 0 3 0 0  3   9   0  "
778406,2025-04-08,Phillies,Braves,1,0,False,False,True,1,Zack Wheeler,554430,Chris Sale,519242,"Final    1 2 3 4 5 6 7 8 9  R   H   E  
Phillies 1 0 3 0 1 0 0 0 0  5   9   0  
Braves   0 3 0 0 0 2 1 1 0  7   11  0  "
778401,2025-04-08,Rangers,Cubs,0,0,True,True,True,0,Patrick Corbin,571578,Jameson Taillon,592791,"Final   1 2 3 4 5 6 7 8 9  R   H   E  
Rangers 0 2 1 0 0 0 2 1 0  6   12  3  
Cubs    0 3 0 0 3 0 0 4 0  10  12  0  "
778400,2025-04-08,Twins,Royals,0,0,True,True,True,0,Pablo López,641154,Cole Ragans,666142,"Final  1 2 3 4 5 6 7 8 9  R   H   E  
Twins  0 0 0 0 1 0 0 0 0  1   7   3  
Royals 0 0 0 1 0 0 0 1 0  2   3   0  "
778394,2025-04-08,Brewers,Rockies,0,0,True,True,True,0,Freddy Peralta,642547,Kyle Freeland,607536,"Final   1 2 3 4 5 6 7 8 9  R   H   E  
Brewers 0 0 4 0 0 0 3 0 0  7   11  1  
Rockies 0 0 1 0 0 0 0 0 0  1   5   1  "
778396,2025-04-08,Orioles,D-backs,2,1,False,False,False,3,Charlie Morton,450203,Merrill Kelly,518876,"Final   1 2 3 4 5 6 7 8 9  R   H   E  
Orioles 2 0 0 0 0 0 1 0 0  3   4   1  
D-backs 1 0 1 0 2 0 0 0 0  4   5   2  "
778398,2025-04-08,Astros,Mariners,0,0,True,True,True,0,Framber Valdez,664285,Luis Castillo,622491,"Final    1 2 3 4 5 6 7 8 9 101112 R   H   E  
Astros   0 0 0 0 0 0 1 0 0 0 0 1  2   8   0  
Mariners 0 0 0 0 0 0 1 0 0 0 0 0  1   5   1  "
778397,2025-04-08,Reds,Giants,0,0,True,True,True,0,Nick Lodolo,666157,Landen Roupp,694738,"Final  1 2 3 4 5 6 7 8 9  R   H   E  
Reds   0 0 1 0 0 0 0 0 0  1   8   1  
Giants 0 0 0 0 0 0 0 0 0  0   4   0  "
778395,2025-04-08,Padres,Athletics,3,6,False,False,False,9,Dylan Cease,656302,Jeffrey Springs,605488,"Final     1 2 3 4 5 6 7 8 9  R   H   E  
Padres    3 1 0 0 0 0 0 0 0  4   11  1  
Athletics 6 0 3 0 0 0 1 0 0  10  13  1  "
778389,2025-04-09,Cardinals,Pirates,0,0,True,True,True,0,Erick Fedde,607200,Mitch Keller,656605,"Final     1 2 3 4 5 6 7 8 9 10111213 R   H   E  
Cardinals 0 0 0 0 0 0 0 0 0 0 0 1 0  1   7   1  
Pirates   0 0 0 0 0 0 0 0 0 0 0 1 1  2   5   0  "
778390,2025-04-09,Marlins,Mets,0,0,True,True,True,0,Max Meyer,676974,Tylor Megill,656731,"Final   1 2 3 4 5 6 7 8 9  R   H   E  
Marlins 0 0 0 0 2 0 0 0 3  5   10  0  
Mets    0 0 0 0 0 0 0 0 0  0   2   1  "
778387,2025-04-09,Yankees,Tigers,0,0,True,True,True,0,Max Fried,608331,Jack Flaherty,656427,"Final   1 2 3 4 5 6 7 8 9  R   H   E  
Yankees 0 0 0 0 0 0 2 0 2  4   7   0  
Tigers  0 0 0 0 0 0 0 0 3  3   8   1  "
778385,2025-04-09,Rangers,Cubs,1,0,False,False,True,1,Tyler Mahle,641816,Shota Imanaga,684007,"Final   1 2 3 4 5 6 7 8 9  R   H   E  
Rangers 1 0 0 0 4 0 1 0 0  6   11  0  
Cubs    0 0 0 1 0 0 0 0 1  2   4   0  "
778381,2025-04-09,Padres,Athletics,0,0,True,True,True,0,Randy Vásquez,681190,Osvaldo Bido,674370,"Final     1 2 3 4 5 6 7 8 9  R   H   E  
Padres    0 0 1 0 1 0 0 0 0  2   12  0  
Athletics 0 1 0 0 0 0 0 0 0  1   2   0  "
778380,2025-04-09,Orioles,D-backs,0,1,False,True,False,1,Dean Kremer,665152,Brandon Pfaadt,694297,"Final   1 2 3 4 5 6 7 8 9  R   H   E  
Orioles 0 0 0 0 0 0 0 0 0  0   4   0  
D-backs 1 0 1 0 5 0 0 2 0  9   14  0  "
778376,2025-04-09,Reds,Giants,0,0,True,True,True,0,Nick Martinez,607259,Justin Verlander,434378,"Final  1 2 3 4 5 6 7 8 9 10 R   H   E  
Reds   0 0 5 0 0 1 0 0 0 0  6   6   1  
Giants 0 0 0 1 0 4 0 1 0 2  8   12  1  "
778392,2025-04-09,Dodgers,Nationals,4,3,False,False,False,7,Landon Knack,689017,Jake Irvin,663623,"Final     1 2 3 4 5 6 7 8 9  R   H   E  
Dodgers   4 0 0 0 0 0 2 0 0  6   8   0  
Nationals 3 0 2 0 0 0 0 0 0  5   5   0  "
778383,2025-04-09,Astros,Mariners,0,0,True,True,True,0,Hunter Brown,686613,Luis F. Castillo,622379,"Final    1 2 3 4 5 6 7 8 9  R   H   E  
Astros   0 3 1 0 0 0 0 1 1  6   10  0  
Mariners 0 0 0 0 0 0 0 4 3  7   7   2  "
778391,2025-04-09,White Sox,Guardians,2,0,False,False,True,2,Sean Burke,680732,Logan Allen,671106,"Final     1 2 3 4 5 6 7 8 9  R   H   E  
White Sox 1 0 0 0 0 0 0 0 1  2   8   0  
Guardians 2 0 1 0 0 0 0 0 0  3   3   1  "
778386,2025-04-09,Blue Jays,Red Sox,0,0,True,True,True,0,Kevin Gausman,592332,Tanner Houck,656557,"Final     1 2 3 4 5 6 7 8 9 1011 R   H   E  
Blue Jays 1 0 0 0 0 0 0 0 0 0 1  2   6   1  
Red Sox   1 0 0 0 0 0 0 0 0 0 0  1   4   0  "
778399,2025-04-09,Angels,Rays,0,4,False,True,False,4,Yusei Kikuchi,579328,Ryan Pepiot,686752,"Final  1 2 3 4 5 6 7 8 9  R   H   E  
Angels 0 1 0 1 1 0 0 1 0  4   7   0  
Rays   4 0 0 0 0 0 1 0 0  5   7   0  "
778393,2025-04-09,Phillies,Braves,0,0,True,True,True,0,Taijuan Walker,592836,Grant Holmes,656550,"Final    1 2 3 4 5 6 7 8 9  R   H   E  
Phillies 0 0 0 0 0 1 2 0 1  4   9   0  
Braves   0 0 0 0 0 2 1 0 0  3   10  0  "
778388,2025-04-09,Twins,Royals,0,0,True,True,True,0,Joe Ryan,657746,Seth Lugo,607625,"Final  1 2 3 4 5 6 7 8 9  R   H   E  
Twins  0 0 0 1 0 1 0 1 1  4   7   0  
Royals 0 0 0 0 0 0 0 0 0  0   3   0  "
778379,2025-04-09,Brewers,Rockies,0,0,True,True,True,0,Tyler Alexander,641302,Antonio Senzatela,622608,"Final   1 2 3 4 5 6 7 8 9  R   H   E  
Brewers 0 0 5 0 5 0 0 0 7  17  13  0  
Rockies 0 0 1 1 0 0 0 0 0  2   8   4  "
778382,2025-04-10,Angels,Rays,1,0,False,False,True,1,José Soriano,667755,Zack Littell,641793,"Final  1 2 3 4 5 6 7 8 9  R   H   E  
Angels 1 1 0 0 8 0 0 0 1  11  14  1  
Rays   0 0 0 1 0 0 0 0 0  1   6   1  "
778378,2025-04-10,White Sox,Guardians,2,0,False,False,True,2,Jonathan Cannon,686563,Gavin Williams,668909,"Final     1 2 3 4 5 6 7 8 9  R   H   E  
White Sox 1 0 0 0 0 0 0 0 0  1   5   2  
Guardians 2 0 2 1 0 1 0 0 0  6   10  0  "
778373,2025-04-10,Twins,Royals,0,1,False,True,False,1,Bailey Ober,641927,Michael Wacha,608379,"Final  1 2 3 4 5 6 7 8 9  R   H   E  
Twins  0 1 0 0 0 1 0 0 0  2   5   2  
Royals 1 0 0 0 0 0 2 0 0  3   7   1  "
778371,2025-04-10,Brewers,Rockies,0,1,False,True,False,1,Quinn Priester,682990,Ryan Feltner,663372,"Final   1 2 3 4 5 6 7 8 9  R   H   E  
Brewers 0 0 0 1 0 0 0 1 0  2   4   0  
Rockies 1 0 0 0 0 0 1 5 0  7   12  1  "
778377,2025-04-10,Blue Jays,Red Sox,0,0,True,True,True,0,Chris Bassitt,605135,Walker Buehler,621111,"Final     1 2 3 4 5 6 7 8 9 10 R   H   E  
Blue Jays 0 0 0 0 0 0 2 0 0 1  3   8   2  
Red Sox   0 0 0 0 0 1 0 1 0 2  4   8   2  "
778384,2025-04-10,Phillies,Braves,0,1,False,True,False,1,Jesús Luzardo,666200,Spencer Schwellenbach,680885,"Final    1 2 3 4 5 6 7 8 9 1011 R   H   E  
Phillies 0 0 1 0 0 0 0 0 0 0 1  2   7   0  
Braves   1 0 0 0 0 0 0 0 0 0 3  4   9   0  "
778375,2025-04-11,Royals,Guardians,0,0,True,True,True,0,Kris Bubic,663460,Tanner Bibee,676440,"Final     1 2 3 4 5 6 7 8 9  R   H   E  
Royals    0 0 0 0 0 0 0 0 0  0   5   3  
Guardians 0 0 0 3 0 0 0 4 0  7   11  0  "
778374,2025-04-11,Pirates,Reds,0,3,False,True,False,3,Bailey Falter,663559,Brady Singer,663903,"Final   1 2 3 4 5 6 7 8 9  R   H   E  
Pirates 0 0 0 0 3 0 0 0 0  3   4   1  
Reds    3 0 2 0 0 0 0 0 0  5   4   0  "
778367,2025-04-11,Braves,Rays,1,0,False,False,True,1,Bryce Elder,693821,Taj Bradley,671737,"Final  1 2 3 4 5 6 7 8 9  R   H   E  
Braves 1 0 0 0 0 0 0 2 0  3   8   1  
Rays   0 0 1 2 0 2 0 1 0  6   11  1  "
778369,2025-04-11,Nationals,Marlins,0,0,True,True,True,0,Mitchell Parker,680730,Edward Cabrera,665795,"Final     1 2 3 4 5 6 7 8 9  R   H   E  
Nationals 0 0 0 0 0 2 0 3 2  7   9   3  
Marlins   0 0 0 0 4 0 0 0 0  4   7   0  "
778366,2025-04-11,Red Sox,White Sox,0,0,True,True,True,0,Sean Newcomb,656794,Davis Martin,663436,"Final     1 2 3 4 5 6 7 8 9  R   H   E  
Red Sox   0 0 0 0 0 0 1 0 0  1   7   5  
White Sox 0 2 0 4 1 0 2 2 0  11  12  1  "
778368,2025-04-11,Angels,Astros,0,0,True,True,True,0,Jack Kochanowicz,686799,Ronel Blanco,669854,"Final  1 2 3 4 5 6 7 8 9  R   H   E  
Angels 0 0 0 1 1 0 0 1 0  3   8   1  
Astros 0 1 0 0 6 4 0 3 0  14  17  0  "
778363,2025-04-11,Tigers,Twins,0,0,True,True,True,0,Reese Olson,681857,David Festa,701581,"Final  1 2 3 4 5 6 7 8 9  R   H   E  
Tigers 0 0 0 0 1 4 1 1 0  7   10  0  
Twins  0 1 0 0 3 0 1 0 1  6   12  2  "
778365,2025-04-11,Phillies,Cardinals,0,0,True,True,True,0,Aaron Nola,605400,Andre Pallante,669467,"Final     1 2 3 4 5 6 7 8 9  R   H   E  
Phillies  0 0 0 0 0 0 0 0 0  0   3   1  
Cardinals 0 0 0 0 2 0 0 0 0  2   9   1  "
778361,2025-04-11,Rockies,Padres,0,0,True,True,True,0,Germán Márquez,608566,Nick Pivetta,601713,"Final   1 2 3 4 5 6 7 8 9  R   H   E  
Rockies 0 0 0 0 0 0 0 0 0  0   3   2  
Padres  0 0 0 0 6 1 1 0 0  8   10  0  "
778360,2025-04-11,Rangers,Mariners,0,1,False,True,False,1,Jacob deGrom,594798,Bryce Miller,682243,"Final    1 2 3 4 5 6 7 8 9  R   H   E  
Rangers  0 0 0 1 0 2 0 0 0  3   8   0  
Mariners 1 1 0 1 0 0 0 2 0  5   6   0  "
778364,2025-04-11,Brewers,D-backs,0,0,True,True,True,0,Jose Quintana,500779,Eduardo Rodriguez,593958,"Final   1 2 3 4 5 6 7 8 9  R   H   E  
Brewers 0 0 0 1 2 0 0 0 4  7   10  1  
D-backs 0 0 0 0 0 0 0 0 0  0   4   0  "
778358,2025-04-11,Mets,Athletics,0,0,True,True,True,0,Griffin Canning,656288,JP Sears,676664,"Final     1 2 3 4 5 6 7 8 9  R   H   E  
Mets      0 2 0 0 1 3 0 1 0  7   9   0  
Athletics 0 1 0 0 0 3 0 0 2  6   9   2  "
778356,2025-04-11,Cubs,Dodgers,0,0,True,True,True,0,Matthew Boyd,571510,Yoshinobu Yamamoto,808967,"Final   1 2 3 4 5 6 7 8 9  R   H   E  
Cubs    0 0 0 0 0 0 0 0 0  0   2   0  
Dodgers 0 0 0 0 0 3 0 0 0  3   6   0  "
778348,2025-04-12,Tigers,Twins,1,0,False,False,True,1,Jackson Jobe,695549,Chris Paddack,663978,"Final  1 2 3 4 5 6 7 8 9  R   H   E  
Tigers 1 0 0 1 0 2 0 0 0  4   5   0  
Twins  0 0 0 0 0 0 0 0 0  0   4   1  "
778347,2025-04-12,Phillies,Cardinals,2,0,False,False,True,2,Cristopher Sánchez,650911,Miles Mikolas,571945,"Final     1 2 3 4 5 6 7 8 9  R   H   E  
Phillies  2 0 0 0 1 0 1 0 0  4   8   1  
Cardinals 0 0 0 0 0 1 0 0 0  1   9   0  "
778355,2025-04-12,Giants,Yankees,0,2,False,True,False,2,Jordan Hicks,663855,Will Warren,701542,"Final   1 2 3 4 5 6 7 8 9  R   H   E  
Giants  0 2 0 0 0 2 0 0 0  4   6   0  
Yankees 2 0 0 0 5 1 0 0 0  8   11  1  "
778346,2025-04-12,Mets,Athletics,0,0,True,True,True,0,David Peterson,656849,J.T. Ginn,669372,"Final     1 2 3 4 5 6 7 8 9  R   H   E  
Mets      0 0 0 0 0 1 0 0 0  1   6   1  
Athletics 0 0 0 2 0 0 1 0 0  3   9   1  "
778362,2025-04-12,Blue Jays,Orioles,0,0,True,True,True,0,Bowden Francis,670102,Tomoyuki Sugano,608372,"Final     1 2 3 4 5 6 7 8 9  R   H   E  
Blue Jays 1 1 1 0 0 0 1 0 0  4   10  2  
Orioles   0 0 0 0 2 3 0 0 0  5   4   0  "
778353,2025-04-12,Braves,Rays,0,1,False,True,False,1,AJ Smith-Shawver,700363,Drew Rasmussen,656876,"Final  1 2 3 4 5 6 7 8 9  R   H   E  
Braves 0 0 0 0 0 0 1 2 2  5   15  0  
Rays   1 0 1 0 0 0 1 0 1  4   12  0  "
778349,2025-04-12,Red Sox,White Sox,0,0,True,True,True,0,Richard Fitts,690916,Martín Pérez,527048,"Final     1 2 3 4 5 6 7 8 9  R   H   E  
Red Sox   0 0 0 0 2 0 0 0 0  2   7   0  
White Sox 0 0 0 0 0 2 0 0 1  3   4   0  "
778354,2025-04-12,Nationals,Marlins,0,0,True,True,True,0,Trevor Williams,592866,Sandy Alcantara,645261,"Final     1 2 3 4 5 6 7 8 9  R   H   E  
Nationals 0 0 0 3 0 1 2 0 0  6   7   0  
Marlins   0 1 2 0 3 1 0 0 0  7   11  0  "
778359,2025-04-12,Royals,Guardians,0,0,True,True,True,0,Michael Lorenzen,547179,Luis L. Ortiz,682847,"Final     1 2 3 4 5 6 7 8 9  R   H   E  
Royals    0 0 0 1 0 0 0 0 2  3   6   0  
Guardians 0 0 0 1 1 1 0 3 0  6   9   0  "
778357,2025-04-12,Pirates,Reds,0,0,True,True,True,0,Andrew Heaney,571760,Andrew Abbott,671096,"Final   1 2 3 4 5 6 7 8 9  R   H   E  
Pirates 0 0 0 0 1 0 1 0 0  2   4   1  
Reds    0 0 4 0 0 0 1 0 0  5   4   0  "
778351,2025-04-12,Angels,Astros,2,0,False,False,True,2,Tyler Anderson,542881,Ryan Gusto,687473,"Final  1 2 3 4 5 6 7 8 9  R   H   E  
Angels 2 0 0 1 1 0 0 0 0  4   8   0  
Astros 0 0 0 0 0 0 0 1 0  1   3   0  "
778350,2025-04-12,Brewers,D-backs,0,0,True,True,True,0,Chad Patrick,694477,Corbin Burnes,669203,"Final   1 2 3 4 5 6 7 8 9  R   H   E  
Brewers 0 2 0 0 0 1 0 0 1  4   6   0  
D-backs 0 0 0 0 0 0 0 0 5  5   10  0  "
778352,2025-04-12,Rockies,Padres,0,1,False,True,False,1,Chase Dollander,801403,Kyle Hart,606996,"Final   1 2 3 4 5 6 7 8 9  R   H   E  
Rockies 0 0 0 0 0 0 0 0 0  0   4   1  
Padres  1 0 0 0 1 0 0 0 0  2   3   0  "
778345,2025-04-12,Cubs,Dodgers,0,0,True,True,True,0,Ben Brown,676962,Roki Sasaki,808963,"Final   1 2 3 4 5 6 7 8 9  R   H   E  
Cubs    0 1 0 0 0 1 5 4 5  16  21  0  
Dodgers 0 0 0 0 0 0 0 0 0  0   6   1  "
778341,2025-04-12,Rangers,Mariners,1,0,False,False,True,1,Kumar Rocker,677958,Bryan Woo,693433,"Final    1 2 3 4 5 6 7 8 9  R   H   E  
Rangers  1 0 0 0 0 0 0 0 1  2   9   0  
Mariners 0 0 4 0 1 0 4 0 0  9   11  0  "
778344,2025-04-13,Blue Jays,Orioles,1,0,False,False,True,1,José Berríos,621244,Cade Povich,700249,"Final     1 2 3 4 5 6 7 8 9 10 R   H   E  
Blue Jays 0 1 1 0 0 1 0 3 0 1  7   16  2  
Orioles   1 1 1 1 0 2 0 0 0 0  6   9   0  "
778339,2025-04-13,Giants,Yankees,0,1,False,True,False,1,Logan Webb,657277,Carlos Rodón,607074,"Final   1 2 3 4 5 6 7 8 9  R   H   E  
Giants  0 0 0 1 0 3 1 0 0  5   4   0  
Yankees 1 2 0 0 0 0 0 1 0  4   6   1  "
778342,2025-04-13,Royals,Guardians,0,0,True,True,True,0,Cole Ragans,666142,Ben Lively,594902,"Final     1 2 3 4 5 6 7 8 9  R   H   E  
Royals    0 0 0 2 2 0 0 0 0  4   9   1  
Guardians 0 2 0 0 0 0 0 0 0  2   5   0  "
778343,2025-04-13,Pirates,Reds,0,0,True,True,True,0,Carmen Mlodzinski,669387,Hunter Greene,668881,"Final   1 2 3 4 5 6 7 8 9  R   H   E  
Pirates 0 0 0 0 0 0 0 0 0  0   2   0  
Reds    0 0 2 0 2 0 0 0 0  4   6   0  "
778340,2025-04-13,Braves,Rays,0,2,False,True,False,2,Chris Sale,519242,Joe Boyle,671212,"Final  1 2 3 4 5 6 7 8 9  R   H   E  
Braves 0 0 0 0 0 3 0 0 0  3   4   1  
Rays   2 0 0 1 1 4 0 0 0  8   9   2  "
778337,2025-04-13,Nationals,Marlins,0,0,True,True,True,0,MacKenzie Gore,669022,Cal Quantrill,615698,"Final     1 2 3 4 5 6 7 8 9  R   H   E  
Nationals 0 1 0 2 0 0 0 0 1  4   10  0  
Marlins   0 1 0 2 0 1 3 4 0  11  14  1  "
778329,2025-04-13,Angels,Astros,1,0,False,False,True,1,Kyle Hendricks,543294,Hayden Wesneski,669713,"Final  1 2 3 4 5 6 7 8 9  R   H   E  
Angels 1 1 0 0 0 1 0 0 0  3   9   0  
Astros 0 5 0 0 0 1 1 0 0  7   6   0  "
778335,2025-04-13,Tigers,Twins,0,1,False,True,False,1,Casey Mize,663554,Simeon Woods Richardson,680573,"Final  1 2 3 4 5 6 7 8 9  R   H   E  
Tigers 0 0 0 1 0 0 0 0 0  1   5   0  
Twins  1 1 0 0 0 2 0 1 0  5   9   0  "
778338,2025-04-13,Red Sox,White Sox,0,0,True,True,True,0,Garrett Crochet,676979,Shane Smith,681343,"Final     1 2 3 4 5 6 7 8 9  R   H   E  
Red Sox   0 0 0 0 0 2 0 0 1  3   9   0  
White Sox 0 0 0 0 0 0 0 1 0  1   4   1  "
778336,2025-04-13,Phillies,Cardinals,0,0,True,True,True,0,Zack Wheeler,554430,Matthew Liberatore,669461,"Final     1 2 3 4 5 6 7 8 9  R   H   E  
Phillies  0 0 0 0 0 0 0 0 0  0   3   0  
Cardinals 0 0 0 2 0 2 1 2 0  7   10  0  "
778333,2025-04-13,Mets,Athletics,0,0,True,True,True,0,Kodai Senga,673540,Luis Severino,622663,"Final     1 2 3 4 5 6 7 8 9  R   H   E  
Mets      0 0 0 0 0 1 2 1 4  8   11  1  
Athletics 0 0 0 0 0 0 0 0 0  0   5   2  "
778330,2025-04-13,Rockies,Padres,0,4,False,True,False,4,Kyle Freeland,607536,Michael King,650633,"Final   1 2 3 4 5 6 7 8 9  R   H   E  
Rockies 0 0 0 0 0 0 0 0 0  0   2   0  
Padres  4 0 0 1 0 0 1 0 0  6   11  0  "
778334,2025-04-13,Rangers,Mariners,0,2,False,True,False,2,Nathan Eovaldi,543135,Logan Gilbert,669302,"Final    1 2 3 4 5 6 7 8 9  R   H   E  
Rangers  0 1 0 0 0 0 0 0 0  1   4   1  
Mariners 2 0 0 0 0 1 0 0 0  3   6   0  "
778332,2025-04-13,Brewers,D-backs,2,0,False,False,True,2,Freddy Peralta,642547,Zac Gallen,668678,"Final   1 2 3 4 5 6 7 8 9  R   H   E  
Brewers 2 0 0 0 0 0 0 0 0  2   6   1  
D-backs 0 0 0 0 1 1 1 2 0  5   7   0  "
778331,2025-04-13,Cubs,Dodgers,0,0,True,True,True,0,Colin Rea,607067,Tyler Glasnow,607192,"Final   1 2 3 4 5 6 7 8 9  R   H   E  
Cubs    0 0 1 0 0 1 1 1 0  4   8   0  
Dodgers 0 1 0 0 0 1 0 0 0  2   7   0  "
778321,2025-04-14,Nationals,Pirates,0,1,False,True,False,1,Brad Lord,695418,Paul Skenes,694973,"Final     1 2 3 4 5 6 7 8 9  R   H   E  
Nationals 0 0 0 0 0 2 0 1 0  3   6   0  
Pirates   1 0 1 0 3 0 0 5 0  10  14  4  "
778320,2025-04-14,Giants,Phillies,0,3,False,True,False,3,Landen Roupp,694738,Taijuan Walker,592836,"Final    1 2 3 4 5 6 7 8 9  R   H   E  
Giants   0 6 0 0 0 0 2 0 2  10  12  0  
Phillies 3 0 0 0 1 0 0 0 0  4   8   1  "
778328,2025-04-14,Red Sox,Rays,1,0,False,False,True,1,Tanner Houck,656557,Shane Baz,669358,"Final   1 2 3 4 5 6 7 8 9  R   H   E  
Red Sox 0 0 1 0 0 0 0 0 0  1   6   1  
Rays    1 4 9 0 1 0 0 1 0  16  16  0  "
778327,2025-04-14,Royals,Yankees,0,0,True,True,True,0,Seth Lugo,607625,Carlos Carrasco,471911,"Final   1 2 3 4 5 6 7 8 9  R   H   E  
Royals  0 0 1 0 0 0 0 0 0  1   2   0  
Yankees 0 0 0 1 3 0 0 0 0  4   9   0  "
778322,2025-04-14,Braves,Blue Jays,2,0,False,False,True,2,Grant Holmes,656550,Easton Lucas,687922,"Final     1 2 3 4 5 6 7 8 9  R   H   E  
Braves    2 0 2 0 4 0 0 0 0  8   6   0  
Blue Jays 0 0 0 0 0 1 0 2 1  4   5   0  "
778324,2025-04-14,Mets,Twins,0,0,True,True,True,0,Clay Holmes,605280,Joe Ryan,657746,"Final 1 2 3 4 5 6 7 8 9  R   H   E  
Mets  0 0 1 0 0 2 2 0 0  5   7   0  
Twins 0 0 0 0 1 0 0 0 0  1   3   2  "
778323,2025-04-14,Tigers,Brewers,2,0,False,False,True,2,Tarik Skubal,669373,Tyler Alexander,641302,"Final   1 2 3 4 5 6 7 8 9  R   H   E  
Tigers  2 2 0 4 1 0 0 0 0  9   9   0  
Brewers 0 0 0 0 0 0 0 0 1  1   5   2  "
778325,2025-04-14,Astros,Cardinals,0,0,True,True,True,0,Framber Valdez,664285,Sonny Gray,543243,"Final     1 2 3 4 5 6 7 8 9  R   H   E  
Astros    0 0 0 0 0 0 0 0 3  3   7   2  
Cardinals 0 0 1 3 3 0 1 0 0  8   14  0  "
778315,2025-04-14,Cubs,Padres,0,0,True,True,True,0,Jameson Taillon,592791,Dylan Cease,656302,"Final  1 2 3 4 5 6 7 8 9  R   H   E  
Cubs   0 0 0 3 0 0 0 1 0  4   11  0  
Padres 0 0 1 0 0 2 3 4 0  10  12  1  "
778326,2025-04-14,Rockies,Dodgers,0,2,False,True,False,2,Antonio Senzatela,622608,Dustin May,669160,"Final   1 2 3 4 5 6 7 8 9  R   H   E  
Rockies 0 0 0 0 0 1 2 0 0  3   8   1  
Dodgers 2 0 1 0 1 1 0 0 0  5   10  1  "
778314,2025-04-15,Nationals,Pirates,1,0,False,False,True,1,Jake Irvin,663623,Mitch Keller,656605,"Final     1 2 3 4 5 6 7 8 9  R   H   E  
Nationals 1 0 0 0 0 2 0 0 0  3   8   1  
Pirates   0 0 0 0 0 0 0 0 0  0   4   1  "
778316,2025-04-15,Mariners,Reds,1,0,False,False,True,1,Luis Castillo,622491,Nick Lodolo,666157,"Final    1 2 3 4 5 6 7 8 9  R   H   E  
Mariners 1 1 0 0 2 0 0 0 0  4   6   1  
Reds     0 0 2 0 4 0 0 2 0  8   9   0  "
778318,2025-04-15,D-backs,Marlins,0,0,True,True,True,0,Merrill Kelly,518876,Connor Gillispie,687362,"Final   1 2 3 4 5 6 7 8 9  R   H   E  
D-backs 0 4 1 0 0 5 0 0 0  10  12  0  
Marlins 0 1 0 0 0 0 2 0 1  4   9   1  "
778313,2025-04-15,Giants,Phillies,0,0,True,True,True,0,Justin Verlander,434378,Jesús Luzardo,666200,"Final    1 2 3 4 5 6 7 8 9  R   H   E  
Giants   0 0 0 2 0 1 0 1 0  4   8   1  
Phillies 0 2 0 0 0 2 2 0 0  6   10  0  "
778317,2025-04-15,Guardians,Orioles,0,0,True,True,True,0,Logan Allen,671106,Charlie Morton,450203,"Final     1 2 3 4 5 6 7 8 9  R   H   E  
Guardians 0 0 1 0 3 2 0 0 0  6   11  1  
Orioles   0 0 0 0 0 0 1 2 0  3   8   0  "
778319,2025-04-15,Red Sox,Rays,0,0,True,True,True,0,Walker Buehler,621111,Ryan Pepiot,686752,"Final   1 2 3 4 5 6 7 8 9  R   H   E  
Red Sox 1 2 2 1 0 0 1 0 0  7   12  0  
Rays    0 1 0 1 0 0 0 0 2  4   7   0  "
778312,2025-04-15,Royals,Yankees,0,0,True,True,True,0,Michael Wacha,608379,Max Fried,608331,"Final   1 2 3 4 5 6 7 8 9  R   H   E  
Royals  0 0 2 0 0 0 0 0 0  2   5   1  
Yankees 0 0 0 0 0 4 0 0 0  4   6   0  "
778311,2025-04-15,Braves,Blue Jays,1,0,False,False,True,1,Spencer Schwellenbach,680885,Kevin Gausman,592332,"Final     1 2 3 4 5 6 7 8 9  R   H   E  
Braves    1 0 0 0 0 1 0 0 1  3   8   0  
Blue Jays 0 0 1 0 5 0 0 0 0  6   6   0  "
778307,2025-04-15,Mets,Twins,1,0,False,False,True,1,Tylor Megill,656731,Bailey Ober,641927,"Final 1 2 3 4 5 6 7 8 9  R   H   E  
Mets  1 0 0 1 0 0 1 0 0  3   7   1  
Twins 0 0 2 1 1 1 1 0 0  6   13  1  "
778309,2025-04-15,Athletics,White Sox,3,0,False,False,True,3,Jeffrey Springs,605488,Sean Burke,680732,"Final     1 2 3 4 5 6 7 8 9  R   H   E  
Athletics 3 1 1 0 0 4 0 0 3  12  13  1  
White Sox 3 0 0 0 0 0 0 0 0  3   6   1  "
778310,2025-04-15,Tigers,Brewers,0,0,True,True,True,0,Jack Flaherty,656427,Quinn Priester,682990,"Final   1 2 3 4 5 6 7 8 9  R   H   E  
Tigers  0 0 0 0 0 0 0 0 0  0   1   1  
Brewers 0 2 0 1 0 0 2 0 0  5   9   0  "
778308,2025-04-15,Astros,Cardinals,0,0,True,True,True,0,Hunter Brown,686613,Erick Fedde,607200,"Final     1 2 3 4 5 6 7 8 9  R   H   E  
Astros    0 0 0 0 0 1 0 1 0  2   7   0  
Cardinals 0 0 0 0 0 0 0 0 0  0   6   0  "
778306,2025-04-15,Angels,Rangers,0,0,True,True,True,0,Yusei Kikuchi,579328,Tyler Mahle,641816,"Final   1 2 3 4 5 6 7 8 9  R   H   E  
Angels  0 0 0 0 0 0 0 0 0  0   5   3  
Rangers 0 0 0 0 0 1 1 2 0  4   8   0  "
778305,2025-04-15,Cubs,Padres,0,0,True,True,True,0,Shota Imanaga,684007,Randy Vásquez,681190,"Final  1 2 3 4 5 6 7 8 9 10 R   H   E  
Cubs   0 0 0 0 0 1 0 0 0 1  2   10  2  
Padres 0 0 0 0 1 0 0 0 0 0  1   5   1  "
778302,2025-04-15,Rockies,Dodgers,0,0,True,True,True,0,Ryan Feltner,663372,Landon Knack,689017,"Final   1 2 3 4 5 6 7 8 9  R   H   E  
Rockies 0 0 0 2 0 0 0 0 0  2   5   0  
Dodgers 0 1 4 0 0 0 0 1 0  6   10  0  "
778297,2025-04-16,Braves,Blue Jays,0,0,True,True,True,0,Spencer Strider,675911,Chris Bassitt,605135,"Final     1 2 3 4 5 6 7 8 9  R   H   E  
Braves    0 0 0 0 0 0 0 0 1  1   5   1  
Blue Jays 0 0 1 0 0 1 1 0 0  3   6   1  "
778299,2025-04-16,Mets,Twins,0,0,True,True,True,0,Huascar Brazobán,623211,David Festa,701581,"Final 1 2 3 4 5 6 7 8 9 10 R   H   E  
Mets  0 0 0 0 0 0 0 3 0 0  3   10  0  
Twins 0 0 0 0 2 1 0 0 0 1  4   9   0  "
778295,2025-04-16,Tigers,Brewers,0,0,True,True,True,0,Keider Montero,672456,Jose Quintana,500779,"Final   1 2 3 4 5 6 7 8 9  R   H   E  
Tigers  0 0 0 0 0 1 0 0 0  1   7   1  
Brewers 0 1 3 0 0 1 0 0 0  5   8   1  "
778290,2025-04-16,Astros,Cardinals,1,0,False,False,True,1,Ronel Blanco,669854,Steven Matz,571927,"Final     1 2 3 4 5 6 7 8 9  R   H   E  
Astros    1 0 0 0 0 0 0 0 0  1   4   1  
Cardinals 0 0 0 0 3 1 0 0 0  4   8   0  "
778288,2025-04-16,Cubs,Padres,0,0,True,True,True,0,Matthew Boyd,571510,Nick Pivetta,601713,"Final  1 2 3 4 5 6 7 8 9  R   H   E  
Cubs   0 0 1 0 0 0 0 1 0  2   6   1  
Padres 0 0 2 0 0 0 1 1 0  4   7   0  "
778301,2025-04-16,Guardians,Orioles,0,0,True,True,True,0,Gavin Williams,668909,Dean Kremer,665152,"Final     1 2 3 4 5 6 7 8 9  R   H   E  
Guardians 0 0 1 0 0 0 0 0 0  1   8   0  
Orioles   0 4 0 0 0 0 1 4 0  9   7   0  "
778293,2025-04-16,Nationals,Pirates,0,0,True,True,True,0,Mitchell Parker,680730,Bailey Falter,663559,"Final     1 2 3 4 5 6 7 8 9  R   H   E  
Nationals 0 0 0 0 0 0 0 0 1  1   3   0  
Pirates   0 0 0 0 1 0 5 0 0  6   8   0  "
778304,2025-04-16,Mariners,Reds,1,0,False,False,True,1,Bryce Miller,682243,Nick Martinez,607259,"Final    1 2 3 4 5 6 7 8 9  R   H   E  
Mariners 1 1 0 1 1 0 1 0 0  5   10  0  
Reds     0 0 0 0 0 0 3 0 0  3   10  1  "
778303,2025-04-16,D-backs,Marlins,0,0,True,True,True,0,Brandon Pfaadt,694297,Max Meyer,676974,"Final   1 2 3 4 5 6 7 8 9  R   H   E  
D-backs 0 1 0 0 1 1 1 2 0  6   9   0  
Marlins 0 0 0 1 0 0 0 1 0  2   7   0  "
778296,2025-04-16,Giants,Phillies,4,2,False,False,False,6,Robbie Ray,592662,Aaron Nola,605400,"Final    1 2 3 4 5 6 7 8 9  R   H   E  
Giants   4 0 0 0 1 2 4 0 0  11  13  1  
Phillies 2 0 0 2 0 0 0 0 0  4   7   1  "
778298,2025-04-16,Red Sox,Rays,0,0,True,True,True,0,Sean Newcomb,656794,Zack Littell,641793,"Final   1 2 3 4 5 6 7 8 9  R   H   E  
Red Sox 0 0 1 0 0 0 0 0 0  1   5   0  
Rays    0 0 0 0 0 0 0 0 0  0   5   0  "
778300,2025-04-16,Royals,Yankees,1,0,False,False,True,1,Kris Bubic,663460,Clarke Schmidt,657376,"Final   1 2 3 4 5 6 7 8 9  R   H   E  
Royals  1 0 0 0 2 0 0 0 0  3   5   0  
Yankees 0 0 2 1 0 0 1 0 0  4   8   0  "
778294,2025-04-16,Athletics,White Sox,0,0,True,True,True,0,Osvaldo Bido,674370,Jonathan Cannon,686563,"Final     1 2 3 4 5 6 7 8 9  R   H   E  
Athletics 0 0 0 0 0 3 0 0 0  3   8   0  
White Sox 0 0 1 0 0 0 0 0 0  1   7   1  "
778289,2025-04-16,Angels,Rangers,0,0,True,True,True,0,José Soriano,667755,Patrick Corbin,571578,"Final   1 2 3 4 5 6 7 8 9  R   H   E  
Angels  0 0 0 0 0 1 0 0 0  1   6   2  
Rangers 0 3 0 0 0 0 0 0 0  3   11  0  "
778287,2025-04-16,Rockies,Dodgers,1,7,False,False,False,8,Germán Márquez,608566,Bobby Miller,676272,"Final   1 2 3 4 5 6 7 8 9  R   H   E  
Rockies 1 0 5 0 0 0 1 0 0  7   11  0  
Dodgers 7 0 0 0 1 0 0 0 0  8   10  0  "
778291,2025-04-17,D-backs,Marlins,2,1,False,False,False,3,Eduardo Rodriguez,593958,Edward Cabrera,665795,"Final   1 2 3 4 5 6 7 8 9  R   H   E  
D-backs 2 0 1 2 1 0 0 0 0  6   5   2  
Marlins 1 0 0 1 1 0 1 0 0  4   13  0  "
778280,2025-04-17,Nationals,Pirates,0,1,False,True,False,1,Trevor Williams,592866,Andrew Heaney,571760,"Final     1 2 3 4 5 6 7 8 9  R   H   E  
Nationals 0 0 0 0 0 0 0 0 0  0   5   0  
Pirates   1 0 0 0 0 0 0 0 0  1   5   0  "
778285,2025-04-17,Mariners,Reds,0,2,False,True,False,2,Emerson Hancock,676106,Brady Singer,663903,"Final    1 2 3 4 5 6 7 8 9 10 R   H   E  
Mariners 0 0 0 2 2 0 0 1 2 4  11  14  0  
Reds     2 0 0 0 0 0 1 4 0 0  7   10  3  "
778283,2025-04-17,Athletics,White Sox,1,0,False,False,True,1,JP Sears,676664,Davis Martin,663436,"Final     1 2 3 4 5 6 7 8 9  R   H   E  
Athletics 1 0 0 0 1 2 1 0 3  8   13  2  
White Sox 0 0 0 0 0 0 0 0 0  0   4   1  "
778279,2025-04-17,Giants,Phillies,1,5,False,False,False,6,Jordan Hicks,663855,Cristopher Sánchez,650911,"Final    1 2 3 4 5 6 7 8 9  R   H   E  
Giants   1 0 0 0 0 2 0 0 1  4   6   1  
Phillies 5 0 0 0 0 0 0 1 0  6   6   2  "
778292,2025-04-17,Guardians,Orioles,0,1,False,True,False,1,Tanner Bibee,676440,Tomoyuki Sugano,608372,"Final     1 2 3 4 5 6 7 8 9  R   H   E  
Guardians 0 0 2 0 0 0 0 0 0  2   7   0  
Orioles   1 0 3 0 0 2 0 0 0  6   7   0  "
778286,2025-04-17,Royals,Tigers,0,0,True,True,True,0,Michael Lorenzen,547179,Reese Olson,681857,"Final  1 2 3 4 5 6 7 8 9  R   H   E  
Royals 0 0 0 0 0 0 0 1 0  1   7   0  
Tigers 0 0 3 0 1 0 0 2 0  6   12  0  "
778282,2025-04-17,Yankees,Rays,1,0,False,False,True,1,Will Warren,701542,Taj Bradley,671737,"Final   1 2 3 4 5 6 7 8 9  R   H   E  
Yankees 1 0 0 0 2 3 0 0 0  6   11  0  
Rays    0 1 2 0 0 0 0 0 0  3   12  0  "
778278,2025-04-17,Cardinals,Mets,0,0,True,True,True,0,Andre Pallante,669467,Griffin Canning,656288,"Final     1 2 3 4 5 6 7 8 9  R   H   E  
Cardinals 0 0 1 0 0 0 0 0 0  1   3   0  
Mets      0 4 0 0 0 0 0 0 0  4   8   0  "
778281,2025-04-17,Angels,Rangers,1,1,False,False,False,2,Jack Kochanowicz,686799,Kumar Rocker,677958,"Final   1 2 3 4 5 6 7 8 9  R   H   E  
Angels  1 0 0 0 2 0 0 0 0  3   5   0  
Rangers 1 2 1 0 0 0 1 0 0  5   11  0  "
778268,2025-04-18,D-backs,Cubs,0,0,True,True,True,0,Corbin Burnes,669203,Colin Rea,607067,"Final   1 2 3 4 5 6 7 8 9  R   H   E  
D-backs 0 0 0 0 1 0 0 100  11  15  0  
Cubs    0 2 0 0 0 0 5 6 0  13  18  3  "
778277,2025-04-18,Royals,Tigers,1,0,False,False,True,1,Cole Ragans,666142,Jackson Jobe,695549,"Final  1 2 3 4 5 6 7 8 9  R   H   E  
Royals 1 0 0 0 0 0 0 0 2  3   10  0  
Tigers 0 1 0 1 3 0 2 0 0  7   12  1  "
778271,2025-04-18,Guardians,Pirates,0,1,False,True,False,1,Luis L. Ortiz,682847,Carmen Mlodzinski,669387,"Final     1 2 3 4 5 6 7 8 9  R   H   E  
Guardians 0 0 2 2 1 0 5 0 0  10  14  0  
Pirates   1 0 1 0 0 0 3 0 2  7   11  1  "
778274,2025-04-18,Marlins,Phillies,0,2,False,True,False,2,Sandy Alcantara,645261,Zack Wheeler,554430,"Final    1 2 3 4 5 6 7 8 9  R   H   E  
Marlins  0 0 0 0 0 2 0 0 0  2   5   0  
Phillies 2 4 0 0 1 0 0 0 0  7   9   0  "
778276,2025-04-18,Reds,Orioles,0,0,True,True,True,0,Andrew Abbott,671096,Cade Povich,700249,"Final   1 2 3 4 5 6 7 8 9  R   H   E  
Reds    0 0 3 4 0 1 0 0 0  8   11  0  
Orioles 0 1 0 0 0 0 0 2 0  3   4   1  "
778272,2025-04-18,Yankees,Rays,0,0,True,True,True,0,Carlos Rodón,607074,Drew Rasmussen,656876,"Final   1 2 3 4 5 6 7 8 9  R   H   E  
Yankees 0 1 0 0 0 0 0 0 0  1   5   0  
Rays    0 0 0 0 0 0 0 0 0  0   3   1  "
778273,2025-04-18,Mariners,Blue Jays,0,0,True,True,True,0,Bryan Woo,693433,Bowden Francis,670102,"Final     1 2 3 4 5 6 7 8 9  R   H   E  
Mariners  0 1 0 0 0 0 0 0 0  1   5   0  
Blue Jays 1 1 0 1 0 0 0 0 0  3   7   0  "
778270,2025-04-18,Cardinals,Mets,0,0,True,True,True,0,Miles Mikolas,571945,David Peterson,656849,"Final     1 2 3 4 5 6 7 8 9  R   H   E  
Cardinals 0 1 0 1 0 1 0 0 1  4   8   1  
Mets      0 0 0 0 2 1 0 1 1  5   9   0  "
778275,2025-04-18,White Sox,Red Sox,0,0,True,True,True,0,Martín Pérez,527048,Hunter Dobbins,690928,"Final     1 2 3 4 5 6 7 8 9  R   H   E  
White Sox 0 0 0 1 0 1 0 0 1  3   6   1  
Red Sox   3 0 1 2 0 0 3 1 0  10  11  2  "
778284,2025-04-18,Twins,Braves,0,0,True,True,True,0,Chris Paddack,663978,Bryce Elder,693821,"Final  1 2 3 4 5 6 7 8 9  R   H   E  
Twins  0 2 1 1 0 0 0 0 0  4   6   1  
Braves 0 0 0 0 1 0 0 5 0  6   8   0  "
778263,2025-04-18,Dodgers,Rangers,1,0,False,False,True,1,Yoshinobu Yamamoto,808967,Jacob deGrom,594798,"Final   1 2 3 4 5 6 7 8 9  R   H   E  
Dodgers 1 0 0 0 0 0 0 0 2  3   5   0  
Rangers 0 0 0 0 0 0 0 0 0  0   7   1  "
778269,2025-04-18,Padres,Astros,0,0,True,True,True,0,Kyle Hart,606996,Ryan Gusto,687473,"Final  1 2 3 4 5 6 7 8 9  R   H   E  
Padres 0 1 0 1 0 0 2 0 0  4   12  0  
Astros 0 3 1 1 0 0 0 1 0  6   12  0  "
778261,2025-04-18,Athletics,Brewers,0,0,True,True,True,0,J.T. Ginn,669372,Freddy Peralta,642547,"Final     1 2 3 4 5 6 7 8 9  R   H   E  
Athletics 0 0 0 0 0 1 0 0 2  3   10  2  
Brewers   0 0 2 0 1 0 2 0 0  5   8   0  "
778260,2025-04-18,Giants,Angels,0,0,True,True,True,0,Logan Webb,657277,Tyler Anderson,542881,"Final  1 2 3 4 5 6 7 8 9  R   H   E  
Giants 0 0 0 0 0 0 0 0 0  0   4   1  
Angels 0 2 0 0 0 0 0 0 0  2   5   0  "
778252,2025-04-19,Marlins,Phillies,0,0,True,True,True,0,Cal Quantrill,615698,Taijuan Walker,592836,"Final    1 2 3 4 5 6 7 8 9  R   H   E  
Marlins  0 0 0 1 0 3 0 0 6  10  15  0  
Phillies 0 0 4 3 2 0 2 0 0  11  18  1  "
778265,2025-04-19,Royals,Tigers,0,0,True,True,True,0,Seth Lugo,607625,Casey Mize,663554,"Final  1 2 3 4 5 6 7 8 9  R   H   E  
Royals 0 0 0 0 0 0 1 0 0  1   6   0  
Tigers 0 0 0 0 3 0 0 0 0  3   5   1  "
778257,2025-04-19,D-backs,Cubs,1,2,False,False,False,3,Zac Gallen,668678,Ben Brown,676962,"Final   1 2 3 4 5 6 7 8 9  R   H   E  
D-backs 1 0 0 0 0 0 0 0 1  2   4   0  
Cubs    2 4 0 0 0 0 0 0 0  6   8   1  "
778258,2025-04-19,Mariners,Blue Jays,0,0,True,True,True,0,Logan Gilbert,669302,José Berríos,621244,"Final     1 2 3 4 5 6 7 8 9 101112 R   H   E  
Mariners  0 0 0 0 2 0 1 0 0 0 0 5  8   10  0  
Blue Jays 1 0 0 0 1 1 0 0 0 0 0 1  4   12  0  "
778262,2025-04-19,Reds,Orioles,1,2,False,False,False,3,Hunter Greene,668881,Brandon Young,687064,"Final   1 2 3 4 5 6 7 8 9  R   H   E  
Reds    1 2 0 0 0 1 0 0 1  5   13  0  
Orioles 2 1 2 0 0 0 2 2 0  9   11  1  "
778254,2025-04-19,Guardians,Pirates,0,0,True,True,True,0,Ben Lively,594902,Paul Skenes,694973,"Final     1 2 3 4 5 6 7 8 9  R   H   E  
Guardians 0 0 1 0 0 0 1 1 0  3   9   0  
Pirates   0 0 0 0 0 0 0 0 0  0   6   0  "
778256,2025-04-19,Cardinals,Mets,0,0,True,True,True,0,Matthew Liberatore,669461,Kodai Senga,673540,"Final     1 2 3 4 5 6 7 8 9  R   H   E  
Cardinals 0 0 0 0 0 0 0 0 0  0   3   0  
Mets      0 0 2 0 0 0 0 1 0  3   8   0  "
778251,2025-04-19,Dodgers,Rangers,0,0,True,True,True,0,Roki Sasaki,808963,Nathan Eovaldi,543135,"Final   1 2 3 4 5 6 7 8 9  R   H   E  
Dodgers 0 0 0 3 0 0 0 0 0  3   6   0  
Rangers 0 0 2 0 0 0 0 0 2  4   5   1  "
778247,2025-04-19,Nationals,Rockies,0,0,True,True,True,0,MacKenzie Gore,669022,Chase Dollander,801403,"Final     1 2 3 4 5 6 7 8 9  R   H   E  
Nationals 0 2 0 5 2 0 3 0 0  12  12  0  
Rockies   0 2 0 0 0 0 8 0 1  11  8   1  "
778264,2025-04-19,White Sox,Red Sox,0,0,True,True,True,0,Shane Smith,681343,Garrett Crochet,676979,"Final     1 2 3 4 5 6 7 8 9 10 R   H   E  
White Sox 0 0 0 0 0 0 3 0 0 0  3   7   1  
Red Sox   0 0 0 0 3 0 0 0 0 1  4   7   1  "
778255,2025-04-19,Yankees,Rays,2,0,False,False,True,2,Carlos Carrasco,471911,Shane Baz,669358,"Final   1 2 3 4 5 6 7 8 9 10 R   H   E  
Yankees 2 1 0 3 0 0 0 0 2 0  8   10  1  
Rays    0 0 1 3 0 0 0 0 4 2  10  10  0  "
778259,2025-04-19,Padres,Astros,0,0,True,True,True,0,Michael King,650633,Hayden Wesneski,669713,"Final  1 2 3 4 5 6 7 8 9  R   H   E  
Padres 0 0 1 0 1 0 0 0 0  2   7   0  
Astros 0 0 0 0 0 2 1 0 0  3   7   0  "
778253,2025-04-19,Athletics,Brewers,0,0,True,True,True,0,Luis Severino,622663,Chad Patrick,694477,"Final     1 2 3 4 5 6 7 8 9  R   H   E  
Athletics 0 0 0 0 1 1 0 0 1  3   8   0  
Brewers   0 0 1 0 0 0 0 0 0  1   3   0  "
778267,2025-04-19,Twins,Braves,1,1,False,False,False,2,Justin Topa,623437,Chris Sale,519242,"Final  1 2 3 4 5 6 7 8 9  R   H   E  
Twins  1 0 0 1 0 1 0 0 0  3   7   0  
Braves 1 0 1 0 0 2 0 0 0  4   12  0  "
778243,2025-04-19,Giants,Angels,2,0,False,False,True,2,Landen Roupp,694738,Kyle Hendricks,543294,"Final  1 2 3 4 5 6 7 8 9  R   H   E  
Giants 2 0 1 0 0 0 0 0 0  3   5   0  
Angels 0 0 0 1 0 1 0 0 0  2   6   0  "
778250,2025-04-20,Reds,Orioles,0,0,True,True,True,0,Brent Suter,608718,Charlie Morton,450203,"Final   1 2 3 4 5 6 7 8 9  R   H   E  
Reds    0 1 7 2 2 0 3 5 4  24  25  1  
Orioles 0 1 0 0 0 0 0 1 0  2   7   1  "
778242,2025-04-20,Guardians,Pirates,0,0,True,True,True,0,Logan Allen,671106,Mitch Keller,656605,"Final     1 2 3 4 5 6 7 8 9 10 R   H   E  
Guardians 0 0 2 0 0 0 2 0 0 1  5   8   1  
Pirates   0 0 0 0 0 1 0 0 3 0  4   11  0  "
778249,2025-04-20,Twins,Braves,0,2,False,True,False,2,Joe Ryan,657746,Grant Holmes,656550,"Final  1 2 3 4 5 6 7 8 9  R   H   E  
Twins  0 0 0 1 0 0 1 0 0  2   5   0  
Braves 2 1 2 0 1 0 0 0 0  6   8   1  "
778245,2025-04-20,White Sox,Red Sox,0,0,True,True,True,0,Sean Burke,680732,Tanner Houck,656557,"Final     1 2 3 4 5 6 7 8 9  R   H   E  
White Sox 2 0 0 0 0 0 3 2 1  8   9   2  
Red Sox   3 1 0 0 0 0 0 0 0  4   6   1  "
778248,2025-04-20,Marlins,Phillies,0,3,False,True,False,3,Connor Gillispie,687362,Jesús Luzardo,666200,"Final    1 2 3 4 5 6 7 8 9 10 R   H   E  
Marlins  0 1 0 0 0 0 1 3 0 2  7   13  0  
Phillies 3 0 0 1 0 0 0 1 0 0  5   10  1  "
778241,2025-04-20,Mariners,Blue Jays,3,0,False,False,True,3,Luis Castillo,622491,Easton Lucas,687922,"Final     1 2 3 4 5 6 7 8 9  R   H   E  
Mariners  3 3 0 0 0 0 2 0 0  8   12  0  
Blue Jays 0 2 1 0 0 0 0 0 0  3   11  1  "
778246,2025-04-20,Royals,Tigers,0,0,True,True,True,0,Michael Wacha,608379,Tarik Skubal,669373,"Final  1 2 3 4 5 6 7 8 9 10 R   H   E  
Royals 0 2 0 0 0 0 0 1 0 1  4   9   1  
Tigers 0 0 0 0 2 0 1 0 0 0  3   10  1  "
778244,2025-04-20,Cardinals,Mets,0,1,False,True,False,1,Sonny Gray,543243,Clay Holmes,605280,"Final     1 2 3 4 5 6 7 8 9  R   H   E  
Cardinals 0 0 0 0 0 1 2 0 1  4   8   1  
Mets      1 0 1 0 1 0 1 3 0  7   11  0  "
778240,2025-04-20,Yankees,Rays,1,0,False,False,True,1,Max Fried,608331,Ryan Pepiot,686752,"Final   1 2 3 4 5 6 7 8 9  R   H   E  
Yankees 1 0 1 0 0 1 0 0 1  4   9   2  
Rays    0 0 0 0 0 0 0 0 0  0   2   0  "
778239,2025-04-20,Athletics,Brewers,0,4,False,True,False,4,Jeffrey Springs,605488,Logan Henderson,701656,"Final     1 2 3 4 5 6 7 8 9  R   H   E  
Athletics 0 0 0 0 1 0 0 0 0  1   4   4  
Brewers   4 1 1 2 0 1 5 0 0  14  17  0  "
778236,2025-04-20,D-backs,Cubs,0,1,False,True,False,1,Merrill Kelly,518876,Jameson Taillon,592791,"Final   1 2 3 4 5 6 7 8 9 1011 R   H   E  
D-backs 0 0 0 1 0 0 0 0 0 1 1  3   8   2  
Cubs    1 0 0 0 0 0 0 0 0 1 0  2   4   1  "
778234,2025-04-20,Dodgers,Rangers,0,0,True,True,True,0,Tyler Glasnow,607192,Tyler Mahle,641816,"Final   1 2 3 4 5 6 7 8 9  R   H   E  
Dodgers 0 0 0 0 0 0 0 1 0  1   3   0  
Rangers 0 0 0 0 0 0 0 0 0  0   5   0  "
778235,2025-04-20,Nationals,Rockies,0,0,True,True,True,0,Jake Irvin,663623,Kyle Freeland,607536,"Final     1 2 3 4 5 6 7 8 9  R   H   E  
Nationals 0 3 0 0 0 0 0 0 0  3   6   0  
Rockies   0 0 1 0 0 1 0 0 0  2   4   3  "
778266,2025-04-20,Nationals,Rockies,1,0,False,False,True,1,Brad Lord,695418,Antonio Senzatela,622608,"Final     1 2 3 4 5 6 7 8 9  R   H   E  
Nationals 1 0 0 0 0 0 0 0 0  1   8   0  
Rockies   0 0 0 2 0 0 0 1 0  3   7   0  "
778232,2025-04-20,Giants,Angels,0,0,True,True,True,0,Justin Verlander,434378,Yusei Kikuchi,579328,"Final  1 2 3 4 5 6 7 8 9  R   H   E  
Giants 0 0 0 0 1 2 0 1 0  4   8   0  
Angels 0 0 0 0 1 0 0 0 4  5   6   1  "
778237,2025-04-20,Padres,Astros,1,0,False,False,True,1,Dylan Cease,656302,Framber Valdez,664285,"Final  1 2 3 4 5 6 7 8 9  R   H   E  
Padres 1 0 1 0 0 0 1 0 0  3   10  0  
Astros 0 0 0 0 2 0 0 0 0  2   7   1  "
778238,2025-04-21,White Sox,Red Sox,0,0,True,True,True,0,Jonathan Cannon,686563,Walker Buehler,621111,"Final     1 2 3 4 5 6 7 8 9  R   H   E  
White Sox 1 0 0 0 0 0 0 1 0  2   5   0  
Red Sox   0 1 3 0 0 0 0 0 0  4   8   1  "
778227,2025-04-21,Yankees,Guardians,0,0,True,True,True,0,Clarke Schmidt,657376,Gavin Williams,668909,"Final     1 2 3 4 5 6 7 8 9  R   H   E  
Yankees   0 0 0 0 0 0 2 2 0  4   10  0  
Guardians 0 0 4 1 0 1 0 0 0  6   10  1  "
778228,2025-04-21,Padres,Tigers,1,2,False,False,False,3,Randy Vásquez,681190,Keider Montero,672456,"Final  1 2 3 4 5 6 7 8 9  R   H   E  
Padres 1 1 0 0 2 0 0 0 0  4   7   0  
Tigers 2 2 2 0 0 0 0 0 0  6   11  0  "
778230,2025-04-21,Reds,Marlins,0,0,True,True,True,0,Nick Lodolo,666157,Max Meyer,676974,"Final   1 2 3 4 5 6 7 8 9  R   H   E  
Reds    0 0 0 0 0 0 0 3 0  3   8   0  
Marlins 0 2 0 0 1 0 3 0 0  6   10  0  "
778225,2025-04-21,Phillies,Mets,0,1,False,True,False,1,Aaron Nola,605400,Tylor Megill,656731,"Final    1 2 3 4 5 6 7 8 9  R   H   E  
Phillies 0 0 0 0 0 0 0 0 4  4   7   0  
Mets     1 1 0 0 0 0 3 0 0  5   8   0  "
778233,2025-04-21,Cardinals,Braves,0,0,True,True,True,0,Erick Fedde,607200,Spencer Schwellenbach,680885,"Final     1 2 3 4 5 6 7 8 9  R   H   E  
Cardinals 0 2 0 0 0 1 0 0 3  6   11  0  
Braves    0 0 2 0 0 0 0 5 0  7   8   2  "
778231,2025-04-21,Blue Jays,Astros,0,0,True,True,True,0,Kevin Gausman,592332,Hunter Brown,686613,"Final     1 2 3 4 5 6 7 8 9  R   H   E  
Blue Jays 0 0 0 0 0 0 0 0 0  0   2   0  
Astros    0 0 0 0 4 0 1 2 0  7   10  0  "
778226,2025-04-21,Brewers,Giants,0,0,True,True,True,0,Quinn Priester,682990,Robbie Ray,592662,"Final   1 2 3 4 5 6 7 8 9  R   H   E  
Brewers 0 2 0 0 0 0 0 0 0  2   6   1  
Giants  0 1 0 0 1 1 1 1 0  5   8   0  "
778218,2025-04-22,Yankees,Guardians,1,0,False,False,True,1,Will Warren,701542,Tanner Bibee,676440,"Final     1 2 3 4 5 6 7 8 9  R   H   E  
Yankees   1 0 0 0 0 1 0 0 0  2   6   1  
Guardians 0 0 0 0 0 3 0 0 0  3   6   1  "
778221,2025-04-22,Padres,Tigers,0,0,True,True,True,0,Nick Pivetta,601713,Jack Flaherty,656427,"Final  1 2 3 4 5 6 7 8 9  R   H   E  
Padres 0 2 0 0 0 0 0 0 0  2   6   0  
Tigers 0 0 0 0 0 0 0 0 0  0   3   1  "
778219,2025-04-22,Reds,Marlins,0,1,False,True,False,1,Nick Martinez,607259,Edward Cabrera,665795,"Final   1 2 3 4 5 6 7 8 9  R   H   E  
Reds    0 0 1 0 1 1 0 0 0  3   7   1  
Marlins 1 0 0 0 0 1 2 0 0  4   9   0  "
778222,2025-04-22,Orioles,Nationals,0,2,False,True,False,2,Dean Kremer,665152,Mitchell Parker,680730,"Final     1 2 3 4 5 6 7 8 9  R   H   E  
Orioles   0 0 0 0 0 0 0 0 0  0   1   1  
Nationals 2 1 0 0 2 1 1 0 0  7   14  0  "
778224,2025-04-22,Mariners,Red Sox,1,0,False,False,True,1,Bryce Miller,682243,Brayan Bello,678394,"Final    1 2 3 4 5 6 7 8 9  R   H   E  
Mariners 1 0 0 0 0 2 0 0 0  3   6   1  
Red Sox  1 0 1 0 2 0 4 0 0  8   11  0  "
778223,2025-04-22,Phillies,Mets,0,1,False,True,False,1,Cristopher Sánchez,650911,Griffin Canning,656288,"Final    1 2 3 4 5 6 7 8 9  R   H   E  
Phillies 0 1 0 0 0 0 0 0 0  1   8   1  
Mets     1 1 0 0 0 0 3 0 0  5   9   0  "
778229,2025-04-22,Cardinals,Braves,0,0,True,True,True,0,Andre Pallante,669467,Scott Blewett,656240,"Final     1 2 3 4 5 6 7 8 9  R   H   E  
Cardinals 0 0 2 0 0 2 0 3 3  10  12  2  
Braves    0 0 0 3 1 0 0 0 0  4   8   1  "
778215,2025-04-22,Rockies,Royals,0,0,True,True,True,0,Ryan Feltner,663372,Kris Bubic,663460,"Final   1 2 3 4 5 6 7 8 9 1011 R   H   E  
Rockies 0 0 0 0 0 0 0 0 3 0 0  3   5   0  
Royals  0 0 0 0 0 1 0 1 1 0 1  4   9   0  "
778220,2025-04-22,Dodgers,Cubs,3,5,False,False,False,8,Dustin May,669160,Shota Imanaga,684007,"Final   1 2 3 4 5 6 7 8 9 10 R   H   E  
Dodgers 3 1 0 0 0 1 5 0 0 0  10  10  1  
Cubs    5 0 0 0 2 0 0 2 1 1  11  17  1  "
778216,2025-04-22,White Sox,Twins,0,0,True,True,True,0,Davis Martin,663436,Bailey Ober,641927,"Final     1 2 3 4 5 6 7 8 9  R   H   E  
White Sox 0 1 0 0 0 0 0 0 1  2   10  2  
Twins     0 1 1 0 0 0 0 2 0  4   5   0  "
778217,2025-04-22,Blue Jays,Astros,3,0,False,False,True,3,Chris Bassitt,605135,Ronel Blanco,669854,"Final     1 2 3 4 5 6 7 8 9  R   H   E  
Blue Jays 0 0 1 0 0 0 0 0 0  1   2   0  
Astros    3 0 0 0 0 1 1 0 0  5   10  0  "
778211,2025-04-22,Pirates,Angels,0,0,True,True,True,0,Bailey Falter,663559,José Soriano,667755,"Final   1 2 3 4 5 6 7 8 9  R   H   E  
Pirates 0 0 2 3 1 0 0 0 3  9   18  0  
Angels  0 0 1 2 0 0 0 0 0  3   5   1  "
778212,2025-04-22,Rays,D-backs,0,0,True,True,True,0,Zack Littell,641793,Brandon Pfaadt,694297,"Final   1 2 3 4 5 6 7 8 9  R   H   E  
Rays    0 1 0 0 0 0 0 0 0  1   6   0  
D-backs 0 0 2 0 1 0 0 2 0  5   7   0  "
778210,2025-04-22,Brewers,Giants,0,0,True,True,True,0,Jose Quintana,500779,Jordan Hicks,663855,"Final   1 2 3 4 5 6 7 8 9  R   H   E  
Brewers 0 0 3 0 0 8 0 0 0  11  13  0  
Giants  0 0 1 0 0 0 1 1 0  3   11  2  "
778213,2025-04-22,Rangers,Athletics,2,0,False,False,True,2,Patrick Corbin,571578,Osvaldo Bido,674370,"Final     1 2 3 4 5 6 7 8 9  R   H   E  
Rangers   2 0 1 0 4 1 0 0 0  8   10  0  
Athletics 0 1 1 0 0 0 1 2 0  5   11  0  "
778214,2025-04-23,Cardinals,Braves,1,0,False,False,True,1,Miles Mikolas,571945,Bryce Elder,693821,"Final     1 2 3 4 5 6 7 8 9  R   H   E  
Cardinals 1 0 0 0 0 0 0 0 0  1   7   0  
Braves    0 0 0 0 0 0 1 3 0  4   11  0  "
778209,2025-04-23,Padres,Tigers,0,1,False,True,False,1,Kyle Hart,606996,Reese Olson,681857,"Final  1 2 3 4 5 6 7 8 9  R   H   E  
Padres 0 0 0 0 0 0 0 0 0  0   2   1  
Tigers 1 0 0 0 1 0 2 2 0  6   10  1  "
778203,2025-04-23,Phillies,Mets,0,0,True,True,True,0,Zack Wheeler,554430,David Peterson,656849,"Final    1 2 3 4 5 6 7 8 9 10 R   H   E  
Phillies 0 0 0 2 0 0 0 0 0 1  3   11  0  
Mets     0 2 0 0 0 0 0 0 0 2  4   10  1  "
778208,2025-04-23,Reds,Marlins,1,2,False,False,False,3,Brady Singer,663903,Sandy Alcantara,645261,"Final   1 2 3 4 5 6 7 8 9  R   H   E  
Reds    1 0 1 0 1 0 0 1 1  5   8   0  
Marlins 2 0 0 0 0 0 0 0 0  2   6   0  "
778206,2025-04-23,Yankees,Guardians,2,1,False,False,False,3,Carlos Rodón,607074,Luis L. Ortiz,682847,"Final     1 2 3 4 5 6 7 8 9  R   H   E  
Yankees   2 2 0 0 0 0 1 0 0  5   11  1  
Guardians 1 0 0 0 0 0 0 0 0  1   5   0  "
778204,2025-04-23,Orioles,Nationals,0,3,False,True,False,3,Tomoyuki Sugano,608372,Trevor Williams,592866,"Final     1 2 3 4 5 6 7 8 9  R   H   E  
Orioles   0 0 1 0 0 0 1 1 0  3   10  0  
Nationals 3 0 0 0 0 0 0 1 0  4   6   0  "
778207,2025-04-23,Mariners,Red Sox,1,0,False,False,True,1,Emerson Hancock,676106,Sean Newcomb,656794,"Final    1 2 3 4 5 6 7 8 9  R   H   E  
Mariners 1 0 0 3 0 2 2 0 0  8   13  0  
Red Sox  0 0 0 1 1 0 0 3 0  5   7   2  "
778205,2025-04-23,Dodgers,Cubs,0,0,True,True,True,0,Ben Casparius,676508,Matthew Boyd,571510,"Final   1 2 3 4 5 6 7 8 9  R   H   E  
Dodgers 0 0 2 0 3 1 0 0 0  6   11  0  
Cubs    0 0 0 3 4 0 0 0 0  7   8   1  "
778200,2025-04-23,Blue Jays,Astros,0,0,True,True,True,0,Bowden Francis,670102,Ryan Gusto,687473,"Final     1 2 3 4 5 6 7 8 9  R   H   E  
Blue Jays 0 0 0 1 0 0 0 0 0  1   5   0  
Astros    0 3 0 0 0 0 0 0 0  3   13  0  "
778201,2025-04-23,White Sox,Twins,0,0,True,True,True,0,Bryse Wilson,669060,David Festa,701581,"Final     1 2 3 4 5 6 7 8 9  R   H   E  
White Sox 0 0 0 0 3 0 0 0 0  3   6   1  
Twins     0 0 1 1 1 1 2 0 0  6   12  1  "
778202,2025-04-23,Pirates,Angels,0,0,True,True,True,0,Andrew Heaney,571760,Jack Kochanowicz,686799,"Final   1 2 3 4 5 6 7 8 9  R   H   E  
Pirates 0 0 1 0 1 0 0 0 1  3   11  1  
Angels  0 0 0 0 0 0 0 0 0  0   2   0  "
778199,2025-04-23,Rays,D-backs,0,1,False,True,False,1,Taj Bradley,671737,Eduardo Rodriguez,593958,"Final   1 2 3 4 5 6 7 8 9 1011 R   H   E  
Rays    0 2 0 0 0 0 2 1 0 0 2  7   13  1  
D-backs 1 1 0 1 0 0 2 0 0 0 1  6   9   0  "
778198,2025-04-23,Brewers,Giants,0,0,True,True,True,0,Freddy Peralta,642547,Logan Webb,657277,"Final   1 2 3 4 5 6 7 8 9  R   H   E  
Brewers 0 0 0 0 0 0 0 0 2  2   9   2  
Giants  0 0 0 0 0 4 0 0 0  4   8   0  "
778197,2025-04-23,Rangers,Athletics,0,4,False,True,False,4,Kumar Rocker,677958,JP Sears,676664,"Final     1 2 3 4 5 6 7 8 9  R   H   E  
Rangers   0 0 0 1 0 1 0 0 0  2   7   1  
Athletics 4 1 0 0 0 0 0 0 0  5   10  1  "
778196,2025-04-24,Mariners,Red Sox,2,0,False,False,True,2,Bryan Woo,693433,Garrett Crochet,676979,"Final    1 2 3 4 5 6 7 8 9  R   H   E  
Mariners 2 2 0 0 0 0 0 0 0  4   9   0  
Red Sox  1 0 1 0 0 0 0 1 0  3   4   0  "
778190,2025-04-24,Rockies,Royals,1,2,False,False,False,3,Germán Márquez,608566,Cole Ragans,666142,"Final   1 2 3 4 5 6 7 8 9  R   H   E  
Rockies 1 1 2 0 0 0 0 0 0  4   4   0  
Royals  2 0 2 0 2 0 1 0 0  7   13  0  "
778195,2025-04-24,Rockies,Royals,0,0,True,True,True,0,Chase Dollander,801403,Michael Lorenzen,547179,"Final   1 2 3 4 5 6 7 8 9  R   H   E  
Rockies 0 0 0 0 0 1 0 1 0  2   9   1  
Royals  0 1 1 0 3 0 0 1 0  6   9   0  "
778194,2025-04-24,Brewers,Giants,1,1,False,False,False,2,Tobias Myers,668964,Landen Roupp,694738,"Final   1 2 3 4 5 6 7 8 9  R   H   E  
Brewers 1 1 0 3 0 0 0 0 0  5   9   1  
Giants  1 0 1 0 2 0 0 2 0  6   7   1  "
778193,2025-04-24,Orioles,Nationals,0,0,True,True,True,0,Cade Povich,700249,MacKenzie Gore,669022,"Final     1 2 3 4 5 6 7 8 9  R   H   E  
Orioles   0 0 0 0 2 0 0 0 0  2   4   1  
Nationals 0 1 0 0 0 0 0 0 0  1   5   0  "
778191,2025-04-24,Pirates,Angels,2,0,False,False,True,2,Carmen Mlodzinski,669387,Tyler Anderson,542881,"Final   1 2 3 4 5 6 7 8 9  R   H   E  
Pirates 2 1 0 0 0 0 0 0 0  3   9   1  
Angels  0 0 0 3 0 0 0 1 0  4   6   0  "
778188,2025-04-24,Rays,D-backs,0,1,False,True,False,1,Drew Rasmussen,656876,Corbin Burnes,669203,"Final   1 2 3 4 5 6 7 8 9 10 R   H   E  
Rays    0 0 0 0 1 2 0 0 1 3  7   9   0  
D-backs 1 2 0 0 1 0 0 0 0 0  4   6   3  "
778192,2025-04-24,Rangers,Athletics,0,0,True,True,True,0,Jacob deGrom,594798,J.T. Ginn,669372,"Final     1 2 3 4 5 6 7 8 9  R   H   E  
Rangers   0 0 0 3 0 0 0 0 0  3   7   1  
Athletics 0 0 2 0 0 0 0 0 2  4   10  1  "
778182,2025-04-25,Phillies,Cubs,0,0,True,True,True,0,Taijuan Walker,592836,Colin Rea,607067,"Final    1 2 3 4 5 6 7 8 9  R   H   E  
Phillies 0 0 0 0 0 0 0 0 0  0   5   1  
Cubs     0 1 1 1 0 0 1 0 0  4   11  0  "
778183,2025-04-25,Mets,Nationals,0,0,True,True,True,0,Kodai Senga,673540,Jake Irvin,663623,"Final     1 2 3 4 5 6 7 8 9  R   H   E  
Mets      0 0 0 0 0 0 0 4 0  4   8   0  
Nationals 0 1 1 0 0 0 1 0 2  5   13  2  "
778185,2025-04-25,Blue Jays,Yankees,0,0,True,True,True,0,José Berríos,621244,Carlos Carrasco,471911,"Final     1 2 3 4 5 6 7 8 9  R   H   E  
Blue Jays 0 0 0 0 0 1 0 0 3  4   9   0  
Yankees   0 0 0 0 0 0 1 1 0  2   10  0  "
778187,2025-04-25,Astros,Royals,0,0,True,True,True,0,Hayden Wesneski,669713,Seth Lugo,607625,"Final  1 2 3 4 5 6 7 8 9  R   H   E  
Astros 0 0 0 0 0 0 0 0 0  0   3   0  
Royals 0 0 0 0 1 1 0 0 0  2   9   0  "
778186,2025-04-25,Angels,Twins,0,1,False,True,False,1,Kyle Hendricks,543294,Pablo López,641154,"Final  1 2 3 4 5 6 7 8 9  R   H   E  
Angels 0 1 0 0 1 1 1 0 0  4   10  0  
Twins  1 0 2 6 0 2 0 0 0  11  8   1  "
778184,2025-04-25,Brewers,Cardinals,0,0,True,True,True,0,Chad Patrick,694477,Matthew Liberatore,669461,"Final     1 2 3 4 5 6 7 8 9  R   H   E  
Brewers   0 0 0 0 0 1 1 0 0  2   9   1  
Cardinals 0 0 0 1 2 0 0 0 0  3   9   1  "
778181,2025-04-25,Reds,Rockies,1,0,False,False,True,1,Andrew Abbott,671096,Kyle Freeland,607536,"Final   1 2 3 4 5 6 7 8 9  R   H   E  
Reds    1 0 3 0 2 0 2 0 0  8   13  0  
Rockies 0 1 3 0 2 0 0 1 0  7   10  2  "
778172,2025-04-25,Rays,Padres,0,0,True,True,True,0,Shane Baz,669358,Michael King,650633,"Final  1 2 3 4 5 6 7 8 9  R   H   E  
Rays   0 0 1 0 0 0 0 0 0  1   6   0  
Padres 0 0 0 0 0 0 0 0 0  0   5   1  "
778177,2025-04-25,Braves,D-backs,0,0,True,True,True,0,Chris Sale,519242,Zac Gallen,668678,"Final   1 2 3 4 5 6 7 8 9  R   H   E  
Braves  0 3 0 0 0 2 0 3 0  8   11  0  
D-backs 0 0 0 1 0 0 0 1 0  2   7   1  "
778175,2025-04-25,Marlins,Mariners,0,0,True,True,True,0,Cal Quantrill,615698,Logan Gilbert,669302,"Final    1 2 3 4 5 6 7 8 9  R   H   E  
Marlins  0 0 0 0 6 0 0 2 0  8   10  0  
Mariners 0 1 0 0 0 3 0 0 0  4   7   1  "
778178,2025-04-25,White Sox,Athletics,0,0,True,True,True,0,Tyler Gilbert,656457,Luis Severino,622663,"Final     1 2 3 4 5 6 7 8 9  R   H   E  
White Sox 0 0 0 0 1 2 0 0 2  5   9   1  
Athletics 0 0 0 0 1 2 2 1 0  6   11  0  "
778176,2025-04-25,Pirates,Dodgers,1,0,False,False,True,1,Paul Skenes,694973,Yoshinobu Yamamoto,808967,"Final   1 2 3 4 5 6 7 8 9  R   H   E  
Pirates 1 0 0 0 2 0 0 0 0  3   6   1  
Dodgers 0 0 0 0 0 0 0 0 0  0   6   1  "
778171,2025-04-25,Rangers,Giants,0,0,True,True,True,0,Nathan Eovaldi,543135,Justin Verlander,434378,"Final   1 2 3 4 5 6 7 8 9  R   H   E  
Rangers 0 0 1 0 0 1 0 0 0  2   6   0  
Giants  0 0 0 0 0 0 0 0 0  0   4   1  "
778179,2025-04-26,Red Sox,Guardians,4,0,False,False,True,4,Tanner Houck,656557,Ben Lively,594902,"Final     1 2 3 4 5 6 7 8 9  R   H   E  
Red Sox   3 0 1 0 0 0 0 0 0  4   7   0  
Guardians 4 0 0 0 0 1 0 0 0  5   10  0  "
778169,2025-04-26,Red Sox,Guardians,0,0,True,True,True,0,Walker Buehler,621111,Doug Nikhazy,680951,"Final     1 2 3 4 5 6 7 8 9  R   H   E  
Red Sox   1 3 2 0 0 1 0 0 0  7   11  1  
Guardians 0 0 0 3 0 0 0 0 0  3   7   0  "
778168,2025-04-26,Orioles,Tigers,0,0,True,True,True,0,Brandon Young,687064,Casey Mize,663554,"Final   1 2 3 4 5 6 7 8 9  R   H   E  
Orioles 0 0 0 1 0 0 1 1 0  3   11  0  
Tigers  0 2 0 0 1 0 1 0 0  4   8   1  "
778180,2025-04-26,Orioles,Tigers,0,0,True,True,True,0,Keegan Akin,669211,Keider Montero,672456,"Final   1 2 3 4 5 6 7 8 9  R   H   E  
Orioles 0 0 1 0 0 1 0 0 0  2   6   0  
Tigers  0 0 3 0 0 0 3 0 0  6   6   0  "
778166,2025-04-26,Angels,Twins,0,3,False,True,False,3,Yusei Kikuchi,579328,Simeon Woods Richardson,680573,"Final  1 2 3 4 5 6 7 8 9  R   H   E  
Angels 0 0 1 0 0 0 0 0 0  1   5   1  
Twins  3 1 0 0 0 1 0 0 0  5   13  0  "
778164,2025-04-26,Brewers,Cardinals,0,0,True,True,True,0,Quinn Priester,682990,Sonny Gray,543243,"Final     1 2 3 4 5 6 7 8 9  R   H   E  
Brewers   0 0 0 0 2 1 0 0 2  5   10  1  
Cardinals 0 1 2 2 0 0 0 0 1  6   11  0  "
778161,2025-04-26,Reds,Rockies,0,0,True,True,True,0,Hunter Greene,668881,Antonio Senzatela,622608,"Final   1 2 3 4 5 6 7 8 9  R   H   E  
Reds    0 2 0 1 0 1 0 0 2  6   13  1  
Rockies 0 2 0 0 1 0 0 0 1  4   8   0  "
778173,2025-04-26,Mets,Nationals,0,0,True,True,True,0,Clay Holmes,605280,Brad Lord,695418,"Final     1 2 3 4 5 6 7 8 9  R   H   E  
Mets      0 2 0 0 0 0 0 0 0  2   8   0  
Nationals 0 0 0 0 0 0 0 0 0  0   7   0  "
778159,2025-04-26,Rangers,Giants,1,0,False,False,True,1,Tyler Mahle,641816,Robbie Ray,592662,"Final   1 2 3 4 5 6 7 8 9  R   H   E  
Rangers 1 0 1 0 0 0 0 0 0  2   8   0  
Giants  0 0 0 0 2 0 0 0 1  3   11  0  "
778174,2025-04-26,Phillies,Cubs,0,0,True,True,True,0,Jesús Luzardo,666200,Ben Brown,676962,"Final    1 2 3 4 5 6 7 8 9  R   H   E  
Phillies 0 0 0 6 0 3 1 0 0  10  12  1  
Cubs     0 0 0 0 2 0 2 0 0  4   8   0  "
778165,2025-04-26,White Sox,Athletics,0,0,True,True,True,0,Tyler Gilbert,656457,Jeffrey Springs,605488,"Final     1 2 3 4 5 6 7 8 9  R   H   E  
White Sox 4 2 0 0 0 1 3 0 0  10  11  0  
Athletics 0 0 0 1 0 0 1 0 1  3   6   1  "
778167,2025-04-26,Astros,Royals,0,1,False,True,False,1,Framber Valdez,664285,Michael Wacha,608379,"Final  1 2 3 4 5 6 7 8 9  R   H   E  
Astros 0 0 0 0 0 0 0 0 0  0   6   0  
Royals 1 0 0 0 1 0 0 0 0  2   3   0  "
778162,2025-04-26,Braves,D-backs,1,0,False,False,True,1,Grant Holmes,656550,Merrill Kelly,518876,"Final   1 2 3 4 5 6 7 8 9 10 R   H   E  
Braves  1 1 0 0 0 0 2 3 0 1  8   9   0  
D-backs 0 1 0 4 0 1 0 0 1 0  7   7   1  "
778160,2025-04-26,Rays,Padres,0,0,True,True,True,0,Ryan Pepiot,686752,Dylan Cease,656302,"Final  1 2 3 4 5 6 7 8 9  R   H   E  
Rays   0 0 2 0 1 0 0 0 1  4   9   0  
Padres 0 0 0 0 0 1 0 0 0  1   5   2  "
778163,2025-04-26,Pirates,Dodgers,1,2,False,False,False,3,Mitch Keller,656605,Roki Sasaki,808963,"Final   1 2 3 4 5 6 7 8 9  R   H   E  
Pirates 1 0 0 0 2 0 1 0 0  4   8   1  
Dodgers 2 0 0 0 1 0 1 4 0  8   11  0  "
778154,2025-04-26,Marlins,Mariners,0,6,False,True,False,6,Connor Gillispie,687362,Luis Castillo,622491,"Final    1 2 3 4 5 6 7 8 9  R   H   E  
Marlins  0 0 0 0 0 0 0 0 0  0   4   1  
Mariners 6 1 0 3 0 1 2 1 0  14  15  1  "
778153,2025-04-27,Mets,Nationals,5,0,False,False,True,5,Tylor Megill,656731,Mitchell Parker,680730,"Final     1 2 3 4 5 6 7 8 9  R   H   E  
Mets      5 1 0 0 1 0 0 0 0  7   9   1  
Nationals 0 1 0 0 0 0 5 0 2  8   9   1  "
778156,2025-04-27,Blue Jays,Yankees,0,0,True,True,True,0,Kevin Gausman,592332,Max Fried,608331,"Final     1 2 3 4 5 6 7 8 9  R   H   E  
Blue Jays 1 0 0 0 0 0 0 0 1  2   10  1  
Yankees   0 0 6 0 3 1 0 1 0  11  12  1  "
778170,2025-04-27,Blue Jays,Yankees,1,0,False,False,True,1,Chris Bassitt,605135,Clarke Schmidt,657376,"Final     1 2 3 4 5 6 7 8 9  R   H   E  
Blue Jays 0 0 1 0 0 0 0 0 0  1   3   2  
Yankees   1 0 0 0 0 3 0 1 0  5   9   0  "
778157,2025-04-27,Red Sox,Guardians,0,0,True,True,True,0,Brayan Bello,678394,Logan Allen,671106,"Final     1 2 3 4 5 6 7 8 9  R   H   E  
Red Sox   0 2 0 1 5 1 3 0 1  13  15  0  
Guardians 0 0 0 0 0 3 0 0 0  3   8   4  "
778155,2025-04-27,Orioles,Tigers,0,0,True,True,True,0,Dean Kremer,665152,Tarik Skubal,669373,"Final   1 2 3 4 5 6 7 8 9  R   H   E  
Orioles 0 0 0 0 0 0 0 0 0  0   5   0  
Tigers  0 2 0 0 1 2 2 0 0  7   9   0  "
778144,2025-04-27,Angels,Twins,0,1,False,True,False,1,José Soriano,667755,Joe Ryan,657746,"Final  1 2 3 4 5 6 7 8 9  R   H   E  
Angels 0 0 0 0 0 0 0 0 0  0   4   1  
Twins  1 0 0 0 0 3 1 0 0  5   9   0  "
778152,2025-04-27,Astros,Royals,0,0,True,True,True,0,Hunter Brown,686613,Kris Bubic,663460,"Final  1 2 3 4 5 6 7 8 9  R   H   E  
Astros 0 0 3 0 1 2 1 0 0  7   9   0  
Royals 0 0 0 0 1 0 1 0 1  3   11  1  "
778150,2025-04-27,Brewers,Cardinals,3,0,False,False,True,3,Jose Quintana,500779,Erick Fedde,607200,"Final     1 2 3 4 5 6 7 8 9  R   H   E  
Brewers   3 0 0 4 0 0 0 0 0  7   11  0  
Cardinals 0 0 0 0 1 0 0 0 0  1   7   0  "
778148,2025-04-27,Reds,Rockies,3,0,False,False,True,3,Nick Lodolo,666157,Bradley Blalock,687134,"Final   1 2 3 4 5 6 7 8 9  R   H   E  
Reds    3 0 0 0 4 0 0 0 1  8   14  1  
Rockies 0 0 0 0 0 0 0 1 0  1   3   0  "
778151,2025-04-27,Rangers,Giants,2,1,False,False,False,3,Jack Leiter,683004,Jordan Hicks,663855,"Final   1 2 3 4 5 6 7 8 9  R   H   E  
Rangers 2 0 0 0 0 0 0 0 0  2   10  3  
Giants  1 0 0 1 0 0 0 0 1  3   5   0  "
778149,2025-04-27,White Sox,Athletics,1,0,False,False,True,1,Brandon Eisert,685126,Osvaldo Bido,674370,"Final     1 2 3 4 5 6 7 8 9 10 R   H   E  
White Sox 1 0 0 0 0 0 0 0 0 1  2   9   0  
Athletics 1 0 0 0 0 0 0 0 0 2  3   6   1  "
778145,2025-04-27,Pirates,Dodgers,2,4,False,False,False,6,Bailey Falter,663559,Tyler Glasnow,607192,"Final   1 2 3 4 5 6 7 8 9  R   H   E  
Pirates 2 0 0 0 0 0 0 0 0  2   9   2  
Dodgers 4 1 0 0 3 1 0 0 0  9   14  0  "
778146,2025-04-27,Rays,Padres,0,0,True,True,True,0,Zack Littell,641793,Randy Vásquez,681190,"Final  1 2 3 4 5 6 7 8 9  R   H   E  
Rays   0 0 2 0 1 0 0 0 1  4   10  0  
Padres 0 1 1 0 0 0 0 0 0  2   5   0  "
778147,2025-04-27,Braves,D-backs,0,1,False,True,False,1,Spencer Schwellenbach,680885,Brandon Pfaadt,694297,"Final   1 2 3 4 5 6 7 8 9  R   H   E  
Braves  0 0 0 0 1 0 2 0 1  4   11  1  
D-backs 1 1 0 1 1 0 2 0 0  6   9   2  "
778136,2025-04-27,Marlins,Mariners,1,1,False,False,False,2,Max Meyer,676974,Logan Evans,688138,"Final    1 2 3 4 5 6 7 8 9  R   H   E  
Marlins  1 0 0 0 1 1 0 3 0  6   9   0  
Mariners 1 3 0 1 2 0 0 0 0  7   9   0  "
778158,2025-04-27,Phillies,Cubs,0,0,True,True,True,0,Aaron Nola,605400,Jameson Taillon,592791,"Final    1 2 3 4 5 6 7 8 9 10 R   H   E  
Phillies 0 0 1 0 0 0 0 0 0 2  3   6   0  
Cubs     0 1 0 0 0 0 0 0 0 0  1   3   0  "
778138,2025-04-28,Mets,Nationals,0,0,True,True,True,0,Griffin Canning,656288,Trevor Williams,592866,"Final     1 2 3 4 5 6 7 8 9  R   H   E  
Mets      0 2 0 0 1 3 5 4 4  19  21  0  
Nationals 0 0 0 0 0 0 0 5 0  5   12  0  "
778139,2025-04-28,Twins,Guardians,2,0,False,False,True,2,Bailey Ober,641927,Gavin Williams,668909,"Final     1 2 3 4 5 6 7 8 9  R   H   E  
Twins     2 2 0 0 2 3 0 2 0  11  17  0  
Guardians 0 0 0 0 1 0 0 0 0  1   8   0  "
778140,2025-04-28,Yankees,Orioles,0,0,True,True,True,0,Will Warren,701542,Tomoyuki Sugano,608372,"Final   1 2 3 4 5 6 7 8 9  R   H   E  
Yankees 0 0 0 0 0 0 1 2 0  3   10  0  
Orioles 0 1 3 0 0 0 0 0 0  4   8   1  "
778141,2025-04-28,Cardinals,Reds,1,0,False,False,True,1,Andre Pallante,669467,Nick Martinez,607259,"Final     1 2 3 4 5 6 7 8 9  R   H   E  
Cardinals 1 0 0 0 0 0 0 0 0  1   5   0  
Reds      0 0 1 1 0 1 0 0 0  3   8   0  "
778143,2025-04-28,Athletics,Rangers,0,0,True,True,True,0,JP Sears,676664,Patrick Corbin,571578,"Final     1 2 3 4 5 6 7 8 9  R   H   E  
Athletics 0 0 0 0 2 0 0 0 0  2   8   0  
Rangers   0 0 0 0 0 1 0 0 0  1   6   0  "
778142,2025-04-28,Tigers,Astros,0,0,True,True,True,0,Jack Flaherty,656427,Ronel Blanco,669854,"Final  1 2 3 4 5 6 7 8 9  R   H   E  
Tigers 0 0 2 1 0 0 0 2 0  5   5   2  
Astros 0 0 0 2 0 2 4 0 0  8   10  0  "
778137,2025-04-28,Braves,Rockies,0,3,False,True,False,3,Bryce Elder,693821,Ryan Feltner,663372,"Final   1 2 3 4 5 6 7 8 9  R   H   E  
Braves  0 0 2 1 2 0 1 0 0  6   14  1  
Rockies 3 0 0 0 0 0 0 0 0  3   7   0  "
778132,2025-04-28,Marlins,Dodgers,0,1,False,True,False,1,Edward Cabrera,665795,Dustin May,669160,"Final   1 2 3 4 5 6 7 8 9 10 R   H   E  
Marlins 0 0 0 0 0 5 0 0 0 1  6   8   0  
Dodgers 1 0 1 1 2 0 0 0 0 2  7   12  2  "
778129,2025-04-29,Twins,Guardians,0,0,True,True,True,0,Chris Paddack,663978,Tanner Bibee,676440,"Final     1 2 3 4 5 6 7 8 9  R   H   E  
Twins     0 0 0 0 1 0 0 0 0  1   7   0  
Guardians 0 0 1 0 0 0 0 0 1  2   6   0  "
778133,2025-04-29,Yankees,Orioles,5,0,False,False,True,5,Carlos Rodón,607074,Kyle Gibson,502043,"Final   1 2 3 4 5 6 7 8 9  R   H   E  
Yankees 5 1 0 3 3 0 1 1 1  15  19  0  
Orioles 0 0 0 0 0 1 1 0 1  3   3   3  "
778135,2025-04-29,Cubs,Pirates,0,0,True,True,True,0,Shota Imanaga,684007,Andrew Heaney,571760,"Final   1 2 3 4 5 6 7 8 9  R   H   E  
Cubs    0 0 0 2 2 0 3 1 1  9   13  0  
Pirates 0 0 0 0 0 0 0 0 0  0   7   0  "
778131,2025-04-29,Nationals,Phillies,0,2,False,True,False,2,MacKenzie Gore,669022,Zack Wheeler,554430,"Final     1 2 3 4 5 6 7 8 9  R   H   E  
Nationals 0 0 0 0 0 1 1 0 4  6   11  0  
Phillies  2 0 1 0 0 0 0 2 2  7   9   1  "
778128,2025-04-29,Royals,Rays,1,0,False,False,True,1,Michael Lorenzen,547179,Taj Bradley,671737,"Final  1 2 3 4 5 6 7 8 9  R   H   E  
Royals 1 1 0 0 0 0 0 0 1  3   8   0  
Rays   0 0 0 1 0 0 0 0 0  1   8   0  "
778127,2025-04-29,Red Sox,Blue Jays,0,0,True,True,True,0,Garrett Crochet,676979,Bowden Francis,670102,"Final     1 2 3 4 5 6 7 8 9  R   H   E  
Red Sox   2 1 4 0 0 0 0 1 2  10  14  0  
Blue Jays 0 0 2 0 0 0 0 0 0  2   4   0  "
778130,2025-04-29,D-backs,Mets,0,0,True,True,True,0,Eduardo Rodriguez,593958,David Peterson,656849,"Final   1 2 3 4 5 6 7 8 9  R   H   E  
D-backs 0 0 0 0 1 0 0 1 1  3   8   0  
Mets    0 4 3 1 0 0 0 0 0  8   9   1  "
778125,2025-04-29,Brewers,White Sox,1,0,False,False,True,1,Freddy Peralta,642547,Tyler Gilbert,656457,"Final     1 2 3 4 5 6 7 8 9  R   H   E  
Brewers   1 0 0 0 0 4 0 2 0  7   8   0  
White Sox 2 0 0 0 0 0 0 0 0  2   4   1  "
778122,2025-04-29,Athletics,Rangers,0,0,True,True,True,0,Jacob Lopez,682052,Jacob deGrom,594798,"Final     1 2 3 4 5 6 7 8 9  R   H   E  
Athletics 0 0 0 0 0 0 2 0 0  2   8   0  
Rangers   0 1 2 1 0 8 0 3 0  15  18  0  "
778124,2025-04-29,Tigers,Astros,1,0,False,False,True,1,Reese Olson,681857,Ryan Gusto,687473,"Final  1 2 3 4 5 6 7 8 9  R   H   E  
Tigers 1 0 0 0 1 0 0 0 2  4   8   0  
Astros 0 0 0 0 0 3 3 0 0  6   10  0  "
778120,2025-04-29,Braves,Rockies,0,0,True,True,True,0,AJ Smith-Shawver,700363,Germán Márquez,608566,"Final   1 2 3 4 5 6 7 8 9  R   H   E  
Braves  0 2 0 3 1 1 0 1 0  8   14  0  
Rockies 0 1 0 0 0 1 0 0 0  2   6   2  "
778121,2025-04-29,Angels,Mariners,0,0,True,True,True,0,Jack Kochanowicz,686799,Bryce Miller,682243,"Final    1 2 3 4 5 6 7 8 9  R   H   E  
Angels   0 0 0 0 0 0 1 2 0  3   6   0  
Mariners 0 3 0 0 0 0 2 0 0  5   7   0  "
778126,2025-04-29,Giants,Padres,0,3,False,True,False,3,Logan Webb,657277,Nick Pivetta,601713,"Final  1 2 3 4 5 6 7 8 9  R   H   E  
Giants 0 0 0 1 0 3 0 0 0  4   7   1  
Padres 3 0 0 2 0 0 2 0 0  7   11  1  "
778123,2025-04-29,Marlins,Dodgers,1,3,False,False,False,4,Sandy Alcantara,645261,Jack Dreyer,676263,"Final   1 2 3 4 5 6 7 8 9  R   H   E  
Marlins 1 0 0 0 0 0 1 0 0  2   9   2  
Dodgers 3 1 3 0 0 4 1 3 0  15  18  0  "
778134,2025-04-30,Cardinals,Reds,1,0,False,False,True,1,Miles Mikolas,571945,Brady Singer,663903,"Final     1 2 3 4 5 6 7 8 9  R   H   E  
Cardinals 1 0 0 0 0 0 0 0 5  6   7   0  
Reds      0 0 0 0 0 0 0 0 0  0   3   0  "
778119,2025-04-30,Cardinals,Reds,3,0,False,False,True,3,Steven Matz,571927,Chase Petty,695534,"Final     1 2 3 4 5 6 7 8 9  R   H   E  
Cardinals 3 1 5 0 0 0 0 0 0  9   8   0  
Reds      0 0 0 0 0 1 0 0 0  1   7   0  "
778110,2025-04-30,Tigers,Astros,0,1,False,True,False,1,Jackson Jobe,695549,AJ Blubaugh,805123,"Final  1 2 3 4 5 6 7 8 9  R   H   E  
Tigers 0 2 5 0 0 0 0 0 0  7   11  1  
Astros 1 0 0 0 2 0 1 0 0  4   9   2  "
778102,2025-04-30,Braves,Rockies,0,0,True,True,True,0,Chris Sale,519242,Chase Dollander,801403,"Final   1 2 3 4 5 6 7 8 9  R   H   E  
Braves  0 0 1 0 0 0 0 0 0  1   3   0  
Rockies 0 1 1 0 0 0 0 0 0  2   5   0  "
778109,2025-04-30,Marlins,Dodgers,0,0,True,True,True,0,Cal Quantrill,615698,Tony Gonsolin,664062,"Final   1 2 3 4 5 6 7 8 9  R   H   E  
Marlins 0 0 0 2 0 1 0 0 4  7   9   1  
Dodgers 0 1 3 0 0 4 1 3 0  12  17  0  "
778104,2025-04-30,Angels,Mariners,1,0,False,False,True,1,Tyler Anderson,542881,Emerson Hancock,676106,"Final    1 2 3 4 5 6 7 8 9  R   H   E  
Angels   1 0 1 1 0 0 0 0 0  3   10  2  
Mariners 0 2 1 0 0 0 6 0 0  9   12  1  "
778105,2025-04-30,Giants,Padres,0,0,True,True,True,0,Landen Roupp,694738,Michael King,650633,"Final  1 2 3 4 5 6 7 8 9  R   H   E  
Giants 0 0 0 0 0 1 1 1 0  3   5   0  
Padres 0 1 1 0 2 1 0 0 0  5   10  0  "
778116,2025-04-30,Twins,Guardians,0,0,True,True,True,0,Pablo López,641154,Luis L. Ortiz,682847,"Final     1 2 3 4 5 6 7 8 9  R   H   E  
Twins     0 0 0 0 0 0 0 1 1  2   6   1  
Guardians 0 0 0 0 0 0 4 0 0  4   5   1  "
778115,2025-04-30,Yankees,Orioles,2,0,False,False,True,2,Carlos Carrasco,471911,Cade Povich,700249,"Final   1 2 3 4 5 6 7 8 9  R   H   E  
Yankees 2 0 0 0 1 0 1 0 0  4   7   1  
Orioles 0 4 0 0 1 0 0 0 0  5   10  1  "
778112,2025-04-30,Cubs,Pirates,0,1,False,True,False,1,Matthew Boyd,571510,Carmen Mlodzinski,669387,"Final   1 2 3 4 5 6 7 8 9  R   H   E  
Cubs    0 0 0 0 3 0 0 0 0  3   9   1  
Pirates 1 0 0 1 0 0 2 0 0  4   9   0  "
778118,2025-04-30,Nationals,Phillies,0,3,False,True,False,3,Jake Irvin,663623,Cristopher Sánchez,650911,"Final     1 2 3 4 5 6 7 8 9  R   H   E  
Nationals 0 0 1 0 1 0 0 0 0  2   5   1  
Phillies  3 0 0 1 1 1 0 1 0  7   10  0  "
778113,2025-04-30,Royals,Rays,2,0,False,False,True,2,Noah Cameron,702070,Drew Rasmussen,656876,"Final  1 2 3 4 5 6 7 8 9  R   H   E  
Royals 2 0 0 0 1 0 0 0 0  3   11  1  
Rays   0 0 0 0 0 0 0 0 0  0   4   1  "
778114,2025-04-30,Red Sox,Blue Jays,0,0,True,True,True,0,Lucas Giolito,608337,Yariel Rodríguez,684320,"Final     1 2 3 4 5 6 7 8 9 10 R   H   E  
Red Sox   2 2 0 0 0 2 0 0 0 0  6   7   0  
Blue Jays 0 0 0 0 0 3 3 0 0 1  7   10  1  "
778117,2025-04-30,D-backs,Mets,0,0,True,True,True,0,Corbin Burnes,669203,Huascar Brazobán,623211,"Final   1 2 3 4 5 6 7 8 9  R   H   E  
D-backs 0 0 0 0 0 0 2 0 2  4   8   0  
Mets    0 0 1 0 0 0 0 0 2  3   7   0  "
778111,2025-04-30,Brewers,White Sox,2,0,False,False,True,2,Tobias Myers,668964,Shane Smith,681343,"Final     1 2 3 4 5 6 7 8 9  R   H   E  
Brewers   2 0 0 1 0 0 0 3 0  6   8   1  
White Sox 0 2 0 0 1 0 0 1 0  4   10  3  "
778106,2025-04-30,Athletics,Rangers,0,0,True,True,True,0,Luis Severino,622663,Nathan Eovaldi,543135,"Final     1 2 3 4 5 6 7 8 9  R   H   E  
Athletics 0 0 1 0 0 0 0 0 6  7   11  0  
Rangers   0 0 0 1 0 0 0 0 0  1   9   0  "
778100,2025-05-01,Cubs,Pirates,0,1,False,True,False,1,Colin Rea,607067,Paul Skenes,694973,"Final   1 2 3 4 5 6 7 8 9  R   H   E  
Cubs    0 0 0 0 3 0 2 0 3  8   11  1  
Pirates 1 0 1 0 0 0 0 1 0  3   5   0  "
778107,2025-05-01,Cardinals,Reds,0,0,True,True,True,0,Matthew Liberatore,669461,Andrew Abbott,671096,"Final     1 2 3 4 5 6 7 8 9  R   H   E  
Cardinals 0 0 1 0 0 0 0 0 0  1   3   1  
Reds      0 2 0 2 0 1 3 1 0  9   9   1  "
778103,2025-05-01,D-backs,Mets,0,0,True,True,True,0,Zac Gallen,668678,Kodai Senga,673540,"Final   1 2 3 4 5 6 7 8 9  R   H   E  
D-backs 0 0 0 1 1 0 1 0 1  4   9   0  
Mets    0 0 0 0 0 1 0 1 0  2   5   2  "
778097,2025-05-01,Royals,Rays,0,1,False,True,False,1,Seth Lugo,607625,Shane Baz,669358,"Final  1 2 3 4 5 6 7 8 9  R   H   E  
Royals 0 0 0 1 3 3 0 1 0  8   15  0  
Rays   1 0 0 0 0 1 0 0 0  2   8   0  "
778108,2025-05-01,Twins,Guardians,0,1,False,True,False,1,Simeon Woods Richardson,680573,Ben Lively,594902,"Final     1 2 3 4 5 6 7 8 9 10 R   H   E  
Twins     0 0 0 0 0 0 2 0 0 1  3   13  0  
Guardians 1 0 0 1 0 0 0 0 0 2  4   6   0  "
778094,2025-05-01,Brewers,White Sox,0,0,True,True,True,0,Chad Patrick,694477,Sean Burke,680732,"Final     1 2 3 4 5 6 7 8 9  R   H   E  
Brewers   0 0 0 0 0 0 0 0 0  0   2   1  
White Sox 1 0 0 0 0 3 4 0 0  8   9   1  "
778096,2025-05-01,Athletics,Rangers,1,0,False,False,True,1,Jeffrey Springs,605488,Tyler Mahle,641816,"Final     1 2 3 4 5 6 7 8 9  R   H   E  
Athletics 1 0 0 0 0 0 1 1 0  3   8   1  
Rangers   0 0 0 0 0 0 0 0 0  0   3   0  "
778099,2025-05-01,Nationals,Phillies,0,0,True,True,True,0,Brad Lord,695418,Taijuan Walker,592836,"Final     1 2 3 4 5 6 7 8 9  R   H   E  
Nationals 0 0 0 0 0 4 0 0 0  4   6   0  
Phillies  0 0 0 0 1 1 0 0 0  2   9   1  "
778095,2025-05-01,Red Sox,Blue Jays,0,0,True,True,True,0,Tanner Houck,656557,José Berríos,621244,"Final     1 2 3 4 5 6 7 8 9  R   H   E  
Red Sox   0 0 0 0 2 0 0 0 0  2   7   0  
Blue Jays 0 0 0 0 0 0 1 3 0  4   7   0  "
778101,2025-05-01,Tigers,Angels,0,0,True,True,True,0,Casey Mize,663554,Yusei Kikuchi,579328,"Final  1 2 3 4 5 6 7 8 9  R   H   E  
Tigers 0 0 2 0 0 0 0 5 3  10  13  0  
Angels 0 1 2 1 0 0 0 0 0  4   8   1  "
778098,2025-05-01,Rockies,Giants,0,1,False,True,False,1,Kyle Freeland,607536,Justin Verlander,434378,"Final   1 2 3 4 5 6 7 8 9  R   H   E  
Rockies 0 0 1 0 0 0 1 2 0  4   8   0  
Giants  1 0 0 0 0 2 0 0 0  3   9   1  "
778087,2025-05-02,Nationals,Reds,0,2,False,True,False,2,Mitchell Parker,680730,Hunter Greene,668881,"Final     1 2 3 4 5 6 7 8 9  R   H   E  
Nationals 0 0 0 0 1 0 0 0 0  1   4   0  
Reds      2 1 2 0 0 1 0 0 0  6   7   0  "
778090,2025-05-02,Padres,Pirates,0,0,True,True,True,0,Dylan Cease,656302,Mitch Keller,656605,"Final   1 2 3 4 5 6 7 8 9  R   H   E  
Padres  0 0 0 2 3 0 0 3 1  9   14  0  
Pirates 0 0 1 1 1 1 0 0 0  4   7   2  "
778086,2025-05-02,D-backs,Phillies,0,1,False,True,False,1,Merrill Kelly,518876,Jesús Luzardo,666200,"Final    1 2 3 4 5 6 7 8 9  R   H   E  
D-backs  0 0 0 1 0 1 0 0 0  2   10  0  
Phillies 1 0 0 0 0 0 2 0 0  3   6   0  "
778093,2025-05-02,Royals,Orioles,0,0,True,True,True,0,Michael Wacha,608379,Dean Kremer,665152,"Final   1 2 3 4 5 6 7 8 9  R   H   E  
Royals  0 0 0 0 0 0 0 0 0  0   4   0  
Orioles 0 0 0 0 0 0 3 0 0  3   9   0  "
778088,2025-05-02,Rays,Yankees,0,0,True,True,True,0,Ryan Pepiot,686752,Max Fried,608331,"Final   1 2 3 4 5 6 7 8 9  R   H   E  
Rays    0 0 0 0 0 0 0 0 0  0   1   1  
Yankees 0 0 0 0 3 0 0 0 0  3   6   1  "
778081,2025-05-02,Guardians,Blue Jays,0,0,True,True,True,0,Logan Allen,671106,Chris Bassitt,605135,"Final     1 2 3 4 5 6 7 8 9  R   H   E  
Guardians 0 1 0 1 0 1 0 0 0  3   9   2  
Blue Jays 0 0 2 0 1 0 0 2 0  5   9   1  "
778089,2025-05-02,Twins,Red Sox,0,0,True,True,True,0,Joe Ryan,657746,Brayan Bello,678394,"Final   1 2 3 4 5 6 7 8 9  R   H   E  
Twins   0 0 1 0 0 0 0 0 0  1   6   1  
Red Sox 1 0 0 0 0 0 2 3 0  6   13  1  "
778091,2025-05-02,Athletics,Marlins,0,0,True,True,True,0,Gunnar Hoglund,680684,Valente Bellozo,678368,"Final     1 2 3 4 5 6 7 8 9  R   H   E  
Athletics 0 2 1 0 3 0 0 0 0  6   7   0  
Marlins   0 0 0 0 0 1 0 0 0  1   7   2  "
778092,2025-05-02,Dodgers,Braves,0,0,True,True,True,0,Yoshinobu Yamamoto,808967,Grant Holmes,656550,"Final   1 2 3 4 5 6 7 8 9  R   H   E  
Dodgers 0 0 0 1 0 1 0 0 0  2   4   0  
Braves  0 0 0 0 0 0 1 0 0  1   2   0  "
778079,2025-05-02,Astros,White Sox,0,0,True,True,True,0,Framber Valdez,664285,Jonathan Cannon,686563,"Final     1 2 3 4 5 6 7 8 9  R   H   E  
Astros    0 0 0 1 0 1 0 1 0  3   10  0  
White Sox 1 1 0 0 2 0 0 3 0  7   9   2  "
778083,2025-05-02,Mariners,Rangers,0,0,True,True,True,0,Bryan Woo,693433,Jack Leiter,683004,"Final    1 2 3 4 5 6 7 8 9  R   H   E  
Mariners 0 0 0 1 7 2 0 0 3  13  17  0  
Rangers  0 0 0 0 0 0 0 0 1  1   3   1  "
778080,2025-05-02,Cubs,Brewers,2,0,False,False,True,2,Ben Brown,676962,Tyler Alexander,641302,"Final   1 2 3 4 5 6 7 8 9  R   H   E  
Cubs    2 7 0 0 0 0 1 0 0  10  12  0  
Brewers 0 0 0 0 0 0 0 0 0  0   5   0  "
778084,2025-05-02,Mets,Cardinals,0,1,False,True,False,1,Clay Holmes,605280,Sonny Gray,543243,"Final     1 2 3 4 5 6 7 8 9  R   H   E  
Mets      0 2 0 0 4 0 2 0 1  9   17  1  
Cardinals 1 0 2 0 0 0 0 0 0  3   9   1  "
778085,2025-05-02,Tigers,Angels,0,1,False,True,False,1,Tarik Skubal,669373,José Soriano,667755,"Final  1 2 3 4 5 6 7 8 9  R   H   E  
Tigers 0 0 0 0 0 0 1 0 8  9   14  0  
Angels 1 0 0 0 0 0 0 0 0  1   4   1  "
778082,2025-05-02,Rockies,Giants,0,0,True,True,True,0,Antonio Senzatela,622608,Robbie Ray,592662,"Final   1 2 3 4 5 6 7 8 9  R   H   E  
Rockies 0 0 0 0 0 0 0 0 0  0   3   0  
Giants  0 3 1 0 0 0 0 0 0  4   7   0  "
778074,2025-05-03,Rays,Yankees,0,1,False,True,False,1,Zack Littell,641793,Ryan Yarbrough,642232,"Final   1 2 3 4 5 6 7 8 9  R   H   E  
Rays    0 1 0 0 0 0 0 2 0  3   5   0  
Yankees 1 0 0 0 1 0 0 0 0  2   5   1  "
778066,2025-05-03,Astros,White Sox,0,0,True,True,True,0,Hunter Brown,686613,Davis Martin,663436,"Final     1 2 3 4 5 6 7 8 9  R   H   E  
Astros    0 0 1 2 0 3 0 2 0  8   13  1  
White Sox 3 0 0 0 0 0 0 0 0  3   6   0  "
778064,2025-05-03,Guardians,Blue Jays,0,0,True,True,True,0,Gavin Williams,668909,Kevin Gausman,592332,"Final     1 2 3 4 5 6 7 8 9  R   H   E  
Guardians 0 0 0 0 0 0 0 1 4  5   4   0  
Blue Jays 1 0 1 0 1 0 0 0 0  3   8   0  "
778065,2025-05-03,Padres,Pirates,0,0,True,True,True,0,Randy Vásquez,681190,Bailey Falter,663559,"Final   1 2 3 4 5 6 7 8 9  R   H   E  
Padres  0 0 0 0 0 0 1 0 1  2   3   1  
Pirates 0 1 0 0 0 0 0 0 0  1   6   0  "
778069,2025-05-03,Rockies,Giants,0,0,True,True,True,0,Bradley Blalock,687134,Jordan Hicks,663855,"Final   1 2 3 4 5 6 7 8 9  R   H   E  
Rockies 0 0 0 0 0 3 0 0 0  3   5   0  
Giants  0 0 1 0 0 5 0 0 0  6   5   1  "
778073,2025-05-03,Twins,Red Sox,0,0,True,True,True,0,Bailey Ober,641927,Hunter Dobbins,690928,"Final   1 2 3 4 5 6 7 8 9  R   H   E  
Twins   0 0 0 1 0 3 0 0 0  4   10  1  
Red Sox 0 0 1 0 0 0 2 0 0  3   12  0  "
778075,2025-05-03,Athletics,Marlins,1,0,False,False,True,1,Osvaldo Bido,674370,Max Meyer,676974,"Final     1 2 3 4 5 6 7 8 9  R   H   E  
Athletics 1 1 0 2 0 1 0 1 0  6   11  0  
Marlins   0 0 2 0 2 0 0 0 5  9   5   0  "
778078,2025-05-03,D-backs,Phillies,0,0,True,True,True,0,Brandon Pfaadt,694297,Aaron Nola,605400,"Final    1 2 3 4 5 6 7 8 9  R   H   E  
D-backs  0 0 0 0 0 0 2 0 0  2   7   1  
Phillies 0 3 3 1 0 0 0 0 0  7   11  0  "
778077,2025-05-03,Nationals,Reds,2,2,False,False,False,4,Trevor Williams,592866,Nick Lodolo,666157,"Final     1 2 3 4 5 6 7 8 9  R   H   E  
Nationals 2 0 0 1 0 4 1 2 1  11  15  1  
Reds      2 1 0 0 0 1 0 1 1  6   12  2  "
778070,2025-05-03,Mariners,Rangers,1,0,False,False,True,1,Luis Castillo,622491,Patrick Corbin,571578,"Final    1 2 3 4 5 6 7 8 9  R   H   E  
Mariners 1 0 0 0 0 0 0 0 1  2   10  0  
Rangers  0 0 0 1 0 0 0 0 0  1   5   0  "
778071,2025-05-03,Cubs,Brewers,1,0,False,False,True,1,Jameson Taillon,592791,Jose Quintana,500779,"Final   1 2 3 4 5 6 7 8 9  R   H   E  
Cubs    1 0 0 4 1 0 0 0 0  6   8   0  
Brewers 0 0 1 1 0 0 0 0 0  2   4   1  "
778072,2025-05-03,Royals,Orioles,0,0,True,True,True,0,Kris Bubic,663460,Tomoyuki Sugano,608372,"Final   1 2 3 4 5 6 7 8 9  R   H   E  
Royals  0 0 0 1 1 0 0 2 0  4   8   0  
Orioles 0 0 0 0 0 0 0 0 0  0   6   1  "
778076,2025-05-03,Dodgers,Braves,0,0,True,True,True,0,Roki Sasaki,808963,Spencer Schwellenbach,680885,"Final   1 2 3 4 5 6 7 8 9  R   H   E  
Dodgers 0 1 2 4 0 0 0 3 0  10  12  0  
Braves  0 1 0 2 0 0 0 0 0  3   10  1  "
778067,2025-05-03,Tigers,Angels,0,0,True,True,True,0,Jack Flaherty,656427,Kyle Hendricks,543294,"Final  1 2 3 4 5 6 7 8 9  R   H   E  
Tigers 0 0 0 0 0 0 0 1 1  2   6   1  
Angels 0 1 0 0 0 4 0 0 0  5   10  1  "
778053,2025-05-04,Mets,Cardinals,1,0,False,False,True,1,Blade Tidwell,694918,Erick Fedde,607200,"Final     1 2 3 4 5 6 7 8 9  R   H   E  
Mets      1 0 1 0 0 1 0 2 0  5   10  0  
Cardinals 0 1 1 4 0 0 0 0 0  6   11  1  "
778068,2025-05-04,Mets,Cardinals,0,0,True,True,True,0,Tylor Megill,656731,Andre Pallante,669467,"Final     1 2 3 4 5 6 7 8 9  R   H   E  
Mets      0 0 4 0 0 0 0 0 0  4   10  0  
Cardinals 0 2 2 0 0 1 0 0 0  5   9   0  "
778062,2025-05-04,Royals,Orioles,0,0,True,True,True,0,Michael Lorenzen,547179,Kyle Gibson,502043,"Final   1 2 3 4 5 6 7 8 9  R   H   E  
Royals  0 1 0 2 1 1 2 2 2  11  17  0  
Orioles 0 1 1 1 2 0 0 1 0  6   11  0  "
778051,2025-05-04,Padres,Pirates,1,0,False,False,True,1,Stephen Kolek,663568,Andrew Heaney,571760,"Final   1 2 3 4 5 6 7 8 9  R   H   E  
Padres  1 3 0 0 0 0 0 0 0  4   10  0  
Pirates 0 0 0 0 0 0 0 0 0  0   8   1  "
778063,2025-05-04,Twins,Red Sox,1,0,False,False,True,1,Chris Paddack,663978,Garrett Crochet,676979,"Final   1 2 3 4 5 6 7 8 9  R   H   E  
Twins   1 0 0 0 0 0 2 2 0  5   9   0  
Red Sox 0 2 1 0 0 0 0 1 0  4   7   1  "
778057,2025-05-04,Rays,Yankees,0,0,True,True,True,0,Taj Bradley,671737,Will Warren,701542,"Final   1 2 3 4 5 6 7 8 9  R   H   E  
Rays    0 1 1 3 0 0 2 0 0  7   16  0  
Yankees 0 0 0 0 0 2 0 3 0  5   8   2  "
778056,2025-05-04,Guardians,Blue Jays,0,0,True,True,True,0,Tanner Bibee,676440,Bowden Francis,670102,"Final     1 2 3 4 5 6 7 8 9  R   H   E  
Guardians 0 0 1 3 0 0 0 0 1  5   10  3  
Blue Jays 0 0 0 3 0 0 0 0 1  4   7   0  "
778061,2025-05-04,Athletics,Marlins,0,0,True,True,True,0,JP Sears,676664,Edward Cabrera,665795,"Final     1 2 3 4 5 6 7 8 9  R   H   E  
Athletics 0 2 0 0 0 0 0 0 1  3   10  0  
Marlins   0 0 0 2 0 0 0 0 0  2   5   0  "
778059,2025-05-04,D-backs,Phillies,0,1,False,True,False,1,Eduardo Rodriguez,593958,Ranger Suárez,624133,"Final    1 2 3 4 5 6 7 8 9 10 R   H   E  
D-backs  0 0 3 4 0 0 0 0 1 3  11  12  0  
Phillies 1 0 0 1 0 3 1 0 2 1  9   14  1  "
778054,2025-05-04,Cubs,Brewers,0,0,True,True,True,0,Shota Imanaga,684007,Freddy Peralta,642547,"Final   1 2 3 4 5 6 7 8 9  R   H   E  
Cubs    0 0 0 0 0 0 0 0 0  0   5   0  
Brewers 0 0 0 0 0 4 0 0 0  4   6   1  "
778052,2025-05-04,Mariners,Rangers,0,0,True,True,True,0,Logan Evans,688138,Jacob deGrom,594798,"Final    1 2 3 4 5 6 7 8 9  R   H   E  
Mariners 0 0 1 0 0 0 0 0 0  1   4   1  
Rangers  0 0 6 0 0 0 0 2 0  8   11  0  "
778048,2025-05-04,Rockies,Giants,0,1,False,True,False,1,Germán Márquez,608566,Logan Webb,657277,"Final   1 2 3 4 5 6 7 8 9  R   H   E  
Rockies 0 0 0 0 1 0 0 2 0  3   10  0  
Giants  1 0 1 0 3 0 4 0 0  9   13  2  "
778050,2025-05-04,Tigers,Angels,0,0,True,True,True,0,Reese Olson,681857,Jack Kochanowicz,686799,"Final  1 2 3 4 5 6 7 8 9  R   H   E  
Tigers 0 3 2 0 0 3 3 0 2  13  16  0  
Angels 0 0 0 0 0 0 1 0 0  1   5   0  "
778058,2025-05-04,Nationals,Reds,0,0,True,True,True,0,MacKenzie Gore,669022,Nick Martinez,607259,"Final     1 2 3 4 5 6 7 8 9  R   H   E  
Nationals 0 1 0 0 0 0 3 0 0  4   9   0  
Reds      0 1 0 0 0 0 0 0 0  1   5   1  "
778060,2025-05-04,Dodgers,Braves,0,2,False,True,False,2,Dustin May,669160,Bryce Elder,693821,"Final   1 2 3 4 5 6 7 8 9  R   H   E  
Dodgers 0 0 0 1 0 1 1 0 0  3   7   0  
Braves  2 0 2 0 0 0 0 0 0  4   8   0  "
778047,2025-05-05,Dodgers,Marlins,1,0,False,False,True,1,Jack Dreyer,676263,Sandy Alcantara,645261,"Final   1 2 3 4 5 6 7 8 9  R   H   E  
Dodgers 1 0 2 0 2 1 1 0 0  7   13  1  
Marlins 0 0 0 0 0 1 0 3 0  4   10  1  "
778045,2025-05-05,Padres,Yankees,0,0,True,True,True,0,Nick Pivetta,601713,Carlos Rodón,607074,"Final   1 2 3 4 5 6 7 8 9  R   H   E  
Padres  0 0 0 0 0 0 0 4 0  4   6   1  
Yankees 0 0 2 0 0 1 0 0 0  3   6   0  "
778049,2025-05-05,Reds,Braves,0,0,True,True,True,0,Brady Singer,663903,AJ Smith-Shawver,700363,"Final  1 2 3 4 5 6 7 8 9  R   H   E  
Reds   0 0 0 0 0 0 0 0 0  0   1   0  
Braves 0 0 4 0 0 0 0 0 0  4   7   0  "
778044,2025-05-05,Giants,Cubs,0,0,True,True,True,0,Landen Roupp,694738,Matthew Boyd,571510,"Final  1 2 3 4 5 6 7 8 9  R   H   E  
Giants 0 0 0 2 0 0 0 0 0  2   7   4  
Cubs   0 0 2 2 0 5 0 0 0  9   9   0  "
778043,2025-05-05,White Sox,Royals,0,0,True,True,True,0,Shane Smith,681343,Cole Ragans,666142,"Final     1 2 3 4 5 6 7 8 9  R   H   E  
White Sox 0 0 0 0 0 0 0 0 0  0   6   0  
Royals    0 0 0 1 1 0 0 1 0  3   7   0  "
778042,2025-05-05,Astros,Brewers,0,0,True,True,True,0,Ronel Blanco,669854,Tobias Myers,668964,"Final   1 2 3 4 5 6 7 8 9  R   H   E  
Astros  0 0 0 0 0 1 0 0 0  1   9   0  
Brewers 0 0 3 0 0 0 0 2 0  5   10  1  "
778036,2025-05-05,Pirates,Cardinals,2,0,False,False,True,2,Carmen Mlodzinski,669387,Miles Mikolas,571945,"Final     1 2 3 4 5 6 7 8 9  R   H   E  
Pirates   2 0 0 1 0 0 0 0 0  3   7   0  
Cardinals 0 0 2 0 0 4 0 0 0  6   11  1  "
778039,2025-05-05,Mets,D-backs,0,1,False,True,False,1,Griffin Canning,656288,Ryne Nelson,669194,"Final   1 2 3 4 5 6 7 8 9  R   H   E  
Mets    0 0 0 2 0 0 3 0 0  5   8   0  
D-backs 1 0 0 0 0 0 0 3 0  4   9   0  "
778038,2025-05-05,Mariners,Athletics,0,1,False,True,False,1,Bryce Miller,682243,Luis Severino,622663,"Final     1 2 3 4 5 6 7 8 9 1011 R   H   E  
Mariners  0 0 4 0 0 0 0 1 0 1 0  6   8   1  
Athletics 1 1 0 2 0 0 1 0 0 1 1  7   13  0  "
778026,2025-05-06,Guardians,Nationals,1,1,False,False,False,2,Luis L. Ortiz,682847,Jake Irvin,663623,"Final     1 2 3 4 5 6 7 8 9  R   H   E  
Guardians 1 1 0 0 0 0 6 0 1  9   14  2  
Nationals 1 0 2 0 1 2 4 0 0  10  10  0  "
778046,2025-05-06,Guardians,Nationals,0,0,True,True,True,0,Ben Lively,594902,Brad Lord,695418,"Final     1 2 3 4 5 6 7 8 9  R   H   E  
Guardians 0 0 0 0 0 3 3 2 1  9   8   0  
Nationals 0 0 0 0 0 1 0 0 0  1   4   0  "
778035,2025-05-06,Dodgers,Marlins,1,0,False,False,True,1,Tony Gonsolin,664062,Cal Quantrill,615698,"Final   1 2 3 4 5 6 7 8 9 10 R   H   E  
Dodgers 1 0 0 0 0 2 1 0 0 0  4   8   0  
Marlins 0 0 0 0 2 2 0 0 0 1  5   11  0  "
778037,2025-05-06,Rangers,Red Sox,1,0,False,False,True,1,Nathan Eovaldi,543135,Lucas Giolito,608337,"Final   1 2 3 4 5 6 7 8 9  R   H   E  
Rangers 1 0 0 5 0 0 0 0 0  6   16  0  
Red Sox 0 0 0 0 0 1 0 0 0  1   6   0  "
778040,2025-05-06,Phillies,Rays,0,0,True,True,True,0,Zack Wheeler,554430,Drew Rasmussen,656876,"Final    1 2 3 4 5 6 7 8 9  R   H   E  
Phillies 0 3 0 0 0 0 0 4 1  8   13  0  
Rays     0 0 0 2 0 0 0 1 1  4   6   0  "
778041,2025-05-06,Padres,Yankees,0,0,True,True,True,0,Michael King,650633,Clarke Schmidt,657376,"Final   1 2 3 4 5 6 7 8 9  R   H   E  
Padres  0 0 0 2 0 0 1 0 0  3   10  1  
Yankees 0 0 0 2 0 0 100 0  12  10  1  "
778034,2025-05-06,Reds,Braves,0,0,True,True,True,0,Andrew Abbott,671096,Chris Sale,519242,"Final  1 2 3 4 5 6 7 8 9 10 R   H   E  
Reds   0 0 0 0 0 0 0 1 0 0  1   7   0  
Braves 0 0 0 0 0 0 0 0 1 1  2   8   0  "
778027,2025-05-06,Giants,Cubs,0,0,True,True,True,0,Justin Verlander,434378,Colin Rea,607067,"Final  1 2 3 4 5 6 7 8 9 1011 R   H   E  
Giants 0 2 2 1 0 0 0 0 0 0 9  14  16  1  
Cubs   0 0 2 0 1 0 0 0 2 0 0  5   8   2  "
778028,2025-05-06,Orioles,Twins,0,0,True,True,True,0,Cade Povich,700249,Pablo López,641154,"Final   1 2 3 4 5 6 7 8 9  R   H   E  
Orioles 0 0 0 1 0 0 0 0 0  1   3   2  
Twins   0 0 5 0 0 0 4 0 0  9   10  0  "
778033,2025-05-06,White Sox,Royals,0,0,True,True,True,0,Sean Burke,680732,Seth Lugo,607625,"Final     1 2 3 4 5 6 7 8 9  R   H   E  
White Sox 0 0 0 1 0 1 0 1 0  3   10  1  
Royals    0 0 0 0 0 1 0 1 2  4   8   1  "
778031,2025-05-06,Astros,Brewers,0,4,False,True,False,4,Hayden Wesneski,669713,Chad Patrick,694477,"Final   1 2 3 4 5 6 7 8 9  R   H   E  
Astros  0 0 0 0 0 0 3 0 0  3   5   0  
Brewers 4 0 0 0 0 0 0 0 0  4   6   0  "
778030,2025-05-06,Pirates,Cardinals,0,0,True,True,True,0,Paul Skenes,694973,Matthew Liberatore,669461,"Final     1 2 3 4 5 6 7 8 9  R   H   E  
Pirates   0 0 0 0 0 1 0 0 0  1   4   0  
Cardinals 0 0 0 0 0 2 0 0 0  2   4   0  "
778025,2025-05-06,Blue Jays,Angels,2,0,False,False,True,2,José Ureña,570632,Tyler Anderson,542881,"Final     1 2 3 4 5 6 7 8 9  R   H   E  
Blue Jays 2 0 0 0 0 0 0 1 0  3   9   1  
Angels    2 0 0 0 0 0 0 6 0  8   9   0  "
778032,2025-05-06,Mets,D-backs,0,0,True,True,True,0,David Peterson,656849,Zac Gallen,668678,"Final   1 2 3 4 5 6 7 8 9  R   H   E  
Mets    0 0 1 0 0 0 0 0 0  1   4   2  
D-backs 0 0 0 2 0 2 1 0 0  5   7   0  "
778024,2025-05-06,Mariners,Athletics,1,1,False,False,False,2,Emerson Hancock,676106,Jeffrey Springs,605488,"Final     1 2 3 4 5 6 7 8 9  R   H   E  
Mariners  1 1 0 0 0 0 0 0 3  5   10  1  
Athletics 1 0 1 0 0 0 0 1 0  3   10  0  "
778022,2025-05-07,Guardians,Nationals,0,0,True,True,True,0,Logan Allen,671106,Michael Soroka,647336,"Final     1 2 3 4 5 6 7 8 9  R   H   E  
Guardians 0 0 0 0 0 8 0 0 0  8   10  1  
Nationals 0 1 2 0 0 0 3 0 0  6   13  0  "
778015,2025-05-07,Astros,Brewers,0,0,True,True,True,0,Framber Valdez,664285,Quinn Priester,682990,"Final   1 2 3 4 5 6 7 8 9  R   H   E  
Astros  0 1 0 0 2 3 0 0 3  9   8   0  
Brewers 0 0 0 0 1 0 0 0 0  1   4   2  "
778016,2025-05-07,Pirates,Cardinals,0,0,True,True,True,0,Mitch Keller,656605,Sonny Gray,543243,"Final     1 2 3 4 5 6 7 8 9  R   H   E  
Pirates   0 0 0 0 0 0 0 0 0  0   4   0  
Cardinals 0 0 2 0 1 0 0 2 0  5   11  1  "
778020,2025-05-07,Giants,Cubs,1,0,False,False,True,1,Robbie Ray,592662,Ben Brown,676962,"Final  1 2 3 4 5 6 7 8 9  R   H   E  
Giants 1 0 0 2 0 0 0 0 0  3   9   0  
Cubs   0 0 0 1 0 0 0 0 0  1   4   1  "
778010,2025-05-07,Mariners,Athletics,0,3,False,True,False,3,Bryan Woo,693433,Gunnar Hoglund,680684,"Final     1 2 3 4 5 6 7 8 9  R   H   E  
Mariners  0 0 0 0 1 3 0 2 0  6   11  0  
Athletics 3 0 0 2 0 0 0 0 0  5   10  0  "
778014,2025-05-07,Mets,D-backs,0,0,True,True,True,0,Kodai Senga,673540,Merrill Kelly,518876,"Final   1 2 3 4 5 6 7 8 9  R   H   E  
Mets    0 0 0 0 0 1 2 1 3  7   8   0  
D-backs 0 0 0 0 0 0 0 1 0  1   6   1  "
778017,2025-05-07,Dodgers,Marlins,0,0,True,True,True,0,Landon Knack,689017,Valente Bellozo,678368,"Final   1 2 3 4 5 6 7 8 9  R   H   E  
Dodgers 0 0 0 0 0 1 6 0 3  10  12  2  
Marlins 0 0 0 0 0 0 0 0 1  1   5   0  "
778018,2025-05-07,Rangers,Red Sox,0,0,True,True,True,0,Tyler Mahle,641816,Tanner Houck,656557,"Final   1 2 3 4 5 6 7 8 9  R   H   E  
Rangers 0 0 1 1 1 0 0 0 1  4   8   1  
Red Sox 0 0 0 2 0 1 2 1 0  6   11  1  "
778021,2025-05-07,Phillies,Rays,0,0,True,True,True,0,Cristopher Sánchez,650911,Shane Baz,669358,"Final    1 2 3 4 5 6 7 8 9  R   H   E  
Phillies 0 0 1 5 0 1 0 0 0  7   11  0  
Rays     0 0 0 0 0 0 0 0 0  0   2   1  "
778019,2025-05-07,Padres,Yankees,0,0,True,True,True,0,Dylan Cease,656302,Max Fried,608331,"Final   1 2 3 4 5 6 7 8 9 10 R   H   E  
Padres  0 0 0 1 0 0 0 2 0 0  3   6   1  
Yankees 0 0 0 0 0 0 1 2 0 1  4   3   1  "
778023,2025-05-07,Reds,Braves,2,0,False,False,True,2,Hunter Greene,668881,Grant Holmes,656550,"Final  1 2 3 4 5 6 7 8 9  R   H   E  
Reds   2 0 1 1 0 0 0 0 0  4   7   0  
Braves 0 0 0 0 1 2 0 0 0  3   6   0  "
778011,2025-05-07,Orioles,Twins,0,0,True,True,True,0,Charlie Morton,450203,Simeon Woods Richardson,680573,"Final   1 2 3 4 5 6 7 8 9  R   H   E  
Orioles 0 0 1 0 1 0 0 0 0  2   10  0  
Twins   0 0 3 0 0 0 2 0 0  5   8   0  "
778012,2025-05-07,White Sox,Royals,0,0,True,True,True,0,Jonathan Cannon,686563,Michael Wacha,608379,"Final     1 2 3 4 5 6 7 8 9  R   H   E  
White Sox 0 0 0 0 0 0 0 0 1  1   6   0  
Royals    0 0 0 0 2 0 0 0 0  2   10  0  "
778013,2025-05-07,Tigers,Rockies,0,2,False,True,False,2,Jackson Jobe,695549,Chase Dollander,801403,"Final   1 2 3 4 5 6 7 8 9 10 R   H   E  
Tigers  0 0 3 3 0 0 0 0 0 2  8   10  0  
Rockies 2 1 2 1 0 0 0 0 0 0  6   13  1  "
778009,2025-05-07,Blue Jays,Angels,0,0,True,True,True,0,José Berríos,621244,Yusei Kikuchi,579328,"Final     1 2 3 4 5 6 7 8 9  R   H   E  
Blue Jays 0 0 0 0 0 1 3 0 0  4   12  0  
Angels    0 0 0 0 0 1 1 0 3  5   9   0  "
778007,2025-05-08,Orioles,Twins,0,1,False,True,False,1,Dean Kremer,665152,Bailey Ober,641927,"Final   1 2 3 4 5 6 7 8 9  R   H   E  
Orioles 0 1 1 0 0 0 0 0 0  2   10  0  
Twins   1 0 0 0 0 1 0 3 0  5   5   1  "
778006,2025-05-08,Rangers,Red Sox,0,0,True,True,True,0,Jack Leiter,683004,Brayan Bello,678394,"Final   1 2 3 4 5 6 7 8 9  R   H   E  
Rangers 0 0 0 0 0 0 0 0 0  0   5   0  
Red Sox 0 2 0 0 1 1 1 0 0  5   6   0  "
778008,2025-05-08,White Sox,Royals,1,0,False,False,True,1,Davis Martin,663436,Kris Bubic,663460,"Final     1 2 3 4 5 6 7 8 9  R   H   E  
White Sox 0 0 0 0 0 0 0 0 0  0   6   0  
Royals    1 0 1 0 2 2 0 4 0  10  17  0  "
778004,2025-05-08,Tigers,Rockies,2,0,False,False,True,2,Casey Mize,663554,Kyle Freeland,607536,"Final   1 2 3 4 5 6 7 8 9  R   H   E  
Tigers  2 5 2 0 0 0 1 0 0  10  14  0  
Rockies 0 0 0 0 1 0 0 0 1  2   4   3  "
778029,2025-05-08,Tigers,Rockies,0,0,True,True,True,0,Keider Montero,672456,Tanner Gordon,685299,"Final   1 2 3 4 5 6 7 8 9  R   H   E  
Tigers  0 0 6 0 0 0 2 3 0  11  14  0  
Rockies 0 1 0 0 0 0 0 0 0  1   5   2  "
778005,2025-05-08,Phillies,Rays,1,1,False,False,False,2,Jesús Luzardo,666200,Ryan Pepiot,686752,"Final    1 2 3 4 5 6 7 8 9 10 R   H   E  
Phillies 1 0 0 0 0 0 0 3 1 2  7   9   0  
Rays     1 0 1 0 0 0 3 0 0 1  6   14  1  "
778003,2025-05-08,Reds,Braves,0,1,False,True,False,1,Nick Lodolo,666157,Spencer Schwellenbach,680885,"Final  1 2 3 4 5 6 7 8 9 1011 R   H   E  
Reds   0 0 0 0 1 0 1 0 2 0 0  4   9   1  
Braves 1 0 0 0 1 0 0 0 2 0 1  5   10  1  "
778000,2025-05-08,Blue Jays,Angels,2,0,False,False,True,2,Chris Bassitt,605135,José Soriano,667755,"Final     1 2 3 4 5 6 7 8 9  R   H   E  
Blue Jays 0 0 2 0 1 4 0 1 0  8   14  2  
Angels    2 2 0 0 0 0 1 0 0  5   9   1  "
777999,2025-05-08,Dodgers,D-backs,0,0,True,True,True,0,Yoshinobu Yamamoto,808967,Brandon Pfaadt,694297,"Final   1 2 3 4 5 6 7 8 9  R   H   E  
Dodgers 0 0 0 0 0 0 0 2 1  3   9   0  
D-backs 0 0 0 4 1 0 0 0 0  5   9   0  "
777996,2025-05-09,Rangers,Tigers,0,0,True,True,True,0,Patrick Corbin,571578,Tarik Skubal,669373,"Final   1 2 3 4 5 6 7 8 9  R   H   E  
Rangers 0 0 0 0 0 1 0 0 0  1   3   0  
Tigers  0 1 0 1 0 0 0 0 0  2   3   0  "
777998,2025-05-09,Braves,Pirates,0,0,True,True,True,0,Bryce Elder,693821,Bailey Falter,663559,"Final   1 2 3 4 5 6 7 8 9  R   H   E  
Braves  0 0 0 0 0 0 0 0 2  2   7   0  
Pirates 0 0 1 0 0 2 0 0 0  3   5   0  "
777995,2025-05-09,Cardinals,Nationals,2,0,False,False,True,2,Erick Fedde,607200,Mitchell Parker,680730,"Final     1 2 3 4 5 6 7 8 9  R   H   E  
Cardinals 2 0 1 1 2 0 0 3 1  10  11  0  
Nationals 0 0 0 0 0 0 0 0 0  0   6   1  "
778002,2025-05-09,Brewers,Rays,1,0,False,False,True,1,Jose Quintana,500779,Zack Littell,641793,"Final   1 2 3 4 5 6 7 8 9  R   H   E  
Brewers 1 0 0 1 0 0 0 1 0  3   8   3  
Rays    0 0 1 1 0 1 0 1 0  4   7   1  "
778001,2025-05-09,Cubs,Mets,0,1,False,True,False,1,Jameson Taillon,592791,Clay Holmes,605280,"Final 1 2 3 4 5 6 7 8 9  R   H   E  
Cubs  0 0 0 1 0 0 0 0 1  2   5   1  
Mets  1 2 2 1 0 0 0 1 0  7   13  1  "
777997,2025-05-09,Phillies,Guardians,0,0,True,True,True,0,Aaron Nola,605400,Gavin Williams,668909,"Final     1 2 3 4 5 6 7 8 9  R   H   E  
Phillies  0 0 0 0 0 0 0 0 0  0   6   0  
Guardians 0 0 0 1 3 0 2 0 0  6   9   1  "
777990,2025-05-09,Red Sox,Royals,0,0,True,True,True,0,Hunter Dobbins,690928,Michael Lorenzen,547179,"Final   1 2 3 4 5 6 7 8 9 101112 R   H   E  
Red Sox 0 0 0 0 0 0 0 0 0 0 1 0  1   6   0  
Royals  0 0 0 0 0 0 0 0 0 0 1 1  2   8   0  "
777991,2025-05-09,Marlins,White Sox,1,0,False,False,True,1,Max Meyer,676974,Bryse Wilson,669060,"Final     1 2 3 4 5 6 7 8 9  R   H   E  
Marlins   1 0 0 0 0 0 1 0 0  2   7   1  
White Sox 0 2 0 0 0 0 3 1 0  6   6   1  "
777989,2025-05-09,Reds,Astros,0,0,True,True,True,0,Nick Martinez,607259,Hunter Brown,686613,"Final  1 2 3 4 5 6 7 8 9  R   H   E  
Reds   0 0 0 0 0 0 0 0 0  0   4   0  
Astros 0 1 0 0 2 0 0 0 0  3   13  0  "
777992,2025-05-09,Giants,Twins,0,1,False,True,False,1,Jordan Hicks,663855,Chris Paddack,663978,"Final  1 2 3 4 5 6 7 8 9  R   H   E  
Giants 0 0 0 0 0 0 1 0 0  1   3   1  
Twins  1 0 0 1 1 0 0 0 0  3   7   0  "
777993,2025-05-09,Padres,Rockies,1,0,False,False,True,1,Randy Vásquez,681190,Antonio Senzatela,622608,"Final   1 2 3 4 5 6 7 8 9  R   H   E  
Padres  1 0 4 0 5 2 0 1 0  13  16  2  
Rockies 0 0 0 1 0 1 0 5 2  9   15  3  "
777986,2025-05-09,Orioles,Angels,1,0,False,False,True,1,Tomoyuki Sugano,608372,Kyle Hendricks,543294,"Final   1 2 3 4 5 6 7 8 9  R   H   E  
Orioles 1 2 0 0 0 0 0 0 1  4   9   0  
Angels  0 0 0 0 0 0 1 0 0  1   4   0  "
777988,2025-05-09,Dodgers,D-backs,1,3,False,False,False,4,Roki Sasaki,808963,Eduardo Rodriguez,593958,"Final   1 2 3 4 5 6 7 8 9  R   H   E  
Dodgers 1 2 5 0 0 0 0 0 6  14  15  0  
D-backs 3 0 0 1 4 1 0 2 0  11  11  1  "
777984,2025-05-09,Blue Jays,Mariners,0,0,True,True,True,0,Kevin Gausman,592332,Luis Castillo,622491,"Final     1 2 3 4 5 6 7 8 9  R   H   E  
Blue Jays 2 0 3 0 0 0 0 0 1  6   10  0  
Mariners  0 0 1 0 0 2 0 0 0  3   9   1  "
777994,2025-05-09,Yankees,Athletics,0,0,True,True,True,0,Will Warren,701542,Osvaldo Bido,674370,"Final     1 2 3 4 5 6 7 8 9  R   H   E  
Yankees   0 0 2 0 1 1 1 5 0  10  14  0  
Athletics 0 0 0 0 0 0 0 1 1  2   7   2  "
777980,2025-05-10,Cardinals,Nationals,0,0,True,True,True,0,Andre Pallante,669467,Trevor Williams,592866,"Final     1 2 3 4 5 6 7 8 9  R   H   E  
Cardinals 0 4 0 0 0 0 0 0 0  4   7   0  
Nationals 0 0 0 0 0 0 0 2 0  2   7   0  "
777985,2025-05-10,Braves,Pirates,0,0,True,True,True,0,AJ Smith-Shawver,700363,Andrew Heaney,571760,"Final   1 2 3 4 5 6 7 8 9 1011 R   H   E  
Braves  0 1 1 0 0 0 0 0 0 0 1  3   5   1  
Pirates 0 0 1 0 0 0 0 1 0 0 0  2   9   1  "
777972,2025-05-10,Yankees,Athletics,0,0,True,True,True,0,Carlos Rodón,607074,JP Sears,676664,"Final     1 2 3 4 5 6 7 8 9  R   H   E  
Yankees   0 0 0 1 0 5 0 0 1  7   9   1  
Athletics 0 1 3 0 0 0 3 4 0  11  14  1  "
777981,2025-05-10,Brewers,Rays,0,0,True,True,True,0,Tobias Myers,668964,Taj Bradley,671737,"Final   1 2 3 4 5 6 7 8 9  R   H   E  
Brewers 0 0 1 0 1 0 0 0 0  2   4   0  
Rays    0 0 0 2 0 0 0 0 1  3   5   2  "
777987,2025-05-10,Rangers,Tigers,2,1,False,False,False,3,Jacob deGrom,594798,Jack Flaherty,656427,"Final   1 2 3 4 5 6 7 8 9  R   H   E  
Rangers 2 1 2 0 2 0 1 0 2  10  10  0  
Tigers  1 0 0 1 0 0 0 1 0  3   7   0  "
777983,2025-05-10,Phillies,Guardians,0,0,True,True,True,0,Ranger Suárez,624133,Tanner Bibee,676440,"Final     1 2 3 4 5 6 7 8 9  R   H   E  
Phillies  0 0 0 1 0 0 0 6 0  7   13  0  
Guardians 0 0 0 0 0 0 0 0 1  1   4   0  "
777979,2025-05-10,Reds,Astros,100,1,False,False,False,101,Brady Singer,663903,Lance McCullers Jr.,621121,"Final  1 2 3 4 5 6 7 8 9  R   H   E  
Reds   100 2 0 0 1 0 0 0  13  12  0  
Astros 1 0 6 0 1 0 0 0 1  9   14  0  "
777977,2025-05-10,Red Sox,Royals,0,0,True,True,True,0,Garrett Crochet,676979,Cole Ragans,666142,"Final   1 2 3 4 5 6 7 8 9  R   H   E  
Red Sox 0 0 1 0 3 0 3 3 0  10  15  2  
Royals  0 0 1 0 0 0 0 0 0  1   9   0  "
777978,2025-05-10,Marlins,White Sox,0,0,True,True,True,0,Edward Cabrera,665795,Shane Smith,681343,"Final     1 2 3 4 5 6 7 8 9  R   H   E  
Marlins   0 0 0 0 0 0 1 2 0  3   7   0  
White Sox 1 0 0 0 0 0 0 0 0  1   4   0  "
777982,2025-05-10,Cubs,Mets,2,0,False,False,True,2,Brad Keller,641745,Tylor Megill,656731,"Final 1 2 3 4 5 6 7 8 9  R   H   E  
Cubs  2 0 1 1 0 0 0 2 0  6   9   1  
Mets  0 0 0 3 0 0 0 2 0  5   8   1  "
777974,2025-05-10,Giants,Twins,0,0,True,True,True,0,Logan Webb,657277,Joe Ryan,657746,"Final  1 2 3 4 5 6 7 8 9  R   H   E  
Giants 0 1 0 0 0 0 0 0 0  1   4   1  
Twins  0 0 2 0 0 0 0 0 0  2   5   0  "
777975,2025-05-10,Dodgers,D-backs,0,0,True,True,True,0,Dustin May,669160,Corbin Burnes,669203,"Final   1 2 3 4 5 6 7 8 9  R   H   E  
Dodgers 0 0 0 0 0 0 0 0 0  0   5   0  
D-backs 0 0 1 0 0 1 0 1 0  3   9   0  "
777976,2025-05-10,Padres,Rockies,5,0,False,False,True,5,Stephen Kolek,663568,Bradley Blalock,687134,"Final   1 2 3 4 5 6 7 8 9  R   H   E  
Padres  5 1 1 8 4 1 0 1 0  21  24  0  
Rockies 0 0 0 0 0 0 0 0 0  0   5   1  "
777973,2025-05-10,Orioles,Angels,0,2,False,True,False,2,Kyle Gibson,502043,Jack Kochanowicz,686799,"Final   1 2 3 4 5 6 7 8 9  R   H   E  
Orioles 0 0 0 0 0 1 0 0 1  2   6   0  
Angels  2 0 0 2 1 0 0 0 0  5   7   1  "
777970,2025-05-10,Blue Jays,Mariners,0,0,True,True,True,0,Bowden Francis,670102,Logan Evans,688138,"Final     1 2 3 4 5 6 7 8 9  R   H   E  
Blue Jays 0 0 0 0 2 1 0 3 0  6   10  0  
Mariners  0 1 0 2 0 0 0 0 0  3   6   0  "
777968,2025-05-11,Cubs,Mets,0,0,True,True,True,0,Matthew Boyd,571510,Griffin Canning,656288,"Final 1 2 3 4 5 6 7 8 9  R   H   E  
Cubs  0 0 0 0 0 1 1 0 0  2   3   0  
Mets  0 1 0 0 0 1 0 4 0  6   12  0  "
777962,2025-05-11,Cardinals,Nationals,1,0,False,False,True,1,Miles Mikolas,571945,MacKenzie Gore,669022,"Final     1 2 3 4 5 6 7 8 9  R   H   E  
Cardinals 1 1 0 0 0 0 2 2 0  6   9   0  
Nationals 0 0 0 1 0 0 0 0 0  1   5   0  "
777967,2025-05-11,Braves,Pirates,0,0,True,True,True,0,Chris Sale,519242,Carmen Mlodzinski,669387,"Final   1 2 3 4 5 6 7 8 9  R   H   E  
Braves  0 0 0 0 0 0 0 3 0  3   8   0  
Pirates 0 0 0 0 3 0 0 0 1  4   11  0  "
777969,2025-05-11,Rangers,Tigers,0,0,True,True,True,0,Nathan Eovaldi,543135,Reese Olson,681857,"Final   1 2 3 4 5 6 7 8 9  R   H   E  
Rangers 0 2 1 0 2 0 0 1 0  6   12  0  
Tigers  0 0 0 0 0 0 0 0 1  1   4   1  "
777964,2025-05-11,Brewers,Rays,0,1,False,True,False,1,Chad Patrick,694477,Drew Rasmussen,656876,"Final   1 2 3 4 5 6 7 8 9  R   H   E  
Brewers 0 0 0 2 1 0 0 1 0  4   7   0  
Rays    1 0 0 1 0 0 0 0 0  2   8   0  "
777963,2025-05-11,Reds,Astros,0,0,True,True,True,0,Chase Petty,695534,Ronel Blanco,669854,"Final  1 2 3 4 5 6 7 8 9  R   H   E  
Reds   0 0 0 0 0 0 0 0 0  0   2   1  
Astros 0 0 3 1 0 2 0 0 0  6   9   0  "
777965,2025-05-11,Red Sox,Royals,0,0,True,True,True,0,Lucas Giolito,608337,Seth Lugo,607625,"Final   1 2 3 4 5 6 7 8 9  R   H   E  
Red Sox 0 0 0 1 0 2 0 0 0  3   8   2  
Royals  0 0 1 0 0 0 0 0 0  1   4   0  "
777956,2025-05-11,Giants,Twins,1,0,False,False,True,1,Landen Roupp,694738,Pablo López,641154,"Final  1 2 3 4 5 6 7 8 9 10 R   H   E  
Giants 1 0 0 2 1 0 0 1 0 1  6   9   1  
Twins  0 0 0 2 1 2 0 0 0 2  7   12  0  "
777966,2025-05-11,Marlins,White Sox,0,0,True,True,True,0,Sandy Alcantara,645261,Sean Burke,680732,"Final     1 2 3 4 5 6 7 8 9  R   H   E  
Marlins   0 0 0 1 0 0 1 0 0  2   7   0  
White Sox 0 0 1 0 0 3 0 0 0  4   7   1  "
777955,2025-05-11,Padres,Rockies,1,3,False,False,False,4,Nick Pivetta,601713,Germán Márquez,608566,"Final   1 2 3 4 5 6 7 8 9  R   H   E  
Padres  1 0 0 0 0 0 0 2 0  3   5   0  
Rockies 3 0 3 0 0 0 2 1 0  9   12  1  "
777957,2025-05-11,Yankees,Athletics,0,0,True,True,True,0,Ryan Yarbrough,642232,Luis Severino,622663,"Final     1 2 3 4 5 6 7 8 9  R   H   E  
Yankees   0 5 1 0 5 0 1 0 0  12  15  0  
Athletics 0 0 0 1 1 0 0 0 0  2   7   0  "
777961,2025-05-11,Orioles,Angels,1,2,False,False,False,3,Zach Eflin,621107,Tyler Anderson,542881,"Final   1 2 3 4 5 6 7 8 9  R   H   E  
Orioles 1 0 0 0 2 4 0 0 0  7   8   0  
Angels  2 0 0 0 0 0 0 0 1  3   6   2  "
777954,2025-05-11,Dodgers,D-backs,1,0,False,False,True,1,Tony Gonsolin,664062,Zac Gallen,668678,"Final   1 2 3 4 5 6 7 8 9  R   H   E  
Dodgers 1 0 0 0 2 1 1 0 3  8   18  0  
D-backs 0 0 0 0 0 0 1 0 0  1   6   0  "
777958,2025-05-11,Blue Jays,Mariners,0,0,True,True,True,0,José Ureña,570632,Bryce Miller,682243,"Final     1 2 3 4 5 6 7 8 9  R   H   E  
Blue Jays 0 1 0 1 3 2 2 0 0  9   15  0  
Mariners  0 0 1 0 0 0 0 0 0  1   4   0  "
777971,2025-05-11,Phillies,Guardians,0,0,True,True,True,0,Zack Wheeler,554430,Luis L. Ortiz,682847,"Final     1 2 3 4 5 6 7 8 9  R   H   E  
Phillies  0 1 0 0 0 0 0 2 0  3   6   0  
Guardians 0 0 0 0 0 0 0 0 0  0   3   0  "
777960,2025-05-12,Brewers,Guardians,0,0,True,True,True,0,Freddy Peralta,642547,Ben Lively,594902,"Final     1 2 3 4 5 6 7 8 9  R   H   E  
Brewers   0 0 0 0 0 0 0 0 0  0   7   0  
Guardians 0 0 0 3 0 1 1 0 0  5   6   0  "
777951,2025-05-12,Red Sox,Tigers,2,0,False,False,True,2,Tanner Houck,656557,Jackson Jobe,695549,"Final   1 2 3 4 5 6 7 8 9  R   H   E  
Red Sox 0 0 0 0 0 1 0 0 1  2   6   2  
Tigers  2 0 9 1 0 1 1 0 0  14  18  0  "
777953,2025-05-12,Cardinals,Phillies,0,0,True,True,True,0,Matthew Liberatore,669461,Cristopher Sánchez,650911,"Final     1 2 3 4 5 6 7 8 9  R   H   E  
Cardinals 0 0 0 1 0 1 1 0 0  3   5   0  
Phillies  0 0 0 1 0 1 0 0 0  2   9   0  "
777950,2025-05-12,Pirates,Mets,0,0,True,True,True,0,Paul Skenes,694973,David Peterson,656849,"Final   1 2 3 4 5 6 7 8 9  R   H   E  
Pirates 0 1 0 0 0 0 1 0 1  3   6   0  
Mets    0 0 0 1 0 0 2 0 1  4   10  1  "
777959,2025-05-12,Nationals,Braves,0,0,True,True,True,0,Jake Irvin,663623,Grant Holmes,656550,"Final     1 2 3 4 5 6 7 8 9  R   H   E  
Nationals 0 0 0 1 0 0 0 0 2  3   8   0  
Braves    0 0 2 0 1 0 0 0 1  4   10  1  "
777952,2025-05-12,Marlins,Cubs,0,0,True,True,True,0,Cal Quantrill,615698,Colin Rea,607067,"Final   1 2 3 4 5 6 7 8 9  R   H   E  
Marlins 0 0 0 0 0 0 2 0 0  2   7   0  
Cubs    0 0 0 0 5 0 0 0 0  5   8   0  "
777949,2025-05-12,Rockies,Rangers,0,0,True,True,True,0,Chase Dollander,801403,Tyler Mahle,641816,"Final   1 2 3 4 5 6 7 8 9  R   H   E  
Rockies 0 1 0 0 0 0 0 0 0  1   6   0  
Rangers 0 0 0 0 0 2 0 0 0  2   3   0  "
777948,2025-05-12,Royals,Astros,0,0,True,True,True,0,Michael Wacha,608379,Ryan Gusto,687473,"Final  1 2 3 4 5 6 7 8 9  R   H   E  
Royals 0 4 3 0 0 0 0 0 0  7   11  2  
Astros 0 0 0 0 0 0 2 3 0  5   11  0  "
777947,2025-05-12,Angels,Padres,0,0,True,True,True,0,Yusei Kikuchi,579328,Michael King,650633,"Final  1 2 3 4 5 6 7 8 9  R   H   E  
Angels 0 0 2 0 0 1 0 0 6  9   7   1  
Padres 0 0 3 0 1 0 0 1 0  5   9   1  "
777941,2025-05-12,Yankees,Mariners,0,1,False,True,False,1,Clarke Schmidt,657376,Emerson Hancock,676106,"Final    1 2 3 4 5 6 7 8 9  R   H   E  
Yankees  0 0 1 0 6 0 1 0 3  11  15  0  
Mariners 1 0 1 0 0 0 1 2 0  5   6   0  "
777939,2025-05-12,D-backs,Giants,0,0,True,True,True,0,Merrill Kelly,518876,Justin Verlander,434378,"Final   1 2 3 4 5 6 7 8 9  R   H   E  
D-backs 0 0 1 0 1 0 0 0 0  2   9   0  
Giants  0 0 0 0 1 0 0 0 0  1   8   0  "
777944,2025-05-13,Brewers,Guardians,0,1,False,True,False,1,Quinn Priester,682990,Logan Allen,671106,"Final     1 2 3 4 5 6 7 8 9  R   H   E  
Brewers   0 0 0 0 0 0 0 0 0  0   3   0  
Guardians 1 0 0 0 0 0 0 1 0  2   7   0  "
777940,2025-05-13,Red Sox,Tigers,1,0,False,False,True,1,Brayan Bello,678394,Tyler Holton,663947,"Final   1 2 3 4 5 6 7 8 9 1011 R   H   E  
Red Sox 0 1 0 1 2 0 0 2 0 1 2  9   14  1  
Tigers  1 0 1 1 0 3 0 0 0 1 3  10  11  0  "
777945,2025-05-13,White Sox,Reds,0,0,True,True,True,0,Brandon Eisert,685126,Andrew Abbott,671096,"Final     1 2 3 4 5 6 7 8 9 10 R   H   E  
White Sox 0 0 0 1 0 0 0 0 0 4  5   9   0  
Reds      0 0 0 0 0 0 0 0 1 0  1   6   0  "
777935,2025-05-13,Rays,Blue Jays,0,0,True,True,True,0,Shane Baz,669358,José Berríos,621244,"Final     1 2 3 4 5 6 7 8 9  R   H   E  
Rays      0 0 4 0 0 1 1 0 5  11  10  0  
Blue Jays 0 0 2 1 0 0 1 3 2  9   10  0  "
777943,2025-05-13,Pirates,Mets,0,1,False,True,False,1,Mitch Keller,656605,Kodai Senga,673540,"Final   1 2 3 4 5 6 7 8 9  R   H   E  
Pirates 0 0 0 0 0 1 0 0 0  1   6   0  
Mets    1 0 0 0 0 0 1 0 0  2   5   2  "
777942,2025-05-13,Nationals,Braves,1,0,False,False,True,1,Michael Soroka,647336,Spencer Schwellenbach,680885,"Final     1 2 3 4 5 6 7 8 9  R   H   E  
Nationals 1 0 0 1 0 0 0 0 0  2   5   1  
Braves    0 0 0 2 1 1 0 1 0  5   11  0  "
777936,2025-05-13,Marlins,Cubs,0,0,True,True,True,0,Valente Bellozo,678368,Ben Brown,676962,"Final   1 2 3 4 5 6 7 8 9  R   H   E  
Marlins 0 1 0 0 1 0 2 0 0  4   9   2  
Cubs    0 0 1 0 1 0 0 0 3  5   6   1  "
777934,2025-05-13,Rockies,Rangers,1,3,False,False,False,4,Kyle Freeland,607536,Jack Leiter,683004,"Final   1 2 3 4 5 6 7 8 9  R   H   E  
Rockies 1 0 0 0 0 0 0 0 0  1   5   0  
Rangers 3 0 0 0 0 0 0 1 0  4   8   0  "
777931,2025-05-13,Royals,Astros,0,0,True,True,True,0,Kris Bubic,663460,Framber Valdez,664285,"Final  1 2 3 4 5 6 7 8 9  R   H   E  
Royals 0 0 0 0 1 0 0 0 0  1   6   0  
Astros 0 0 0 0 0 1 0 0 1  2   7   0  "
777932,2025-05-13,Angels,Padres,1,0,False,False,True,1,José Soriano,667755,Dylan Cease,656302,"Final  1 2 3 4 5 6 7 8 9  R   H   E  
Angels 1 0 0 0 0 0 3 0 0  4   8   2  
Padres 0 0 0 0 2 0 0 2 2  6   6   0  "
777926,2025-05-13,Yankees,Mariners,0,0,True,True,True,0,Max Fried,608331,Bryan Woo,693433,"Final    1 2 3 4 5 6 7 8 9 1011 R   H   E  
Yankees  0 0 0 0 0 0 0 0 1 0 0  1   5   0  
Mariners 0 0 0 1 0 0 0 0 0 0 1  2   6   1  "
777930,2025-05-13,D-backs,Giants,3,0,False,False,True,3,Brandon Pfaadt,694297,Robbie Ray,592662,"Final   1 2 3 4 5 6 7 8 9  R   H   E  
D-backs 3 0 0 0 0 0 1 0 2  6   11  2  
Giants  0 4 0 0 3 0 0 3 0  10  13  0  "
777937,2025-05-13,Athletics,Dodgers,0,0,True,True,True,0,Jeffrey Springs,605488,Landon Knack,689017,"Final     1 2 3 4 5 6 7 8 9  R   H   E  
Athletics 0 0 2 0 4 0 2 1 2  11  18  1  
Dodgers   0 0 1 0 0 0 0 0 0  1   8   1  "
777924,2025-05-14,Twins,Orioles,0,0,True,True,True,0,Bailey Ober,641927,Dean Kremer,665152,"Final   1 2 3 4 5 6 7 8 9  R   H   E  
Twins   0 0 0 4 0 0 0 0 2  6   9   4  
Orioles 0 0 3 0 0 0 0 0 0  3   4   1  "
777938,2025-05-14,Twins,Orioles,1,0,False,False,True,1,Simeon Woods Richardson,680573,Chayce McDermott,694646,"Final   1 2 3 4 5 6 7 8 9  R   H   E  
Twins   1 2 1 0 1 0 0 3 0  8   10  0  
Orioles 0 0 6 0 0 0 0 0 0  6   11  0  "
777922,2025-05-14,Cardinals,Phillies,0,0,True,True,True,0,Erick Fedde,607200,Jesús Luzardo,666200,"Final     1 2 3 4 5 6 7 8 9  R   H   E  
Cardinals 0 0 0 0 0 0 1 0 0  1   6   0  
Phillies  0 0 0 0 0 0 2 0 0  2   7   0  "
777933,2025-05-14,Cardinals,Phillies,1,5,False,False,False,6,Sonny Gray,543243,Aaron Nola,605400,"Final     1 2 3 4 5 6 7 8 9  R   H   E  
Cardinals 1 0 5 3 0 0 0 3 2  14  19  0  
Phillies  5 0 1 1 0 0 0 0 0  7   10  1  "
777925,2025-05-14,Brewers,Guardians,0,0,True,True,True,0,Logan Henderson,701656,Gavin Williams,668909,"Final     1 2 3 4 5 6 7 8 9  R   H   E  
Brewers   0 1 0 0 1 3 2 0 2  9   13  0  
Guardians 0 1 0 1 0 0 0 3 0  5   7   0  "
777916,2025-05-14,D-backs,Giants,1,0,False,False,True,1,Eduardo Rodriguez,593958,Jordan Hicks,663855,"Final   1 2 3 4 5 6 7 8 9  R   H   E  
D-backs 1 2 3 2 0 0 0 0 0  8   13  0  
Giants  0 2 0 2 0 0 2 0 1  7   11  0  "
777915,2025-05-14,Yankees,Mariners,0,0,True,True,True,0,Will Warren,701542,Luis Castillo,622491,"Final    1 2 3 4 5 6 7 8 9  R   H   E  
Yankees  0 0 0 0 0 1 1 1 0  3   9   0  
Mariners 0 0 2 0 0 0 0 0 0  2   6   0  "
777927,2025-05-14,Red Sox,Tigers,0,0,True,True,True,0,Hunter Dobbins,690928,Tarik Skubal,669373,"Final   1 2 3 4 5 6 7 8 9  R   H   E  
Red Sox 1 0 0 1 0 0 3 0 0  5   11  1  
Tigers  0 1 0 1 0 3 0 0 1  6   10  0  "
777923,2025-05-14,Rays,Blue Jays,0,0,True,True,True,0,Ryan Pepiot,686752,Chris Bassitt,605135,"Final     1 2 3 4 5 6 7 8 9  R   H   E  
Rays      0 0 0 1 0 0 0 0 0  1   7   1  
Blue Jays 0 0 0 0 0 3 0 0 0  3   8   2  "
777919,2025-05-14,Pirates,Mets,0,0,True,True,True,0,Bailey Falter,663559,Clay Holmes,605280,"Final   1 2 3 4 5 6 7 8 9  R   H   E  
Pirates 0 2 0 0 2 0 0 0 0  4   9   0  
Mets    0 0 0 0 0 0 0 0 0  0   6   0  "
777928,2025-05-14,White Sox,Reds,0,0,True,True,True,0,Davis Martin,663436,Nick Lodolo,666157,"Final     1 2 3 4 5 6 7 8 9  R   H   E  
White Sox 0 1 0 0 1 1 1 0 0  4   10  0  
Reds      0 0 0 0 0 0 1 1 0  2   9   0  "
777929,2025-05-14,Nationals,Braves,1,0,False,False,True,1,Mitchell Parker,680730,Bryce Elder,693821,"Final     1 2 3 4 5 6 7 8 9  R   H   E  
Nationals 1 0 0 0 0 0 2 2 0  5   11  1  
Braves    0 0 2 0 2 0 0 0 0  4   8   2  "
777921,2025-05-14,Marlins,Cubs,0,0,True,True,True,0,Ryan Weathers,677960,Jameson Taillon,592791,"Final   1 2 3 4 5 6 7 8 9  R   H   E  
Marlins 0 1 0 2 0 0 0 0 0  3   6   0  
Cubs    0 0 0 1 0 0 0 0 0  1   5   0  "
777918,2025-05-14,Rockies,Rangers,0,4,False,True,False,4,Antonio Senzatela,622608,Patrick Corbin,571578,"Final   1 2 3 4 5 6 7 8 9  R   H   E  
Rockies 0 1 0 0 0 2 0 0 0  3   7   0  
Rangers 4 0 0 0 2 2 0 0 0  8   11  0  "
777920,2025-05-14,Royals,Astros,0,0,True,True,True,0,Michael Lorenzen,547179,Colton Gordon,676467,"Final  1 2 3 4 5 6 7 8 9  R   H   E  
Royals 0 2 0 0 1 0 0 0 0  3   8   0  
Astros 0 0 0 1 0 1 0 2 0  4   8   0  "
777914,2025-05-14,Angels,Padres,0,3,False,True,False,3,Kyle Hendricks,543294,Randy Vásquez,681190,"Final  1 2 3 4 5 6 7 8 9  R   H   E  
Angels 0 1 0 0 0 0 0 0 0  1   4   1  
Padres 3 0 0 0 0 0 0 2 0  5   7   0  "
777917,2025-05-14,Athletics,Dodgers,0,1,False,True,False,1,Gunnar Hoglund,680684,Yoshinobu Yamamoto,808967,"Final     1 2 3 4 5 6 7 8 9  R   H   E  
Athletics 0 0 2 1 0 0 0 0 0  3   5   0  
Dodgers   1 1 0 0 1 1 0 5 0  9   13  0  "
777909,2025-05-15,Nationals,Braves,0,0,True,True,True,0,Trevor Williams,592866,AJ Smith-Shawver,700363,"Final     1 2 3 4 5 6 7 8 9  R   H   E  
Nationals 0 0 0 0 0 1 0 1 0  2   6   1  
Braves    0 0 1 0 3 0 0 1 0  5   9   1  "
777911,2025-05-15,Twins,Orioles,0,0,True,True,True,0,Chris Paddack,663978,Tomoyuki Sugano,608372,"Final   1 2 3 4 5 6 7 8 9  R   H   E  
Twins   0 0 3 0 0 0 1 0 0  4   7   0  
Orioles 0 0 0 0 0 0 0 0 0  0   6   0  "
777912,2025-05-15,White Sox,Reds,3,0,False,False,True,3,Bryse Wilson,669060,Nick Martinez,607259,"Final     1 2 3 4 5 6 7 8 9  R   H   E  
White Sox 0 0 0 0 0 0 0 1 0  1   4   1  
Reds      3 0 1 1 1 1 0 0 0  7   12  0  "
777913,2025-05-15,Rays,Blue Jays,2,0,False,False,True,2,Zack Littell,641793,Kevin Gausman,592332,"Final     1 2 3 4 5 6 7 8 9  R   H   E  
Rays      2 1 0 1 1 1 0 0 2  8   14  0  
Blue Jays 0 1 1 0 0 0 0 1 0  3   8   0  "
777910,2025-05-15,Astros,Rangers,0,0,True,True,True,0,Hunter Brown,686613,Jacob deGrom,594798,"Final   1 2 3 4 5 6 7 8 9  R   H   E  
Astros  0 0 0 0 0 0 0 0 0  0   5   0  
Rangers 0 0 0 0 0 1 0 0 0  1   3   1  "
777946,2025-05-15,Athletics,Dodgers,1,3,False,False,False,4,Osvaldo Bido,674370,Matt Sauer,669422,"Final     1 2 3 4 5 6 7 8 9  R   H   E  
Athletics 1 1 0 0 0 0 0 0 0  2   3   0  
Dodgers   3 3 7 2 0 1 0 3 0  19  18  0  "
777900,2025-05-16,White Sox,Cubs,0,0,True,True,True,0,Shane Smith,681343,Cade Horton,690990,"Final     1 2 3 4 5 6 7 8 9  R   H   E  
White Sox 2 0 1 0 0 0 0 0 0  3   11  2  
Cubs      0 6 0 0 0 2 2 3 0  13  15  0  "
777902,2025-05-16,Guardians,Reds,0,0,True,True,True,0,Tanner Bibee,676440,Brady Singer,663903,"Final     1 2 3 4 5 6 7 8 9  R   H   E  
Guardians 0 0 0 2 1 0 0 1 0  4   5   1  
Reds      0 4 1 0 0 0 0 0 0  5   11  0  "
777905,2025-05-16,Pirates,Phillies,0,0,True,True,True,0,Andrew Heaney,571760,Ranger Suárez,624133,"Final    1 2 3 4 5 6 7 8 9  R   H   E  
Pirates  0 0 0 0 0 3 0 0 1  4   7   0  
Phillies 0 0 0 0 1 0 4 3 0  8   9   0  "
777907,2025-05-16,Nationals,Orioles,0,0,True,True,True,0,MacKenzie Gore,669022,Cade Povich,700249,"Final     1 2 3 4 5 6 7 8 9  R   H   E  
Nationals 0 1 0 0 0 1 0 1 1  4   5   1  
Orioles   0 0 2 0 0 1 0 0 0  3   14  2  "
777904,2025-05-16,Mets,Yankees,0,0,True,True,True,0,Tylor Megill,656731,Carlos Rodón,607074,"Final   1 2 3 4 5 6 7 8 9  R   H   E  
Mets    0 0 0 1 0 0 0 0 1  2   5   1  
Yankees 0 0 4 2 0 0 0 0 0  6   8   0  "
777906,2025-05-16,Tigers,Blue Jays,0,0,True,True,True,0,Jack Flaherty,656427,Bowden Francis,670102,"Final     1 2 3 4 5 6 7 8 9  R   H   E  
Tigers    0 1 0 1 2 0 0 1 0  5   10  0  
Blue Jays 0 0 0 0 0 2 1 1 0  4   10  0  "
777908,2025-05-16,Braves,Red Sox,0,0,True,True,True,0,Chris Sale,519242,Garrett Crochet,676979,"Final   1 2 3 4 5 6 7 8 9  R   H   E  
Braves  0 2 0 0 0 0 0 0 2  4   7   0  
Red Sox 0 0 0 0 0 0 1 0 1  2   6   0  "
777903,2025-05-16,Rays,Marlins,0,1,False,True,False,1,Taj Bradley,671737,Max Meyer,676974,"Final   1 2 3 4 5 6 7 8 9  R   H   E  
Rays    0 0 1 0 3 0 0 0 0  4   7   1  
Marlins 1 0 0 4 0 4 0 0 0  9   13  1  "
777901,2025-05-16,Cardinals,Royals,0,0,True,True,True,0,Andre Pallante,669467,Cole Ragans,666142,"Final     1 2 3 4 5 6 7 8 9  R   H   E  
Cardinals 0 1 0 2 0 4 0 1 2  10  13  0  
Royals    0 0 0 1 1 0 0 1 0  3   9   1  "
777895,2025-05-16,Astros,Rangers,0,0,True,True,True,0,Lance McCullers Jr.,621121,Nathan Eovaldi,543135,"Final   1 2 3 4 5 6 7 8 9  R   H   E  
Astros  0 0 0 0 0 0 6 0 0  6   9   1  
Rangers 0 2 0 0 0 0 0 0 1  3   5   0  "
777898,2025-05-16,Twins,Brewers,2,0,False,False,True,2,Joe Ryan,657746,Chad Patrick,694477,"Final   1 2 3 4 5 6 7 8 9  R   H   E  
Twins   2 1 0 0 0 0 0 0 0  3   9   0  
Brewers 0 0 0 0 0 0 0 0 0  0   5   0  "
777897,2025-05-16,Rockies,D-backs,0,0,True,True,True,0,Carson Palmquist,687223,Corbin Burnes,669203,"Final   1 2 3 4 5 6 7 8 9  R   H   E  
Rockies 0 0 0 0 0 0 0 0 0  0   2   0  
D-backs 0 2 1 2 0 0 2 1 0  8   12  0  "
777896,2025-05-16,Mariners,Padres,1,0,False,False,True,1,Logan Evans,688138,Stephen Kolek,663568,"Final    1 2 3 4 5 6 7 8 9  R   H   E  
Mariners 1 0 0 2 0 2 0 0 0  5   10  0  
Padres   0 0 0 0 0 0 0 0 1  1   8   0  "
777899,2025-05-16,Angels,Dodgers,2,0,False,False,True,2,Jack Kochanowicz,686799,Dustin May,669160,"Final   1 2 3 4 5 6 7 8 9  R   H   E  
Angels  2 0 0 2 0 0 0 0 2  6   10  0  
Dodgers 0 0 0 1 0 0 0 1 0  2   7   0  "
777891,2025-05-16,Athletics,Giants,0,0,True,True,True,0,JP Sears,676664,Logan Webb,657277,"Final     1 2 3 4 5 6 7 8 9  R   H   E  
Athletics 0 0 0 0 0 0 0 1 0  1   5   0  
Giants    0 0 4 0 0 3 0 2 0  9   13  0  "
777888,2025-05-17,Mets,Yankees,0,0,True,True,True,0,Griffin Canning,656288,Clarke Schmidt,657376,"Final   1 2 3 4 5 6 7 8 9  R   H   E  
Mets    0 0 0 2 0 0 0 0 1  3   6   0  
Yankees 0 0 1 0 0 1 0 0 0  2   8   0  "
777881,2025-05-17,White Sox,Cubs,0,0,True,True,True,0,Sean Burke,680732,Matthew Boyd,571510,"Final     1 2 3 4 5 6 7 8 9  R   H   E  
White Sox 1 0 1 0 1 0 0 0 0  3   6   1  
Cubs      0 4 0 0 2 0 0 1 0  7   9   0  "
777886,2025-05-17,Tigers,Blue Jays,0,0,True,True,True,0,Reese Olson,681857,Eric Lauer,641778,"Final     1 2 3 4 5 6 7 8 9  R   H   E  
Tigers    0 1 0 0 0 0 0 0 0  1   4   0  
Blue Jays 0 0 0 0 0 0 0 1 1  2   4   0  "
777890,2025-05-17,Nationals,Orioles,6,0,False,False,True,6,Jake Irvin,663623,Kyle Gibson,502043,"Final     1 2 3 4 5 6 7 8 9  R   H   E  
Nationals 6 1 0 0 0 0 0 0 3  10  11  2  
Orioles   0 0 0 0 0 0 2 0 4  6   10  0  "
777889,2025-05-17,Rays,Marlins,0,0,True,True,True,0,Drew Rasmussen,656876,Sandy Alcantara,645261,"Final   1 2 3 4 5 6 7 8 9  R   H   E  
Rays    0 0 0 0 4 0 0 0 0  4   10  0  
Marlins 0 0 0 0 0 0 0 0 0  0   6   0  "
777894,2025-05-17,Pirates,Phillies,0,1,False,True,False,1,Carmen Mlodzinski,669387,Zack Wheeler,554430,"Final    1 2 3 4 5 6 7 8 9  R   H   E  
Pirates  0 0 0 0 0 0 0 0 2  2   4   0  
Phillies 1 0 1 3 0 0 0 0 0  5   10  0  "
777892,2025-05-17,Guardians,Reds,0,0,True,True,True,0,Slade Cecconi,677944,Brent Suter,608718,"Final     1 2 3 4 5 6 7 8 9  R   H   E  
Guardians 0 0 0 0 1 0 0 0 0  1   8   0  
Reds      0 0 0 0 1 2 1 0 0  4   9   1  "
777882,2025-05-17,Astros,Rangers,1,0,False,False,True,1,Ronel Blanco,669854,Tyler Mahle,641816,"Final   1 2 3 4 5 6 7 8 9  R   H   E  
Astros  1 0 0 0 0 0 0 0 0  1   5   3  
Rangers 0 0 1 0 0 2 2 0 0  5   6   0  "
777885,2025-05-17,Cardinals,Royals,0,0,True,True,True,0,Miles Mikolas,571945,Noah Cameron,702070,"Final     1 2 3 4 5 6 7 8 9  R   H   E  
Cardinals 0 0 0 0 0 1 0 0 0  1   2   0  
Royals    0 0 0 0 0 0 0 0 0  0   4   1  "
777893,2025-05-17,Braves,Red Sox,3,0,False,False,True,3,Grant Holmes,656550,Lucas Giolito,608337,"Final   1 2 3 4 5 6 7 8 9  R   H   E  
Braves  3 0 2 1 0 0 0 0 0  6   13  1  
Red Sox 0 0 2 0 0 0 2 2 1  7   10  0  "
777883,2025-05-17,Twins,Brewers,1,0,False,False,True,1,Pablo López,641154,Tobias Myers,668964,"Final   1 2 3 4 5 6 7 8 9  R   H   E  
Twins   1 1 1 1 1 1 0 0 1  7   18  0  
Brewers 0 0 0 0 0 0 0 0 0  0   3   0  "
777887,2025-05-17,Rockies,D-backs,3,3,False,False,False,6,Germán Márquez,608566,Zac Gallen,668678,"Final   1 2 3 4 5 6 7 8 9  R   H   E  
Rockies 3 0 3 0 0 4 3 0 1  14  19  2  
D-backs 3 3 1 3 1 0 0 1 0  12  15  0  "
777875,2025-05-17,Mariners,Padres,0,0,True,True,True,0,Emerson Hancock,676106,Nick Pivetta,601713,"Final    1 2 3 4 5 6 7 8 9  R   H   E  
Mariners 0 0 0 0 1 0 1 0 2  4   6   0  
Padres   0 0 0 1 0 0 0 0 0  1   8   0  "
777879,2025-05-17,Athletics,Giants,0,0,True,True,True,0,Luis Severino,622663,Landen Roupp,694738,"Final     1 2 3 4 5 6 7 8 9 10 R   H   E  
Athletics 0 0 0 0 0 0 0 0 0 0  0   5   0  
Giants    0 0 0 0 0 0 0 0 0 1  1   5   0  "
777884,2025-05-17,Angels,Dodgers,3,3,False,False,False,6,Tyler Anderson,542881,Clayton Kershaw,477132,"Final   1 2 3 4 5 6 7 8 9  R   H   E  
Angels  3 0 1 1 0 0 5 0 1  11  13  1  
Dodgers 3 0 0 1 0 3 1 1 0  9   15  1  "
777869,2025-05-18,Astros,Rangers,0,0,True,True,True,0,Framber Valdez,664285,Jack Leiter,683004,"Final   1 2 3 4 5 6 7 8 9  R   H   E  
Astros  0 0 0 0 0 0 1 3 0  4   4   0  
Rangers 0 0 0 3 0 0 0 0 0  3   7   0  "
777873,2025-05-18,Nationals,Orioles,1,0,False,False,True,1,Michael Soroka,647336,Zach Eflin,621107,"Final     1 2 3 4 5 6 7 8 9  R   H   E  
Nationals 1 6 0 1 0 0 0 1 1  10  13  1  
Orioles   0 0 0 0 1 2 1 0 0  4   9   1  "
777880,2025-05-18,Pirates,Phillies,0,0,True,True,True,0,Paul Skenes,694973,Mick Abel,690953,"Final    1 2 3 4 5 6 7 8 9  R   H   E  
Pirates  0 0 0 0 0 0 0 0 0  0   6   0  
Phillies 0 0 0 0 1 0 0 0 0  1   3   0  "
777876,2025-05-18,Braves,Red Sox,2,0,False,False,True,2,Spencer Schwellenbach,680885,Brayan Bello,678394,"Final   1 2 3 4 5 6 7 8 9  R   H   E  
Braves  2 0 1 1 3 0 0 3 0  10  16  0  
Red Sox 0 0 4 0 0 0 0 0 0  4   8   0  "
777871,2025-05-18,Tigers,Blue Jays,2,0,False,False,True,2,Jackson Jobe,695549,José Berríos,621244,"Final     1 2 3 4 5 6 7 8 9  R   H   E  
Tigers    2 0 0 0 0 0 1 0 0  3   11  2  
Blue Jays 0 0 0 2 0 0 0 0 0  2   7   0  "
777874,2025-05-18,Guardians,Reds,0,0,True,True,True,0,Luis L. Ortiz,682847,Andrew Abbott,671096,"Final     1 2 3 4 5 6 7 8 9  R   H   E  
Guardians 0 0 0 0 0 0 1 0 0  1   9   1  
Reds      0 0 0 2 0 1 0 0 0  3   9   0  "
777877,2025-05-18,Rays,Marlins,0,0,True,True,True,0,Shane Baz,669358,Cal Quantrill,615698,"Final   1 2 3 4 5 6 7 8 9  R   H   E  
Rays    0 0 1 0 0 0 0 0 0  1   3   1  
Marlins 0 0 0 3 0 2 0 0 0  5   10  1  "
777864,2025-05-18,Cardinals,Royals,0,0,True,True,True,0,Matthew Liberatore,669461,Michael Wacha,608379,"Final     1 2 3 4 5 6 7 8 9  R   H   E  
Cardinals 0 0 0 1 0 0 0 0 0  1   12  0  
Royals    0 0 0 1 0 0 1 0 0  2   9   0  "
777865,2025-05-18,Twins,Brewers,0,0,True,True,True,0,Zebby Matthews,805673,Freddy Peralta,642547,"Final   1 2 3 4 5 6 7 8 9  R   H   E  
Twins   0 0 0 1 0 0 1 0 0  2   6   0  
Brewers 0 1 3 0 0 0 0 1 0  5   5   1  "
777872,2025-05-18,White Sox,Cubs,1,0,False,False,True,1,Jonathan Cannon,686563,Colin Rea,607067,"Final     1 2 3 4 5 6 7 8 9  R   H   E  
White Sox 0 0 0 1 0 0 0 0 1  2   8   1  
Cubs      1 0 0 0 0 3 1 1 0  6   10  0  "
777867,2025-05-18,Athletics,Giants,0,1,False,True,False,1,Jeffrey Springs,605488,Justin Verlander,434378,"Final     1 2 3 4 5 6 7 8 9  R   H   E  
Athletics 0 0 0 2 0 0 0 0 0  2   4   0  
Giants    1 0 0 0 0 0 0 2 0  3   5   0  "
777870,2025-05-18,Rockies,D-backs,0,1,False,True,False,1,Chase Dollander,801403,Merrill Kelly,518876,"Final   1 2 3 4 5 6 7 8 9  R   H   E  
Rockies 0 0 0 0 0 0 0 0 0  0   3   0  
D-backs 1 0 0 0 0 0 0 0 0  1   4   0  "
777866,2025-05-18,Angels,Dodgers,3,0,False,False,True,3,Yusei Kikuchi,579328,Tony Gonsolin,664062,"Final   1 2 3 4 5 6 7 8 9  R   H   E  
Angels  3 0 1 0 0 0 0 1 1  6   8   1  
Dodgers 0 0 0 0 1 0 3 0 0  4   5   0  "
777868,2025-05-18,Mariners,Padres,0,1,False,True,False,1,Bryan Woo,693433,Michael King,650633,"Final    1 2 3 4 5 6 7 8 9  R   H   E  
Mariners 0 0 0 3 0 1 0 0 2  6   8   1  
Padres   1 0 0 0 0 0 0 0 0  1   7   1  "
777878,2025-05-18,Mets,Yankees,0,2,False,True,False,2,David Peterson,656849,Max Fried,608331,"Final   1 2 3 4 5 6 7 8 9  R   H   E  
Mets    0 1 0 0 1 0 0 0 0  2   3   2  
Yankees 2 0 0 0 0 0 0 6 0  8   7   1  "
777859,2025-05-19,Reds,Pirates,1,1,False,False,False,2,Nick Lodolo,666157,Mitch Keller,656605,"Final   1 2 3 4 5 6 7 8 9  R   H   E  
Reds    1 0 0 0 0 1 0 2 3  7   12  0  
Pirates 1 0 0 0 0 0 0 0 0  1   5   1  "
777863,2025-05-19,Cubs,Marlins,0,2,False,True,False,2,Ben Brown,676962,Edward Cabrera,665795,"Final   1 2 3 4 5 6 7 8 9  R   H   E  
Cubs    0 0 0 3 0 4 0 0 0  7   12  0  
Marlins 2 0 0 0 4 0 0 0 2  8   11  0  "
777856,2025-05-19,Mets,Red Sox,0,0,True,True,True,0,Kodai Senga,673540,Hunter Dobbins,690928,"Final   1 2 3 4 5 6 7 8 9  R   H   E  
Mets    0 0 1 0 0 0 0 0 0  1   8   1  
Red Sox 2 1 0 0 0 0 0 0 0  3   8   1  "
777858,2025-05-19,Astros,Rays,0,0,True,True,True,0,Colton Gordon,676467,Ryan Pepiot,686752,"Final  1 2 3 4 5 6 7 8 9  R   H   E  
Astros 0 3 0 0 0 0 1 0 0  4   11  1  
Rays   0 0 0 0 2 1 0 0 0  3   7   0  "
777861,2025-05-19,Guardians,Twins,1,1,False,False,False,2,Logan Allen,671106,Bailey Ober,641927,"Final     1 2 3 4 5 6 7 8 9  R   H   E  
Guardians 1 0 0 1 0 0 0 0 3  5   8   0  
Twins     1 1 0 2 0 0 0 1 1  6   12  0  "
777857,2025-05-19,Mariners,White Sox,0,0,True,True,True,0,Luis Castillo,622491,Davis Martin,663436,"Final     1 2 3 4 5 6 7 8 9  R   H   E  
Mariners  0 0 1 0 0 0 0 4 0  5   8   0  
White Sox 0 0 0 0 0 0 0 0 1  1   5   1  "
777860,2025-05-19,Orioles,Brewers,0,0,True,True,True,0,Dean Kremer,665152,Rob Zastryzny,642239,"Final   1 2 3 4 5 6 7 8 9  R   H   E  
Orioles 0 1 0 0 0 0 3 0 0  4   6   0  
Brewers 0 3 0 0 1 0 0 1 0  5   11  1  "
777862,2025-05-19,Tigers,Cardinals,0,1,False,True,False,1,Sean Guenther,674944,Sonny Gray,543243,"Final     1 2 3 4 5 6 7 8 9  R   H   E  
Tigers    0 0 0 0 0 0 0 1 3  4   8   1  
Cardinals 1 0 0 1 3 0 6 0 0  11  16  1  "
777852,2025-05-19,Phillies,Rockies,0,1,False,True,False,1,Cristopher Sánchez,650911,Kyle Freeland,607536,"Final    1 2 3 4 5 6 7 8 9  R   H   E  
Phillies 0 0 0 0 1 0 1 4 3  9   17  1  
Rockies  1 0 1 0 0 1 0 0 0  3   6   1  "
777855,2025-05-19,Royals,Giants,0,0,True,True,True,0,Kris Bubic,663460,Robbie Ray,592662,"Final  1 2 3 4 5 6 7 8 9  R   H   E  
Royals 0 0 0 0 0 0 0 2 1  3   10  0  
Giants 0 0 0 0 0 0 0 1 0  1   6   1  "
777853,2025-05-19,Angels,Athletics,1,2,False,False,False,3,José Soriano,667755,J.T. Ginn,669372,"Final     1 2 3 4 5 6 7 8 9  R   H   E  
Angels    1 0 3 0 0 0 0 0 0  4   8   1  
Athletics 2 0 0 0 1 0 0 0 0  3   7   0  "
777854,2025-05-19,D-backs,Dodgers,2,0,False,False,True,2,Brandon Pfaadt,694297,Jack Dreyer,676263,"Final   1 2 3 4 5 6 7 8 9  R   H   E  
D-backs 2 1 4 0 0 0 0 2 0  9   11  0  
Dodgers 0 0 0 1 0 2 0 0 2  5   6   0  "
777847,2025-05-20,Reds,Pirates,0,0,True,True,True,0,Nick Martinez,607259,Bailey Falter,663559,"Final   1 2 3 4 5 6 7 8 9  R   H   E  
Reds    0 0 0 0 0 0 0 0 0  0   5   1  
Pirates 0 0 0 0 0 1 0 0 0  1   6   0  "
777850,2025-05-20,Cubs,Marlins,1,0,False,False,True,1,Jameson Taillon,592791,Ryan Weathers,677960,"Final   1 2 3 4 5 6 7 8 9  R   H   E  
Cubs    1 0 0 0 0 8 0 0 5  14  21  0  
Marlins 0 0 1 0 0 0 0 0 0  1   6   0  "
777851,2025-05-20,Mets,Red Sox,0,0,True,True,True,0,Clay Holmes,605280,Walker Buehler,621111,"Final   1 2 3 4 5 6 7 8 9  R   H   E  
Mets    0 0 0 0 0 0 0 0 0  0   4   0  
Red Sox 0 0 0 0 2 0 0 0 0  2   5   0  "
777841,2025-05-20,Braves,Nationals,0,3,False,True,False,3,Spencer Strider,675911,Mitchell Parker,680730,"Final     1 2 3 4 5 6 7 8 9  R   H   E  
Braves    0 3 0 0 0 0 0 0 0  3   7   1  
Nationals 3 1 0 0 0 0 1 0 0  5   8   0  "
777848,2025-05-20,Astros,Rays,0,0,True,True,True,0,Brandon Walter,687888,Zack Littell,641793,"Final  1 2 3 4 5 6 7 8 9  R   H   E  
Astros 0 1 1 0 0 0 0 0 0  2   9   0  
Rays   0 0 0 0 0 0 0 2 1  3   6   0  "
777849,2025-05-20,Rangers,Yankees,0,0,True,True,True,0,Patrick Corbin,571578,Will Warren,701542,"Final   1 2 3 4 5 6 7 8 9  R   H   E  
Rangers 0 0 0 0 0 0 0 0 2  2   8   0  
Yankees 0 1 0 1 0 1 0 2 0  5   9   0  "
777845,2025-05-20,Padres,Blue Jays,0,0,True,True,True,0,Dylan Cease,656302,Chris Bassitt,605135,"Final     1 2 3 4 5 6 7 8 9  R   H   E  
Padres    0 0 0 0 0 0 0 0 0  0   5   0  
Blue Jays 1 0 0 0 2 0 0 0 0  3   3   0  "
777846,2025-05-20,Mariners,White Sox,0,0,True,True,True,0,Casey Legumina,668984,Adrian Houser,605288,"Final     1 2 3 4 5 6 7 8 9  R   H   E  
Mariners  0 0 0 0 0 0 0 0 0  0   4   0  
White Sox 0 0 1 0 0 0 0 0 0  1   7   1  "
777844,2025-05-20,Orioles,Brewers,0,0,True,True,True,0,Keegan Akin,669211,Logan Henderson,701656,"Final   1 2 3 4 5 6 7 8 9  R   H   E  
Orioles 0 0 0 0 0 0 2 0 0  2   8   2  
Brewers 0 0 1 2 0 0 0 2 0  5   7   0  "
777840,2025-05-20,Tigers,Cardinals,2,0,False,False,True,2,Tarik Skubal,669373,Erick Fedde,607200,"Final     1 2 3 4 5 6 7 8 9  R   H   E  
Tigers    2 0 2 0 0 0 0 0 1  5   7   0  
Cardinals 0 0 0 0 2 1 1 0 0  4   8   0  "
777842,2025-05-20,Phillies,Rockies,3,0,False,False,True,3,Jesús Luzardo,666200,Antonio Senzatela,622608,"Final    1 2 3 4 5 6 7 8 9  R   H   E  
Phillies 3 0 0 0 1 0 3 0 0  7   17  1  
Rockies  0 0 0 1 0 0 1 0 2  4   8   1  "
777836,2025-05-20,Royals,Giants,0,0,True,True,True,0,Michael Lorenzen,547179,Hayden Birdsong,806185,"Final  1 2 3 4 5 6 7 8 9  R   H   E  
Royals 0 0 1 0 0 0 0 1 0  2   7   2  
Giants 0 0 0 2 1 0 0 0 0  3   8   1  "
777843,2025-05-20,Angels,Athletics,0,0,True,True,True,0,Kyle Hendricks,543294,Gunnar Hoglund,680684,"Final     1 2 3 4 5 6 7 8 9  R   H   E  
Angels    0 0 0 1 4 0 0 0 2  7   11  1  
Athletics 0 1 0 3 0 0 0 0 1  5   12  0  "
777838,2025-05-20,D-backs,Dodgers,0,0,True,True,True,0,Ryne Nelson,669194,Yoshinobu Yamamoto,808967,"Final   1 2 3 4 5 6 7 8 9 10 R   H   E  
D-backs 0 0 0 0 0 0 0 0 1 2  3   7   0  
Dodgers 0 0 0 1 0 0 0 0 0 3  4   7   0  "
777834,2025-05-21,Reds,Pirates,0,1,False,True,False,1,Brady Singer,663903,Andrew Heaney,571760,"Final   1 2 3 4 5 6 7 8 9  R   H   E  
Reds    0 0 1 0 0 0 0 0 0  1   4   1  
Pirates 1 0 0 1 0 0 0 1 0  3   9   0  "
777832,2025-05-21,Astros,Rays,2,2,False,False,False,4,Hunter Brown,686613,Taj Bradley,671737,"Final  1 2 3 4 5 6 7 8 9  R   H   E  
Astros 2 0 0 0 0 0 0 2 0  4   7   3  
Rays   2 0 0 1 2 0 0 3 0  8   10  0  "
777861,2025-05-21,Guardians,Twins,1,1,False,False,False,2,Logan Allen,671106,Bailey Ober,641927,"Final     1 2 3 4 5 6 7 8 9  R   H   E  
Guardians 1 0 0 1 0 0 0 0 3  5   8   0  
Twins     1 1 0 2 0 0 0 1 1  6   12  0  "
777833,2025-05-21,Cubs,Marlins,1,1,False,False,False,2,Cade Horton,690990,Max Meyer,676974,"Final   1 2 3 4 5 6 7 8 9  R   H   E  
Cubs    1 0 0 0 0 0 0 1 0  2   8   0  
Marlins 1 0 0 0 0 0 0 0 0  1   6   1  "
777826,2025-05-21,Orioles,Brewers,0,0,True,True,True,0,Tomoyuki Sugano,608372,Chad Patrick,694477,"Final   1 2 3 4 5 6 7 8 9 1011 R   H   E  
Orioles 0 0 0 1 0 0 0 2 0 1 4  8   14  0  
Brewers 0 0 0 0 1 1 0 0 1 1 0  4   7   1  "
777827,2025-05-21,Tigers,Cardinals,0,0,True,True,True,0,Brant Hurter,676428,Andre Pallante,669467,"Final     1 2 3 4 5 6 7 8 9  R   H   E  
Tigers    0 1 0 1 0 1 0 2 0  5   7   0  
Cardinals 0 0 0 0 0 1 0 0 0  1   5   0  "
777830,2025-05-21,Mariners,White Sox,3,0,False,False,True,3,Logan Evans,688138,Shane Smith,681343,"Final     1 2 3 4 5 6 7 8 9  R   H   E  
Mariners  3 0 0 0 0 1 0 2 0  6   7   1  
White Sox 0 0 1 3 0 0 1 0 0  5   8   2  "
777819,2025-05-21,Royals,Giants,1,0,False,False,True,1,Daniel Lynch IV,663738,Logan Webb,657277,"Final  1 2 3 4 5 6 7 8 9  R   H   E  
Royals 1 2 0 3 2 0 0 0 0  8   16  0  
Giants 0 0 1 1 0 0 0 0 2  4   8   2  "
777829,2025-05-21,Guardians,Twins,0,0,True,True,True,0,Gavin Williams,668909,Chris Paddack,663978,"Final     1 2 3 4 5 6 7 8 9  R   H   E  
Guardians 0 0 0 0 0 2 0 1 2  5   11  0  
Twins     0 0 1 0 0 0 0 0 0  1   3   0  "
777831,2025-05-21,Mets,Red Sox,0,0,True,True,True,0,Tylor Megill,656731,Garrett Crochet,676979,"Final   1 2 3 4 5 6 7 8 9  R   H   E  
Mets    0 1 0 0 0 0 3 0 1  5   10  0  
Red Sox 0 0 0 0 1 0 0 0 0  1   6   0  "
777835,2025-05-21,Rangers,Yankees,0,0,True,True,True,0,Jacob deGrom,594798,Ryan Yarbrough,642232,"Final   1 2 3 4 5 6 7 8 9  R   H   E  
Rangers 0 0 0 0 1 0 2 0 0  3   10  0  
Yankees 0 1 0 0 0 0 1 1 1  4   5   0  "
777837,2025-05-21,Padres,Blue Jays,0,0,True,True,True,0,Randy Vásquez,681190,Kevin Gausman,592332,"Final     1 2 3 4 5 6 7 8 9  R   H   E  
Padres    0 0 0 0 0 0 0 0 0  0   5   4  
Blue Jays 0 0 0 0 2 0 5 7 0  14  14  1  "
777823,2025-05-21,Phillies,Rockies,2,1,False,False,False,3,Taijuan Walker,592836,Carson Palmquist,687223,"Final    1 2 3 4 5 6 7 8 9  R   H   E  
Phillies 2 0 4 0 1 2 0 0 0  9   12  0  
Rockies  1 1 0 1 0 0 0 0 2  5   11  3  "
777828,2025-05-21,Angels,Athletics,0,0,True,True,True,0,Jack Kochanowicz,686799,JP Sears,676664,"Final     1 2 3 4 5 6 7 8 9  R   H   E  
Angels    0 2 2 2 0 0 0 2 2  10  14  1  
Athletics 0 3 0 0 1 0 1 0 0  5   12  0  "
777824,2025-05-21,D-backs,Dodgers,0,0,True,True,True,0,Corbin Burnes,669203,Dustin May,669160,"Final   1 2 3 4 5 6 7 8 9  R   H   E  
D-backs 0 0 0 1 0 0 0 0 0  1   7   0  
Dodgers 0 0 0 0 0 3 0 0 0  3   5   0  "
777818,2025-05-22,Rangers,Yankees,0,0,True,True,True,0,Nathan Eovaldi,543135,Carlos Rodón,607074,"Final   1 2 3 4 5 6 7 8 9  R   H   E  
Rangers 0 0 0 0 0 0 0 0 0  0   4   1  
Yankees 0 0 0 0 1 0 0 0 0  1   5   0  "
777816,2025-05-22,Padres,Blue Jays,0,0,True,True,True,0,Stephen Kolek,663568,Bowden Francis,670102,"Final     1 2 3 4 5 6 7 8 9 1011 R   H   E  
Padres    0 2 0 0 0 0 0 0 2 1 1  6   8   1  
Blue Jays 0 0 2 2 0 0 0 0 0 1 2  7   12  0  "
777817,2025-05-22,Phillies,Rockies,0,0,True,True,True,0,Ranger Suárez,624133,Germán Márquez,608566,"Final    1 2 3 4 5 6 7 8 9  R   H   E  
Phillies 0 0 0 1 0 0 1 0 0  2   4   0  
Rockies  0 0 0 0 0 0 0 0 0  0   7   2  "
777812,2025-05-22,Angels,Athletics,0,2,False,True,False,2,Tyler Anderson,542881,Luis Severino,622663,"Final     1 2 3 4 5 6 7 8 9  R   H   E  
Angels    0 0 0 1 1 0 5 0 3  10  13  1  
Athletics 2 0 1 0 2 0 0 0 0  5   10  0  "
777821,2025-05-22,Guardians,Tigers,0,0,True,True,True,0,Tanner Bibee,676440,Jack Flaherty,656427,"Final     1 2 3 4 5 6 7 8 9  R   H   E  
Guardians 0 0 0 2 1 0 0 0 4  7   6   0  
Tigers    0 0 0 0 0 0 0 0 0  0   5   1  "
777814,2025-05-22,Brewers,Pirates,3,1,False,False,False,4,Aaron Civale,650644,Mike Burrows,681347,"Final   1 2 3 4 5 6 7 8 9  R   H   E  
Brewers 3 1 0 0 0 1 0 3 0  8   10  0  
Pirates 1 0 0 1 0 1 0 0 2  5   9   0  "
777820,2025-05-22,Braves,Nationals,2,1,False,False,False,3,AJ Smith-Shawver,700363,Trevor Williams,592866,"Final     1 2 3 4 5 6 7 8 9 10 R   H   E  
Braves    2 0 0 3 0 0 1 0 1 0  7   10  0  
Nationals 1 4 0 2 0 0 0 0 0 1  8   12  2  "
777822,2025-05-22,Mariners,Astros,1,0,False,False,True,1,George Kirby,669923,Lance McCullers Jr.,621121,"Final    1 2 3 4 5 6 7 8 9  R   H   E  
Mariners 1 1 0 0 0 0 0 0 0  2   10  0  
Astros   0 0 2 3 1 3 0 0 0  9   13  1  "
777815,2025-05-23,Orioles,Red Sox,0,0,True,True,True,0,Cade Povich,700249,Brayan Bello,678394,"Final   1 2 3 4 5 6 7 8 9  R   H   E  
Orioles 0 0 2 0 0 0 0 1 2  5   14  2  
Red Sox 0 0 0 1 0 5 0 130  19  20  0  "
777811,2025-05-23,Cubs,Reds,0,3,False,True,False,3,Matthew Boyd,571510,Hunter Greene,668881,"Final 1 2 3 4 5 6 7 8 9  R   H   E  
Cubs  0 0 0 2 0 0 6 3 2  13  13  2  
Reds  3 0 1 0 2 0 0 0 0  6   13  0  "
777806,2025-05-23,Brewers,Pirates,0,0,True,True,True,0,Freddy Peralta,642547,Paul Skenes,694973,"Final   1 2 3 4 5 6 7 8 9 10 R   H   E  
Brewers 0 0 0 0 0 1 2 0 1 1  5   11  2  
Pirates 0 0 1 0 1 0 1 0 1 2  6   12  1  "
777801,2025-05-23,Giants,Nationals,0,0,True,True,True,0,Landen Roupp,694738,MacKenzie Gore,669022,"Final     1 2 3 4 5 6 7 8 9  R   H   E  
Giants    0 0 0 0 0 0 2 2 0  4   7   0  
Nationals 0 0 0 0 0 0 0 0 0  0   5   0  "
777810,2025-05-23,Blue Jays,Rays,0,0,True,True,True,0,Eric Lauer,641778,Drew Rasmussen,656876,"Final     1 2 3 4 5 6 7 8 9  R   H   E  
Blue Jays 0 0 0 0 0 0 1 0 0  1   4   0  
Rays      0 0 2 1 0 0 0 0 0  3   8   0  "
777807,2025-05-23,Guardians,Tigers,2,0,False,False,True,2,Slade Cecconi,677944,Jackson Jobe,695549,"Final     1 2 3 4 5 6 7 8 9  R   H   E  
Guardians 2 0 0 0 0 0 0 0 1  3   8   0  
Tigers    0 0 0 0 0 1 0 0 0  1   6   0  "
777808,2025-05-23,Dodgers,Mets,0,0,True,True,True,0,Clayton Kershaw,477132,Griffin Canning,656288,"Final   1 2 3 4 5 6 7 8 9 10111213 R   H   E  
Dodgers 0 0 3 0 2 0 0 0 0 0 0 0 2  7   10  1  
Mets    0 0 1 1 0 0 0 0 3 0 0 0 0  5   7   0  "
777813,2025-05-23,Padres,Braves,0,1,False,True,False,1,Nick Pivetta,601713,Chris Sale,519242,"Final  1 2 3 4 5 6 7 8 9  R   H   E  
Padres 0 1 0 0 0 0 0 0 1  2   6   0  
Braves 1 0 0 0 0 0 0 0 0  1   6   0  "
777805,2025-05-23,Rangers,White Sox,0,0,True,True,True,0,Tyler Mahle,641816,Sean Burke,680732,"Final     1 2 3 4 5 6 7 8 9  R   H   E  
Rangers   0 0 0 0 0 1 0 0 0  1   3   1  
White Sox 0 0 3 0 0 1 0 0 0  4   8   0  "
777800,2025-05-23,Mariners,Astros,0,0,True,True,True,0,Emerson Hancock,676106,Ryan Gusto,687473,"Final    1 2 3 4 5 6 7 8 9  R   H   E  
Mariners 0 0 1 0 1 0 3 0 0  5   10  0  
Astros   0 0 2 0 1 0 0 0 0  3   11  0  "
777799,2025-05-23,Royals,Twins,1,0,False,False,True,1,Noah Cameron,702070,Pablo López,641154,"Final  1 2 3 4 5 6 7 8 9  R   H   E  
Royals 1 0 0 0 0 0 0 0 0  1   8   1  
Twins  0 1 0 0 0 0 0 0 2  3   6   0  "
777797,2025-05-23,D-backs,Cardinals,0,0,True,True,True,0,Zac Gallen,668678,Miles Mikolas,571945,"Final     1 2 3 4 5 6 7 8 9  R   H   E  
D-backs   0 0 0 1 0 0 0 0 2  3   8   0  
Cardinals 0 0 0 0 0 4 0 0 0  4   4   0  "
777802,2025-05-23,Yankees,Rockies,1,0,False,False,True,1,Clarke Schmidt,657376,Tanner Gordon,685299,"Final   1 2 3 4 5 6 7 8 9  R   H   E  
Yankees 1 0 0 0 1 0 0 0 0  2   5   0  
Rockies 0 0 0 1 2 0 0 0 0  3   8   0  "
777798,2025-05-23,Marlins,Angels,0,0,True,True,True,0,Sandy Alcantara,645261,Yusei Kikuchi,579328,"Final   1 2 3 4 5 6 7 8 9  R   H   E  
Marlins 0 0 0 0 0 0 2 2 0  4   14  1  
Angels  0 1 0 2 0 3 0 1 0  7   6   0  "
777804,2025-05-23,Phillies,Athletics,1,0,False,False,True,1,Zack Wheeler,554430,Jacob Lopez,682052,"Final     1 2 3 4 5 6 7 8 9  R   H   E  
Phillies  1 0 0 0 0 0 0 0 3  4   8   0  
Athletics 0 0 0 0 0 0 0 0 3  3   7   1  "
777809,2025-05-24,Orioles,Red Sox,2,0,False,False,True,2,Zach Eflin,621107,Hunter Dobbins,690928,"Final   1 2 3 4 5 6 7 8 9 10 R   H   E  
Orioles 2 0 0 0 3 0 0 0 0 0  5   7   1  
Red Sox 2 0 0 0 1 2 0 0 0 1  6   7   0  "
777790,2025-05-24,Orioles,Red Sox,0,0,True,True,True,0,Trevor Rogers,669432,Lucas Giolito,608337,"Final   1 2 3 4 5 6 7 8 9  R   H   E  
Orioles 0 0 0 0 0 0 0 1 1  2   8   0  
Red Sox 0 0 0 0 0 0 0 0 1  1   5   0  "
777788,2025-05-24,Royals,Twins,0,0,True,True,True,0,Michael Wacha,608379,Zebby Matthews,805673,"Final  1 2 3 4 5 6 7 8 9  R   H   E  
Royals 0 0 2 0 2 0 0 0 0  4   11  0  
Twins  0 0 0 0 3 1 0 0 1  5   9   0  "
777786,2025-05-24,D-backs,Cardinals,0,1,False,True,False,1,Merrill Kelly,518876,Matthew Liberatore,669461,"Final     1 2 3 4 5 6 7 8 9  R   H   E  
D-backs   0 0 0 0 1 0 0 4 0  5   12  0  
Cardinals 1 0 0 0 0 0 3 2 0  6   8   0  "
777793,2025-05-24,Giants,Nationals,0,2,False,True,False,2,Kyle Harrison,690986,Jake Irvin,663623,"Final     1 2 3 4 5 6 7 8 9  R   H   E  
Giants    0 0 0 0 0 0 0 0 0  0   3   0  
Nationals 2 0 0 0 0 0 1 0 0  3   8   1  "
777794,2025-05-24,Brewers,Pirates,0,1,False,True,False,1,Quinn Priester,682990,Mitch Keller,656605,"Final   1 2 3 4 5 6 7 8 9  R   H   E  
Brewers 0 1 0 0 0 0 0 0 0  1   11  0  
Pirates 1 0 0 0 0 0 1 0 0  2   9   0  "
777791,2025-05-24,Cubs,Reds,0,2,False,True,False,2,Colin Rea,607067,Andrew Abbott,671096,"Final 1 2 3 4 5 6 7 8 9  R   H   E  
Cubs  0 0 1 0 0 0 1 1 1  4   11  1  
Reds  2 0 0 1 3 0 0 0 0  6   9   0  "
777787,2025-05-24,Mariners,Astros,0,2,False,True,False,2,Bryan Woo,693433,Framber Valdez,664285,"Final    1 2 3 4 5 6 7 8 9  R   H   E  
Mariners 0 1 0 0 0 0 0 0 0  1   5   1  
Astros   2 0 0 0 0 0 0 0 0  2   12  0  "
777803,2025-05-24,Padres,Braves,0,0,True,True,True,0,Sean Reynolds,669308,Grant Holmes,656550,"Final  1 2 3 4 5 6 7 8 9  R   H   E  
Padres 0 0 1 0 0 0 0 0 0  1   6   0  
Braves 0 1 2 0 0 2 2 0 0  7   13  0  "
777792,2025-05-24,Rangers,White Sox,1,0,False,False,True,1,Jack Leiter,683004,Bryse Wilson,669060,"Final     1 2 3 4 5 6 7 8 9  R   H   E  
Rangers   1 0 0 2 1 0 0 1 0  5   7   2  
White Sox 0 0 0 2 0 6 1 1 0  10  13  2  "
777782,2025-05-24,Yankees,Rockies,1,0,False,False,True,1,Max Fried,608331,Kyle Freeland,607536,"Final   1 2 3 4 5 6 7 8 9  R   H   E  
Yankees 1 0 0 0 100 0 2 0  13  21  1  
Rockies 0 0 0 1 0 0 0 0 0  1   8   1  "
777795,2025-05-24,Blue Jays,Rays,3,0,False,False,True,3,José Berríos,621244,Shane Baz,669358,"Final     1 2 3 4 5 6 7 8 9  R   H   E  
Blue Jays 0 0 0 0 0 1 0 0 0  1   6   0  
Rays      3 0 0 0 0 0 0 0 0  3   3   0  "
777796,2025-05-24,Guardians,Tigers,0,3,False,True,False,3,Luis L. Ortiz,682847,Casey Mize,663554,"Final     1 2 3 4 5 6 7 8 9 10 R   H   E  
Guardians 0 0 2 0 0 0 0 1 0 4  7   11  0  
Tigers    3 0 0 0 0 0 0 0 0 2  5   5   1  "
777789,2025-05-24,Dodgers,Mets,0,0,True,True,True,0,Tony Gonsolin,664062,David Peterson,656849,"Final   1 2 3 4 5 6 7 8 9  R   H   E  
Dodgers 0 2 0 0 0 0 0 0 0  2   5   0  
Mets    0 1 0 3 0 0 0 1 0  5   11  0  "
777784,2025-05-24,Phillies,Athletics,2,0,False,False,True,2,Cristopher Sánchez,650911,Jeffrey Springs,605488,"Final     1 2 3 4 5 6 7 8 9 1011 R   H   E  
Phillies  2 0 0 1 0 1 1 0 1 0 3  9   10  2  
Athletics 0 2 0 0 1 2 0 1 0 0 0  6   15  1  "
777781,2025-05-24,Marlins,Angels,0,0,True,True,True,0,Cal Quantrill,615698,José Soriano,667755,"Final   1 2 3 4 5 6 7 8 9  R   H   E  
Marlins 0 1 0 0 2 0 3 0 0  6   11  0  
Angels  0 0 0 1 0 0 0 0 1  2   9   1  "
777780,2025-05-25,Guardians,Tigers,0,0,True,True,True,0,Logan Allen,671106,Tarik Skubal,669373,"Final     1 2 3 4 5 6 7 8 9  R   H   E  
Guardians 0 0 0 0 0 0 0 0 0  0   2   3  
Tigers    0 0 0 5 0 0 0 0 0  5   8   0  "
777785,2025-05-25,Orioles,Red Sox,0,0,True,True,True,0,Dean Kremer,665152,Walker Buehler,621111,"Final   1 2 3 4 5 6 7 8 9  R   H   E  
Orioles 0 0 0 1 1 1 0 2 0  5   7   0  
Red Sox 0 0 0 0 0 0 0 0 1  1   10  3  "
777778,2025-05-25,Giants,Nationals,0,0,True,True,True,0,Robbie Ray,592662,Michael Soroka,647336,"Final     1 2 3 4 5 6 7 8 9  R   H   E  
Giants    0 1 2 0 0 0 0 0 0  3   5   0  
Nationals 0 0 1 0 0 0 0 0 1  2   5   1  "
777776,2025-05-25,Brewers,Pirates,3,0,False,False,True,3,Logan Henderson,701656,Bailey Falter,663559,"Final   1 2 3 4 5 6 7 8 9  R   H   E  
Brewers 3 0 0 0 0 0 0 3 0  6   7   1  
Pirates 0 0 1 0 0 2 2 0 0  5   12  1  "
777779,2025-05-25,Cubs,Reds,2,4,False,False,False,6,Ben Brown,676962,Nick Lodolo,666157,"Final 1 2 3 4 5 6 7 8 9  R   H   E  
Cubs  2 1 0 0 0 1 3 4 0  11  13  0  
Reds  4 0 0 0 4 0 0 0 0  8   11  0  "
777775,2025-05-25,Blue Jays,Rays,2,0,False,False,True,2,Chris Bassitt,605135,Ryan Pepiot,686752,"Final     1 2 3 4 5 6 7 8 9  R   H   E  
Blue Jays 0 0 0 0 0 0 0 0 0  0   4   1  
Rays      2 0 0 0 7 0 4 0 0  13  15  0  "
777774,2025-05-25,Mariners,Astros,2,0,False,False,True,2,Luis Castillo,622491,Colton Gordon,676467,"Final    1 2 3 4 5 6 7 8 9  R   H   E  
Mariners 2 0 1 0 0 0 0 0 0  3   11  1  
Astros   0 0 2 0 0 1 0 0 2  5   13  0  "
777772,2025-05-25,Royals,Twins,0,1,False,True,False,1,Kris Bubic,663460,Bailey Ober,641927,"Final  1 2 3 4 5 6 7 8 9 10 R   H   E  
Royals 0 0 0 0 0 0 1 0 0 1  2   9   0  
Twins  1 0 0 0 0 0 0 0 0 0  1   3   1  "
777777,2025-05-25,Rangers,White Sox,0,0,True,True,True,0,Patrick Corbin,571578,Davis Martin,663436,"Final     1 2 3 4 5 6 7 8 9  R   H   E  
Rangers   0 2 0 0 0 0 0 0 3  5   7   0  
White Sox 0 0 0 1 0 2 0 0 1  4   9   0  "
777766,2025-05-25,D-backs,Cardinals,2,1,False,False,False,3,Brandon Pfaadt,694297,Sonny Gray,543243,"Final     1 2 3 4 5 6 7 8 9  R   H   E  
D-backs   2 0 0 0 0 1 0 0 0  3   10  0  
Cardinals 1 0 1 0 0 1 1 0 0  4   8   0  "
777768,2025-05-25,Yankees,Rockies,1,2,False,False,False,3,Will Warren,701542,Antonio Senzatela,622608,"Final   1 2 3 4 5 6 7 8 9  R   H   E  
Yankees 1 1 0 0 2 0 0 1 0  5   9   0  
Rockies 2 0 0 0 0 1 0 0 1  4   8   0  "
777765,2025-05-25,Phillies,Athletics,0,3,False,True,False,3,Jesús Luzardo,666200,Gunnar Hoglund,680684,"Final     1 2 3 4 5 6 7 8 9  R   H   E  
Phillies  0 1 1 0 1 0 0 1 0  4   7   0  
Athletics 3 0 0 0 0 0 0 2 0  5   11  0  "
777767,2025-05-25,Marlins,Angels,0,0,True,True,True,0,Edward Cabrera,665795,Kyle Hendricks,543294,"Final   1 2 3 4 5 6 7 8 9  R   H   E  
Marlins 0 0 1 1 1 0 0 0 0  3   8   0  
Angels  0 0 0 0 0 0 0 0 0  0   3   0  "
777783,2025-05-25,Padres,Braves,1,0,False,False,True,1,Dylan Cease,656302,Spencer Schwellenbach,680885,"Final  1 2 3 4 5 6 7 8 9  R   H   E  
Padres 1 0 0 0 0 2 1 1 0  5   9   0  
Braves 0 1 0 0 2 0 0 0 0  3   7   1  "
777773,2025-05-25,Dodgers,Mets,1,2,False,False,False,3,Landon Knack,689017,Kodai Senga,673540,"Final   1 2 3 4 5 6 7 8 9  R   H   E  
Dodgers 1 0 0 0 0 0 0 0 0  1   6   4  
Mets    2 0 1 0 0 0 0 0 0  3   6   1  "
777770,2025-05-26,Giants,Tigers,0,0,True,True,True,0,Hayden Birdsong,806185,Keider Montero,672456,"Final  1 2 3 4 5 6 7 8 9  R   H   E  
Giants 0 0 0 0 0 1 0 0 0  1   5   1  
Tigers 0 0 0 1 2 0 0 0 0  3   7   0  "
777764,2025-05-26,Red Sox,Brewers,1,0,False,False,True,1,Garrett Crochet,676979,Chad Patrick,694477,"Final   1 2 3 4 5 6 7 8 9  R   H   E  
Red Sox 0 0 0 0 0 0 0 1 1  2   7   0  
Brewers 1 0 0 0 1 0 0 1 0  3   7   0  "
777757,2025-05-26,Rockies,Cubs,0,1,False,True,False,1,Carson Palmquist,687223,Jameson Taillon,592791,"Final   1 2 3 4 5 6 7 8 9  R   H   E  
Rockies 0 0 0 0 1 0 0 0 0  1   5   1  
Cubs    1 0 0 0 1 0 1 0 0  3   4   0  "
777771,2025-05-26,Cardinals,Orioles,0,1,False,True,False,1,Erick Fedde,607200,Charlie Morton,450203,"Final     1 2 3 4 5 6 7 8 9  R   H   E  
Cardinals 0 0 0 0 2 0 0 0 0  2   4   2  
Orioles   1 0 1 3 0 0 0 0 0  5   10  1  "
777759,2025-05-26,Blue Jays,Rangers,0,0,True,True,True,0,Kevin Gausman,592332,Jacob deGrom,594798,"Final     1 2 3 4 5 6 7 8 9  R   H   E  
Blue Jays 1 0 0 1 0 0 0 0 0  2   8   0  
Rangers   0 0 0 1 0 0 0 0 0  1   5   0  "
777760,2025-05-26,Reds,Royals,1,0,False,False,True,1,Nick Martinez,607259,Michael Lorenzen,547179,"Final  1 2 3 4 5 6 7 8 9  R   H   E  
Reds   1 0 3 0 2 0 0 1 0  7   14  0  
Royals 0 0 0 0 0 0 3 0 1  4   7   1  "
777758,2025-05-26,White Sox,Mets,0,0,True,True,True,0,Adrian Houser,605288,Clay Holmes,605280,"Final     1 2 3 4 5 6 7 8 9  R   H   E  
White Sox 0 0 0 1 0 0 0 0 0  1   4   0  
Mets      0 0 0 0 0 0 0 1 1  2   7   0  "
777769,2025-05-26,Dodgers,Guardians,1,0,False,False,True,1,Yoshinobu Yamamoto,808967,Gavin Williams,668909,"Final     1 2 3 4 5 6 7 8 9  R   H   E  
Dodgers   1 1 0 0 2 2 0 0 1  7   8   1  
Guardians 0 0 1 0 0 1 0 0 0  2   6   0  "
777762,2025-05-26,Twins,Rays,0,0,True,True,True,0,Chris Paddack,663978,Zack Littell,641793,"Final 1 2 3 4 5 6 7 8 9  R   H   E  
Twins 0 0 0 0 0 0 2 0 0  2   5   1  
Rays  0 0 0 0 0 3 0 4 0  7   13  0  "
777761,2025-05-26,Pirates,D-backs,0,0,True,True,True,0,Andrew Heaney,571760,Ryne Nelson,669194,"Final   1 2 3 4 5 6 7 8 9  R   H   E  
Pirates 0 0 0 0 0 0 0 0 0  0   6   0  
D-backs 0 2 1 0 2 0 0 0 0  5   10  1  "
777756,2025-05-26,Marlins,Padres,2,0,False,False,True,2,Ryan Weathers,677960,Randy Vásquez,681190,"Final   1 2 3 4 5 6 7 8 9 1011 R   H   E  
Marlins 2 1 0 0 0 0 0 0 0 0 0  3   7   1  
Padres  0 0 0 2 0 0 0 1 0 0 1  4   5   0  "
777763,2025-05-26,Yankees,Angels,0,1,False,True,False,1,Ryan Yarbrough,642232,Jack Kochanowicz,686799,"Final   1 2 3 4 5 6 7 8 9  R   H   E  
Yankees 0 0 0 4 0 0 0 1 0  5   6   0  
Angels  1 0 0 0 0 0 0 0 0  1   5   1  "
777753,2025-05-27,Dodgers,Guardians,0,0,True,True,True,0,Dustin May,669160,Tanner Bibee,676440,"Final     1 2 3 4 5 6 7 8 9  R   H   E  
Dodgers   0 2 0 2 0 1 0 1 3  9   13  0  
Guardians 0 0 0 3 0 0 0 0 2  5   7   1  "
777754,2025-05-27,Cardinals,Orioles,1,0,False,False,True,1,Andre Pallante,669467,Tomoyuki Sugano,608372,"Final     1 2 3 4 5 6 7 8 9  R   H   E  
Cardinals 1 2 0 0 0 0 1 3 0  7   14  1  
Orioles   0 0 0 1 3 0 0 0 0  4   8   0  "
777755,2025-05-27,Giants,Tigers,0,1,False,True,False,1,Logan Webb,657277,Jack Flaherty,656427,"Final  1 2 3 4 5 6 7 8 9  R   H   E  
Giants 0 0 0 0 0 0 0 0 1  1   6   1  
Tigers 1 1 1 0 0 0 0 0 0  3   7   0  "
777748,2025-05-27,Braves,Phillies,0,0,True,True,True,0,Spencer Strider,675911,Ranger Suárez,624133,"Final    1 2 3 4 5 6 7 8 9  R   H   E  
Braves   0 0 0 0 0 0 0 0 0  0   5   0  
Phillies 0 1 0 0 0 0 0 1 0  2   5   1  "
777746,2025-05-27,Twins,Rays,1,0,False,False,True,1,Joe Ryan,657746,Taj Bradley,671737,"Final 1 2 3 4 5 6 7 8 9  R   H   E  
Twins 1 1 0 0 0 1 0 1 0  4   7   0  
Rays  0 0 0 1 0 0 1 0 0  2   6   1  "
777749,2025-05-27,White Sox,Mets,4,0,False,False,True,4,Jonathan Cannon,686563,Tylor Megill,656731,"Final     1 2 3 4 5 6 7 8 9  R   H   E  
White Sox 2 0 0 0 0 0 2 0 0  4   8   0  
Mets      4 0 1 0 0 0 0 1 0  6   12  0  "
777750,2025-05-27,Reds,Royals,0,0,True,True,True,0,Brady Singer,663903,Daniel Lynch IV,663738,"Final  1 2 3 4 5 6 7 8 9  R   H   E  
Reds   0 1 0 1 0 1 0 3 1  7   10  0  
Royals 0 2 0 0 0 0 0 0 0  2   8   1  "
777747,2025-05-27,Red Sox,Brewers,0,0,True,True,True,0,Richard Fitts,690916,Aaron Civale,650644,"Final   1 2 3 4 5 6 7 8 9 10 R   H   E  
Red Sox 0 0 0 0 0 1 0 0 0 0  1   7   0  
Brewers 0 0 0 0 0 0 0 0 1 4  5   7   0  "
777751,2025-05-27,Rockies,Cubs,0,0,True,True,True,0,Germán Márquez,608566,Cade Horton,690990,"Final   1 2 3 4 5 6 7 8 9 1011 R   H   E  
Rockies 0 0 0 1 0 0 1 0 0 0 1  3   7   0  
Cubs    0 0 2 0 0 0 0 0 0 0 2  4   10  0  "
777741,2025-05-27,Blue Jays,Rangers,0,0,True,True,True,0,Bowden Francis,670102,Nathan Eovaldi,543135,"Final     1 2 3 4 5 6 7 8 9  R   H   E  
Blue Jays 0 0 0 0 0 0 0 0 0  0   4   2  
Rangers   0 0 0 0 0 0 0 2 0  2   6   0  "
777752,2025-05-27,Athletics,Astros,0,0,True,True,True,0,JP Sears,676664,Hunter Brown,686613,"Final     1 2 3 4 5 6 7 8 9  R   H   E  
Athletics 0 0 0 1 0 0 0 0 0  1   7   0  
Astros    0 4 3 2 0 2 0 0 0  11  13  0  "
777745,2025-05-27,Yankees,Angels,0,0,True,True,True,0,Carlos Rodón,607074,Tyler Anderson,542881,"Final   1 2 3 4 5 6 7 8 9  R   H   E  
Yankees 0 0 0 1 0 1 1 0 0  3   6   0  
Angels  0 0 0 0 0 0 0 0 2  2   8   1  "
777744,2025-05-27,Pirates,D-backs,0,1,False,True,False,1,Mike Burrows,681347,Corbin Burnes,669203,"Final   1 2 3 4 5 6 7 8 9  R   H   E  
Pirates 0 0 0 0 0 2 0 7 0  9   12  1  
D-backs 1 0 0 5 0 0 0 0 0  6   8   1  "
777743,2025-05-27,Nationals,Mariners,0,3,False,True,False,3,Mitchell Parker,680730,Logan Evans,688138,"Final     1 2 3 4 5 6 7 8 9  R   H   E  
Nationals 0 0 0 1 0 0 0 0 0  1   4   1  
Mariners  3 0 0 0 1 3 0 2 0  9   12  0  "
777742,2025-05-27,Marlins,Padres,6,1,False,False,False,7,Max Meyer,676974,Stephen Kolek,663568,"Final   1 2 3 4 5 6 7 8 9  R   H   E  
Marlins 6 0 0 0 0 0 0 0 0  6   10  3  
Padres  1 2 2 1 1 0 0 1 0  8   13  1  "
777739,2025-05-28,Dodgers,Guardians,0,1,False,True,False,1,Clayton Kershaw,477132,Kolby Allard,663465,"Final     1 2 3 4 5 6 7 8 9  R   H   E  
Dodgers   0 0 0 2 0 1 1 0 0  4   7   0  
Guardians 1 0 0 0 0 0 1 5 0  7   15  0  "
777738,2025-05-28,Giants,Tigers,0,0,True,True,True,0,Landen Roupp,694738,Jackson Jobe,695549,"Final  1 2 3 4 5 6 7 8 9  R   H   E  
Giants 0 1 0 0 2 0 0 0 0  3   10  1  
Tigers 0 0 0 0 4 0 0 0 0  4   7   1  "
777732,2025-05-28,Twins,Rays,0,0,True,True,True,0,Pablo López,641154,Drew Rasmussen,656876,"Final 1 2 3 4 5 6 7 8 9  R   H   E  
Twins 0 0 0 0 0 0 0 0 0  0   6   0  
Rays  0 0 0 3 1 0 0 1 0  5   8   0  "
777737,2025-05-28,White Sox,Mets,0,0,True,True,True,0,Shane Smith,681343,Griffin Canning,656288,"Final     1 2 3 4 5 6 7 8 9  R   H   E  
White Sox 2 2 1 0 0 2 1 1 0  9   12  0  
Mets      0 0 3 0 0 0 0 0 1  4   5   2  "
777736,2025-05-28,Red Sox,Brewers,0,0,True,True,True,0,Brayan Bello,678394,Freddy Peralta,642547,"Final   1 2 3 4 5 6 7 8 9 10 R   H   E  
Red Sox 0 1 0 2 0 0 1 0 0 1  5   9   3  
Brewers 0 0 1 0 1 2 0 0 0 2  6   8   1  "
777734,2025-05-28,Athletics,Astros,0,0,True,True,True,0,Luis Severino,622663,Lance McCullers Jr.,621121,"Final     1 2 3 4 5 6 7 8 9  R   H   E  
Athletics 0 0 2 0 1 0 0 0 0  3   6   1  
Astros    0 0 1 1 0 0 3 0 0  5   7   0  "
777729,2025-05-28,Pirates,D-backs,0,0,True,True,True,0,Paul Skenes,694973,Zac Gallen,668678,"Final   1 2 3 4 5 6 7 8 9  R   H   E  
Pirates 0 1 0 0 2 5 0 2 0  10  11  1  
D-backs 0 0 0 0 0 0 0 0 1  1   6   2  "
777726,2025-05-28,Marlins,Padres,0,0,True,True,True,0,Sandy Alcantara,645261,Kyle Hart,606996,"Final   1 2 3 4 5 6 7 8 9  R   H   E  
Marlins 0 0 1 0 5 0 1 3 0  10  13  1  
Padres  0 1 0 5 0 0 2 0 0  8   9   1  "
777740,2025-05-28,Cardinals,Orioles,0,0,True,True,True,0,Miles Mikolas,571945,Cade Povich,700249,"Final     1 2 3 4 5 6 7 8 9  R   H   E  
Cardinals 0 0 0 2 3 0 1 0 0  6   12  2  
Orioles   0 3 0 1 0 0 0 0 0  4   12  0  "
777733,2025-05-28,Reds,Royals,0,0,True,True,True,0,Hunter Greene,668881,Noah Cameron,702070,"Final  1 2 3 4 5 6 7 8 9  R   H   E  
Reds   0 0 0 0 0 1 0 1 0  2   9   0  
Royals 0 0 0 1 1 0 1 0 0  3   8   0  "
777731,2025-05-28,Rockies,Cubs,0,1,False,True,False,1,Tanner Gordon,685299,Matthew Boyd,571510,"Final   1 2 3 4 5 6 7 8 9  R   H   E  
Rockies 0 0 0 0 0 1 0 0 0  1   6   0  
Cubs    1 0 0 1 0 0 0 0 0  2   6   1  "
777724,2025-05-28,Blue Jays,Rangers,0,0,True,True,True,0,Paxton Schultz,687606,Tyler Mahle,641816,"Final     1 2 3 4 5 6 7 8 9  R   H   E  
Blue Jays 0 0 0 0 0 0 0 0 2  2   8   0  
Rangers   0 0 0 0 0 0 0 0 0  0   1   0  "
777728,2025-05-28,Yankees,Angels,1,0,False,False,True,1,Clarke Schmidt,657376,Yusei Kikuchi,579328,"Final   1 2 3 4 5 6 7 8 9  R   H   E  
Yankees 1 0 0 0 0 0 0 0 0  1   7   0  
Angels  0 0 0 0 0 0 0 0 0  0   5   0  "
777730,2025-05-28,Nationals,Mariners,0,0,True,True,True,0,Trevor Williams,592866,George Kirby,669923,"Final     1 2 3 4 5 6 7 8 9  R   H   E  
Nationals 0 2 0 3 1 0 0 3 0  9   12  1  
Mariners  0 0 0 0 0 0 0 0 0  0   5   1  "
777735,2025-05-29,Braves,Phillies,0,0,True,True,True,0,AJ Smith-Shawver,700363,Cristopher Sánchez,650911,"Final    1 2 3 4 5 6 7 8 9  R   H   E  
Braves   0 0 0 0 0 2 0 2 0  4   13  0  
Phillies 0 0 2 0 1 0 1 1 0  5   10  0  "
777723,2025-05-29,Braves,Phillies,0,0,True,True,True,0,Chris Sale,519242,Zack Wheeler,554430,"Final    1 2 3 4 5 6 7 8 9  R   H   E  
Braves   0 0 0 4 0 2 2 0 1  9   8   0  
Phillies 0 0 0 0 0 0 0 2 1  3   7   0  "
777727,2025-05-29,Athletics,Blue Jays,0,0,True,True,True,0,Jacob Lopez,682052,José Berríos,621244,"Final     1 2 3 4 5 6 7 8 9  R   H   E  
Athletics 0 0 0 0 0 0 0 0 0  0   4   0  
Blue Jays 0 8 3 0 0 0 1 0 0  12  18  0  "
777725,2025-05-29,Rays,Astros,1,0,False,False,True,1,Shane Baz,669358,Ryan Gusto,687473,"Final  1 2 3 4 5 6 7 8 9  R   H   E  
Rays   1 0 0 1 1 0 5 5 0  13  14  1  
Astros 0 0 0 0 2 1 0 0 0  3   8   1  "
777722,2025-05-29,Nationals,Mariners,0,0,True,True,True,0,MacKenzie Gore,669022,Emerson Hancock,676106,"Final     1 2 3 4 5 6 7 8 9 10 R   H   E  
Nationals 0 0 0 0 0 2 0 0 0 7  9   12  1  
Mariners  0 0 0 0 0 0 2 0 0 1  3   7   1  "
777712,2025-05-30,Reds,Cubs,2,0,False,False,True,2,Andrew Abbott,671096,Colin Rea,607067,"Final 1 2 3 4 5 6 7 8 9  R   H   E  
Reds  2 0 0 2 0 2 0 0 0  6   10  0  
Cubs  0 0 0 0 0 0 0 2 0  2   6   0  "
777720,2025-05-30,White Sox,Orioles,0,0,True,True,True,0,Jared Shuster,694363,Zach Eflin,621107,"Final     1 2 3 4 5 6 7 8 9  R   H   E  
White Sox 0 0 0 0 0 0 0 0 1  1   6   0  
Orioles   0 0 0 0 0 2 0 0 0  2   7   0  "
777715,2025-05-30,Brewers,Phillies,2,0,False,False,True,2,DL Hall,669084,Taijuan Walker,592836,"Final    1 2 3 4 5 6 7 8 9  R   H   E  
Brewers  2 0 0 0 3 0 0 0 1  6   12  0  
Phillies 0 0 0 1 0 0 1 0 0  2   4   0  "
777716,2025-05-30,Athletics,Blue Jays,0,0,True,True,True,0,Jeffrey Springs,605488,Chris Bassitt,605135,"Final     1 2 3 4 5 6 7 8 9  R   H   E  
Athletics 0 1 1 1 2 0 0 0 2  7   10  0  
Blue Jays 0 3 3 0 3 2 0 0 0  11  15  1  "
777721,2025-05-30,Angels,Guardians,0,0,True,True,True,0,José Soriano,667755,Luis L. Ortiz,682847,"Final     1 2 3 4 5 6 7 8 9  R   H   E  
Angels    0 1 0 0 0 0 2 0 1  4   13  0  
Guardians 0 0 0 0 0 0 0 0 1  1   6   1  "
777718,2025-05-30,Rockies,Mets,0,1,False,True,False,1,Kyle Freeland,607536,David Peterson,656849,"Final   1 2 3 4 5 6 7 8 9  R   H   E  
Rockies 0 0 0 0 0 1 1 0 0  2   6   0  
Mets    1 0 1 1 0 0 0 1 0  4   9   0  "
777717,2025-05-30,Giants,Marlins,1,0,False,False,True,1,Kyle Harrison,690986,Cal Quantrill,615698,"Final   1 2 3 4 5 6 7 8 9  R   H   E  
Giants  1 0 0 1 0 0 0 0 0  2   11  0  
Marlins 0 0 0 0 0 0 0 0 0  0   3   0  "
777719,2025-05-30,Red Sox,Braves,1,0,False,False,True,1,Lucas Giolito,608337,Grant Holmes,656550,"Final   1 2 3 4 5 6 7 8 9  R   H   E  
Red Sox 0 0 0 2 0 1 0 0 2  5   11  1  
Braves  1 0 0 0 0 0 0 0 0  1   6   0  "
777709,2025-05-30,Cardinals,Rangers,0,1,False,True,False,1,Matthew Liberatore,669461,Jack Leiter,683004,"Final     1 2 3 4 5 6 7 8 9  R   H   E  
Cardinals 0 0 0 0 0 0 0 1 0  1   5   1  
Rangers   1 4 0 0 0 4 2 0 0  11  15  0  "
777711,2025-05-30,Tigers,Royals,2,1,False,False,False,3,Casey Mize,663554,Seth Lugo,607625,"Final  1 2 3 4 5 6 7 8 9  R   H   E  
Tigers 2 2 0 0 1 0 0 2 0  7   11  0  
Royals 1 0 2 0 0 0 1 0 1  5   12  2  "
777714,2025-05-30,Rays,Astros,1,0,False,False,True,1,Ryan Pepiot,686752,Framber Valdez,664285,"Final  1 2 3 4 5 6 7 8 9  R   H   E  
Rays   1 0 0 0 0 0 0 0 0  1   3   1  
Astros 0 0 0 0 0 0 0 1 1  2   7   0  "
777710,2025-05-30,Nationals,D-backs,2,4,False,False,False,6,Jake Irvin,663623,Merrill Kelly,518876,"Final     1 2 3 4 5 6 7 8 9  R   H   E  
Nationals 2 0 4 0 0 2 1 0 0  9   11  1  
D-backs   4 0 2 0 0 0 0 0 1  7   12  1  "
777707,2025-05-30,Pirates,Padres,0,0,True,True,True,0,Mitch Keller,656605,Nick Pivetta,601713,"Final   1 2 3 4 5 6 7 8 9  R   H   E  
Pirates 0 0 0 0 0 2 0 0 0  2   7   0  
Padres  0 0 0 1 0 2 0 0 0  3   3   0  "
777713,2025-05-30,Twins,Mariners,0,4,False,True,False,4,Zebby Matthews,805673,Bryan Woo,693433,"Final    1 2 3 4 5 6 7 8 9 10 R   H   E  
Twins    0 0 0 2 0 0 1 0 3 6  12  14  1  
Mariners 4 0 0 0 0 0 0 2 0 0  6   9   0  "
777708,2025-05-30,Yankees,Dodgers,1,1,False,False,False,2,Max Fried,608331,Tony Gonsolin,664062,"Final   1 2 3 4 5 6 7 8 9  R   H   E  
Yankees 1 3 1 0 0 0 0 0 0  5   9   1  
Dodgers 1 1 0 0 0 4 2 0 0  8   12  0  "
777704,2025-05-31,Reds,Cubs,0,0,True,True,True,0,Nick Lodolo,666157,Drew Pomeranz,519141,"Final 1 2 3 4 5 6 7 8 9  R   H   E  
Reds  0 0 0 0 0 0 0 0 0  0   1   0  
Cubs  0 0 0 0 0 0 0 2 0  2   8   0  "
777701,2025-05-31,Athletics,Blue Jays,3,0,False,False,True,3,Gunnar Hoglund,680684,Braydon Fisher,680755,"Final     1 2 3 4 5 6 7 8 9  R   H   E  
Athletics 3 2 0 0 0 0 0 0 2  7   11  0  
Blue Jays 4 1 1 0 1 1 0 0 0  8   10  0  "
777697,2025-05-31,Cardinals,Rangers,0,0,True,True,True,0,Sonny Gray,543243,Patrick Corbin,571578,"Final     1 2 3 4 5 6 7 8 9  R   H   E  
Cardinals 0 1 0 1 0 0 0 0 0  2   5   0  
Rangers   0 0 0 0 0 0 0 0 0  0   4   0  "
777699,2025-05-31,White Sox,Orioles,1,0,False,False,True,1,Davis Martin,663436,Dean Kremer,665152,"Final     1 2 3 4 5 6 7 8 9  R   H   E  
White Sox 0 0 0 0 1 0 1 0 0  2   8   0  
Orioles   1 0 0 1 2 0 0 0 0  4   5   0  "
777702,2025-05-31,Brewers,Phillies,4,0,False,False,True,4,Chad Patrick,694477,Jesús Luzardo,666200,"Final    1 2 3 4 5 6 7 8 9  R   H   E  
Brewers  4 0 0 8 0 5 0 0 0  17  23  0  
Phillies 0 0 0 1 0 1 0 0 5  7   10  1  "
777703,2025-05-31,Angels,Guardians,0,0,True,True,True,0,Kyle Hendricks,543294,Slade Cecconi,677944,"Final     1 2 3 4 5 6 7 8 9  R   H   E  
Angels    0 0 2 2 1 0 0 0 0  5   8   2  
Guardians 0 0 0 2 1 1 3 0 0  7   11  1  "
777694,2025-05-31,Tigers,Royals,0,0,True,True,True,0,Tarik Skubal,669373,Michael Wacha,608379,"Final  1 2 3 4 5 6 7 8 9  R   H   E  
Tigers 0 0 0 0 0 0 0 0 0  0   2   0  
Royals 0 0 0 0 0 0 0 1 0  1   4   0  "
777700,2025-05-31,Rockies,Mets,1,4,False,False,False,5,Antonio Senzatela,622608,Kodai Senga,673540,"Final   1 2 3 4 5 6 7 8 9  R   H   E  
Rockies 1 0 0 0 0 0 1 0 0  2   3   2  
Mets    4 0 0 3 0 0 0 1 0  8   11  0  "
777693,2025-05-31,Rays,Astros,0,1,False,True,False,1,Zack Littell,641793,Colton Gordon,676467,"Final  1 2 3 4 5 6 7 8 9  R   H   E  
Rays   0 0 3 1 0 1 6 3 2  16  18  0  
Astros 1 0 2 0 0 0 0 0 0  3   10  0  "
777706,2025-05-31,Red Sox,Braves,1,0,False,False,True,1,Walker Buehler,621111,Spencer Schwellenbach,680885,"Final   1 2 3 4 5 6 7 8 9  R   H   E  
Red Sox 0 0 0 0 0 0 0 0 0  0   5   1  
Braves  1 0 0 4 0 0 0 0 0  5   11  0  "
777705,2025-05-31,Giants,Marlins,0,0,True,True,True,0,Robbie Ray,592662,Edward Cabrera,665795,"Final   1 2 3 4 5 6 7 8 9  R   H   E  
Giants  0 0 0 0 0 0 0 0 0  0   8   0  
Marlins 0 1 0 0 0 0 0 0 0  1   3   1  "
777695,2025-05-31,Twins,Mariners,0,0,True,True,True,0,Bailey Ober,641927,Bryce Miller,682243,"Final    1 2 3 4 5 6 7 8 9 1011 R   H   E  
Twins    0 3 0 0 0 0 0 0 1 0 0  4   12  0  
Mariners 0 0 2 0 0 0 2 0 0 0 1  5   10  1  "
777698,2025-05-31,Yankees,Dodgers,0,4,False,True,False,4,Will Warren,701542,Landon Knack,689017,"Final   1 2 3 4 5 6 7 8 9  R   H   E  
Yankees 0 0 0 1 0 0 0 1 0  2   7   0  
Dodgers 4 6 0 0 4 0 1 3 0  18  21  0  "
777691,2025-05-31,Pirates,Padres,1,0,False,False,True,1,Bailey Falter,663559,Dylan Cease,656302,"Final   1 2 3 4 5 6 7 8 9  R   H   E  
Pirates 1 0 0 1 1 0 2 0 0  5   12  0  
Padres  0 0 0 0 0 0 0 0 0  0   2   0  "
777696,2025-05-31,Nationals,D-backs,101,0,False,False,True,101,Michael Soroka,647336,Brandon Pfaadt,694297,"Final     1 2 3 4 5 6 7 8 9  R   H   E  
Nationals 101 0 0 0 0 0 0 0  11  13  0  
D-backs   0 0 0 2 0 5 0 0 0  7   10  0  "
777678,2025-06-01,Cardinals,Rangers,1,0,False,False,True,1,Erick Fedde,607200,Jacob deGrom,594798,"Final     1 2 3 4 5 6 7 8 9  R   H   E  
Cardinals 1 0 0 0 0 0 0 0 0  1   5   1  
Rangers   0 2 0 0 0 0 1 5 0  8   9   1  "
777692,2025-06-01,Red Sox,Braves,1,0,False,False,True,1,Garrett Crochet,676979,Bryce Elder,693821,"Final   1 2 3 4 5 6 7 8 9  R   H   E  
Red Sox 3 0 0 0 0 0 0 0 0  3   7   0  
Braves  1 0 0 0 0 0 0 0 0  1   5   0  "
777684,2025-06-01,White Sox,Orioles,0,0,True,True,True,0,Adrian Houser,605288,Charlie Morton,450203,"Final     1 2 3 4 5 6 7 8 9  R   H   E  
White Sox 0 0 0 0 0 1 1 0 0  2   7   0  
Orioles   0 0 2 0 0 1 0 0 0  3   8   2  "
777688,2025-06-01,Brewers,Phillies,0,1,False,True,False,1,Jose Quintana,500779,Ranger Suárez,624133,"Final    1 2 3 4 5 6 7 8 9  R   H   E  
Brewers  0 0 0 0 1 0 3 0 1  5   9   0  
Phillies 1 1 0 0 0 0 0 0 0  2   6   2  "
777685,2025-06-01,Athletics,Blue Jays,1,0,False,False,True,1,JP Sears,676664,Kevin Gausman,592332,"Final     1 2 3 4 5 6 7 8 9  R   H   E  
Athletics 1 0 0 0 2 0 0 1 0  4   11  2  
Blue Jays 0 0 0 0 2 0 0 6 0  8   13  0  "
777683,2025-06-01,Angels,Guardians,0,0,True,True,True,0,Jack Kochanowicz,686799,Gavin Williams,668909,"Final     1 2 3 4 5 6 7 8 9  R   H   E  
Angels    0 0 0 0 0 0 2 0 0  2   3   1  
Guardians 0 0 1 3 0 0 0 0 0  4   6   1  "
777686,2025-06-01,Rockies,Mets,0,0,True,True,True,0,Carson Palmquist,687223,Clay Holmes,605280,"Final   1 2 3 4 5 6 7 8 9  R   H   E  
Rockies 0 0 1 0 2 0 0 0 0  3   5   0  
Mets    0 0 0 3 1 0 0 1 0  5   5   0  "
777689,2025-06-01,Giants,Marlins,0,0,True,True,True,0,Hayden Birdsong,806185,Ryan Weathers,677960,"Final   1 2 3 4 5 6 7 8 9  R   H   E  
Giants  0 0 1 3 0 0 0 0 0  4   8   0  
Marlins 0 0 0 0 0 1 1 0 0  2   9   0  "
777677,2025-06-01,Tigers,Royals,0,0,True,True,True,0,Keider Montero,672456,Kris Bubic,663460,"Final  1 2 3 4 5 6 7 8 9  R   H   E  
Tigers 0 0 1 0 0 0 0 0 0  1   5   0  
Royals 0 0 0 0 0 0 0 0 0  0   9   0  "
777690,2025-06-01,Rays,Astros,0,1,False,True,False,1,Taj Bradley,671737,Hunter Brown,686613,"Final  1 2 3 4 5 6 7 8 9  R   H   E  
Rays   0 0 0 0 0 0 0 0 0  0   2   1  
Astros 1 0 0 0 0 0 0 0 0  1   4   0  "
777687,2025-06-01,Reds,Cubs,0,0,True,True,True,0,Nick Martinez,607259,Jameson Taillon,592791,"Final 1 2 3 4 5 6 7 8 9  R   H   E  
Reds  0 0 0 0 0 2 0 0 1  3   4   2  
Cubs  0 0 4 0 1 0 2 0 0  7   10  0  "
777679,2025-06-01,Nationals,D-backs,0,3,False,True,False,3,Mitchell Parker,680730,Corbin Burnes,669203,"Final     1 2 3 4 5 6 7 8 9  R   H   E  
Nationals 0 0 0 0 1 0 0 0 0  1   6   1  
D-backs   3 0 0 0 0 0 0 0 0  3   3   0  "
777680,2025-06-01,Twins,Mariners,0,0,True,True,True,0,Chris Paddack,663978,Luis Castillo,622491,"Final    1 2 3 4 5 6 7 8 9  R   H   E  
Twins    0 0 0 0 0 0 0 0 1  1   6   1  
Mariners 0 0 0 0 0 0 1 0 1  2   6   0  "
777681,2025-06-01,Pirates,Padres,0,1,False,True,False,1,Andrew Heaney,571760,Randy Vásquez,681190,"Final   1 2 3 4 5 6 7 8 9  R   H   E  
Pirates 0 0 3 1 0 0 0 0 0  4   7   0  
Padres  1 0 0 0 0 1 4 0 0  6   8   0  "
777682,2025-06-01,Yankees,Dodgers,1,0,False,False,True,1,Ryan Yarbrough,642232,Yoshinobu Yamamoto,808967,"Final   1 2 3 4 5 6 7 8 9  R   H   E  
Yankees 1 0 3 0 2 0 0 0 1  7   11  0  
Dodgers 0 1 0 0 0 0 2 0 0  3   6   1  "
777673,2025-06-02,Rockies,Marlins,1,3,False,False,False,4,Germán Márquez,608566,Max Meyer,676974,"Final   1 2 3 4 5 6 7 8 9  R   H   E  
Rockies 1 0 1 1 2 0 0 0 1  6   12  2  
Marlins 3 1 0 0 0 0 0 0 0  4   11  0  "
777670,2025-06-02,Angels,Red Sox,6,0,False,False,True,6,Tyler Anderson,542881,Richard Fitts,690916,"Final   1 2 3 4 5 6 7 8 9  R   H   E  
Angels  6 0 0 0 0 1 0 0 0  7   8   0  
Red Sox 0 0 1 0 4 0 0 1 0  6   11  2  "
777671,2025-06-02,Brewers,Reds,0,2,False,True,False,2,Aaron Civale,650644,Brady Singer,663903,"Final   1 2 3 4 5 6 7 8 9  R   H   E  
Brewers 0 2 1 0 0 0 0 0 0  3   5   1  
Reds    2 0 0 0 0 0 0 0 0  2   8   0  "
777674,2025-06-02,Tigers,White Sox,3,0,False,False,True,3,Jack Flaherty,656427,Jonathan Cannon,686563,"Final     1 2 3 4 5 6 7 8 9  R   H   E  
Tigers    3 2 0 3 0 2 0 3 0  13  16  0  
White Sox 0 0 0 0 0 1 0 0 0  1   5   0  "
777676,2025-06-02,Padres,Giants,0,0,True,True,True,0,Stephen Kolek,663568,Logan Webb,657277,"Final  1 2 3 4 5 6 7 8 9 10 R   H   E  
Padres 0 0 0 0 0 0 0 0 0 1  1   6   0  
Giants 0 0 0 0 0 0 0 0 0 0  0   5   1  "
777669,2025-06-02,Twins,Athletics,0,0,True,True,True,0,Joe Ryan,657746,Luis Severino,622663,"Final     1 2 3 4 5 6 7 8 9  R   H   E  
Twins     0 6 0 0 0 2 0 1 1  10  14  0  
Athletics 0 0 1 3 0 0 0 0 0  4   7   0  "
777675,2025-06-02,Mets,Dodgers,1,0,False,False,True,1,Paul Blackburn,621112,Dustin May,669160,"Final   1 2 3 4 5 6 7 8 9 10 R   H   E  
Mets    1 0 0 0 1 0 0 0 0 2  4   8   1  
Dodgers 0 0 0 0 0 0 1 0 1 1  3   9   0  "
777663,2025-06-03,Astros,Pirates,0,0,True,True,True,0,Lance McCullers Jr.,621121,Paul Skenes,694973,"Final   1 2 3 4 5 6 7 8 9  R   H   E  
Astros  0 0 0 0 0 0 1 0 2  3   5   1  
Pirates 0 0 0 0 0 0 0 0 0  0   4   1  "
777666,2025-06-03,Rockies,Marlins,0,0,True,True,True,0,Chase Dollander,801403,Sandy Alcantara,645261,"Final   1 2 3 4 5 6 7 8 9  R   H   E  
Rockies 0 0 0 0 2 0 0 1 0  3   7   0  
Marlins 0 0 2 0 0 0 0 0 0  2   6   1  "
777659,2025-06-03,Cubs,Nationals,0,1,False,True,False,1,Cade Horton,690990,Trevor Williams,592866,"Final     1 2 3 4 5 6 7 8 9  R   H   E  
Cubs      0 1 0 2 4 0 1 0 0  8   9   1  
Nationals 1 0 2 0 0 0 0 0 0  3   7   0  "
777664,2025-06-03,Guardians,Yankees,0,0,True,True,True,0,Tanner Bibee,676440,Carlos Rodón,607074,"Final     1 2 3 4 5 6 7 8 9  R   H   E  
Guardians 0 0 0 0 0 0 1 0 1  2   7   1  
Yankees   0 0 0 0 1 0 2 0 0  3   5   0  "
777665,2025-06-03,Phillies,Blue Jays,6,0,False,False,True,6,Cristopher Sánchez,650911,Bowden Francis,670102,"Final     1 2 3 4 5 6 7 8 9  R   H   E  
Phillies  6 1 0 0 0 0 0 1 0  8   11  0  
Blue Jays 0 0 0 0 1 0 0 2 0  3   5   1  "
777667,2025-06-03,Angels,Red Sox,0,0,True,True,True,0,Yusei Kikuchi,579328,Brayan Bello,678394,"Final   1 2 3 4 5 6 7 8 9 10 R   H   E  
Angels  0 0 3 0 0 0 0 0 0 1  4   7   0  
Red Sox 0 0 1 0 0 2 0 0 0 0  3   10  4  "
777668,2025-06-03,Brewers,Reds,1,0,False,False,True,1,Freddy Peralta,642547,Hunter Greene,668881,"Final   1 2 3 4 5 6 7 8 9  R   H   E  
Brewers 1 0 0 1 0 0 0 0 0  2   5   0  
Reds    0 0 0 2 0 0 1 1 0  4   8   1  "
777672,2025-06-03,D-backs,Braves,1,0,False,False,True,1,Zac Gallen,668678,Spencer Strider,675911,"Final   1 2 3 4 5 6 7 8 9  R   H   E  
D-backs 1 1 2 0 1 0 0 0 3  8   11  1  
Braves  0 0 0 3 0 0 0 0 0  3   6   0  "
777662,2025-06-03,Rangers,Rays,0,0,True,True,True,0,Tyler Mahle,641816,Drew Rasmussen,656876,"Final   1 2 3 4 5 6 7 8 9  R   H   E  
Rangers 0 0 0 0 0 0 1 0 0  1   4   1  
Rays    0 1 0 0 0 3 0 1 0  5   8   0  "
777661,2025-06-03,Tigers,White Sox,0,0,True,True,True,0,Beau Brieske,689225,Shane Smith,681343,"Final     1 2 3 4 5 6 7 8 9  R   H   E  
Tigers    0 0 0 0 0 0 1 0 0  1   7   1  
White Sox 0 0 0 1 0 3 2 2 0  8   10  0  "
777660,2025-06-03,Royals,Cardinals,2,0,False,False,True,2,Michael Lorenzen,547179,Andre Pallante,669467,"Final     1 2 3 4 5 6 7 8 9  R   H   E  
Royals    2 0 0 0 6 2 0 0 0  10  13  1  
Cardinals 0 2 5 0 0 0 0 0 0  7   12  0  "
777655,2025-06-03,Orioles,Mariners,1,0,False,False,True,1,Tomoyuki Sugano,608372,George Kirby,669923,"Final    1 2 3 4 5 6 7 8 9  R   H   E  
Orioles  1 0 0 0 1 1 0 0 2  5   13  0  
Mariners 0 1 0 0 0 0 0 0 0  1   7   0  "
777656,2025-06-03,Padres,Giants,0,0,True,True,True,0,Ryan Bergert,686701,Landen Roupp,694738,"Final  1 2 3 4 5 6 7 8 9 10 R   H   E  
Padres 0 0 0 0 0 0 0 0 2 1  3   10  1  
Giants 0 0 2 0 0 0 0 0 0 0  2   7   0  "
777658,2025-06-03,Twins,Athletics,0,1,False,True,False,1,Pablo López,641154,Grant Holman,680880,"Final     1 2 3 4 5 6 7 8 9  R   H   E  
Twins     0 0 0 1 0 4 4 1 0  10  12  0  
Athletics 1 0 1 0 0 1 0 0 0  3   7   1  "
777657,2025-06-03,Mets,Dodgers,1,4,False,False,False,5,Tylor Megill,656731,Clayton Kershaw,477132,"Final   1 2 3 4 5 6 7 8 9 10 R   H   E  
Mets    1 0 2 0 2 0 0 0 0 0  5   8   1  
Dodgers 4 0 0 0 0 0 0 0 1 1  6   7   1  "
777652,2025-06-04,Rockies,Marlins,1,0,False,False,True,1,Kyle Freeland,607536,Cal Quantrill,615698,"Final   1 2 3 4 5 6 7 8 9  R   H   E  
Rockies 1 0 0 0 1 1 0 0 0  3   6   1  
Marlins 0 0 0 0 0 0 2 0 0  2   5   0  "
777647,2025-06-04,Brewers,Reds,0,0,True,True,True,0,DL Hall,669084,Andrew Abbott,671096,"Final   1 2 3 4 5 6 7 8 9  R   H   E  
Brewers 0 0 1 0 2 2 0 1 3  9   13  0  
Reds    0 0 0 0 1 0 0 0 0  1   4   1  "
777649,2025-06-04,Angels,Red Sox,4,0,False,False,True,4,José Soriano,667755,Lucas Giolito,608337,"Final   1 2 3 4 5 6 7 8 9  R   H   E  
Angels  4 3 0 0 1 0 0 1 0  9   12  2  
Red Sox 5 0 0 2 0 0 1 1 2  11  12  1  "
777648,2025-06-04,Astros,Pirates,0,0,True,True,True,0,Ryan Gusto,687473,Mike Burrows,681347,"Final   1 2 3 4 5 6 7 8 9  R   H   E  
Astros  0 0 0 0 0 0 0 0 0  0   7   0  
Pirates 0 2 1 0 0 0 0 0 0  3   8   0  "
777650,2025-06-04,Cubs,Nationals,0,0,True,True,True,0,Matthew Boyd,571510,MacKenzie Gore,669022,"Final     1 2 3 4 5 6 7 8 9  R   H   E  
Cubs      0 0 0 0 0 0 0 0 0  0   5   0  
Nationals 0 0 0 0 0 0 1 1 0  2   4   0  "
777653,2025-06-04,Guardians,Yankees,3,0,False,False,True,3,Luis L. Ortiz,682847,Clarke Schmidt,657376,"Final     1 2 3 4 5 6 7 8 9  R   H   E  
Guardians 3 0 0 0 0 0 0 1 0  4   12  1  
Yankees   0 0 0 0 0 0 0 0 0  0   5   0  "
777651,2025-06-04,Phillies,Blue Jays,0,0,True,True,True,0,Mick Abel,690953,José Berríos,621244,"Final     1 2 3 4 5 6 7 8 9  R   H   E  
Phillies  0 1 0 0 0 0 0 0 0  1   5   0  
Blue Jays 0 0 0 0 0 1 0 0 1  2   5   0  "
777654,2025-06-04,D-backs,Braves,0,0,True,True,True,0,Merrill Kelly,518876,Chris Sale,519242,"Final   1 2 3 4 5 6 7 8 9  R   H   E  
D-backs 0 0 1 0 0 0 0 0 1  2   5   0  
Braves  0 0 0 0 0 0 0 0 1  1   3   0  "
777646,2025-06-04,Rangers,Rays,0,1,False,True,False,1,Kumar Rocker,677958,Shane Baz,669358,"Final   1 2 3 4 5 6 7 8 9  R   H   E  
Rangers 0 0 0 0 3 0 0 0 1  4   8   0  
Rays    1 0 4 0 0 0 0 0 0  5   8   2  "
777639,2025-06-04,Tigers,White Sox,4,0,False,False,True,4,Sawyer Gipson-Long,687830,Jared Shuster,694363,"Final     1 2 3 4 5 6 7 8 9  R   H   E  
Tigers    4 0 0 0 0 0 0 1 0  5   10  1  
White Sox 0 0 2 1 1 0 0 0 0  4   7   1  "
777645,2025-06-04,Orioles,Mariners,0,0,True,True,True,0,Cade Povich,700249,Emerson Hancock,676106,"Final    1 2 3 4 5 6 7 8 9  R   H   E  
Orioles  0 0 0 0 0 1 2 0 0  3   4   0  
Mariners 0 0 0 1 0 1 0 0 0  2   5   0  "
777641,2025-06-04,Padres,Giants,2,0,False,False,True,2,Nick Pivetta,601713,Kyle Harrison,690986,"Final  1 2 3 4 5 6 7 8 9  R   H   E  
Padres 2 0 0 0 3 0 0 0 0  5   12  0  
Giants 0 0 0 0 1 2 3 0 0  6   8   1  "
777643,2025-06-04,Twins,Athletics,1,0,False,False,True,1,Zebby Matthews,805673,Justin Sterner,686993,"Final     1 2 3 4 5 6 7 8 9  R   H   E  
Twins     1 0 0 0 2 0 0 2 1  6   8   0  
Athletics 0 0 0 0 1 0 0 0 0  1   5   1  "
777638,2025-06-04,Mets,Dodgers,3,0,False,False,True,3,Griffin Canning,656288,Tony Gonsolin,664062,"Final   1 2 3 4 5 6 7 8 9  R   H   E  
Mets    3 0 0 0 0 0 0 3 0  6   4   0  
Dodgers 0 0 0 0 0 0 0 0 1  1   6   1  "
777640,2025-06-05,D-backs,Braves,0,0,True,True,True,0,Brandon Pfaadt,694297,Grant Holmes,656550,"Final   1 2 3 4 5 6 7 8 9  R   H   E  
D-backs 0 0 0 3 0 0 0 1 7  11  12  0  
Braves  0 1 5 0 1 2 0 1 0  10  13  1  "
777642,2025-06-05,Royals,Cardinals,1,0,False,False,True,1,Noah Cameron,702070,Miles Mikolas,571945,"Final     1 2 3 4 5 6 7 8 9 10 R   H   E  
Royals    1 0 0 1 1 0 0 0 1 1  5   12  1  
Cardinals 0 0 0 0 0 0 2 2 0 2  6   8   0  "
777635,2025-06-05,Royals,Cardinals,2,1,False,False,False,3,Cole Ragans,666142,Matthew Liberatore,669461,"Final     1 2 3 4 5 6 7 8 9  R   H   E  
Royals    2 0 3 1 1 0 0 0 0  7   12  0  
Cardinals 1 0 4 0 0 0 0 0 0  5   7   0  "
777634,2025-06-05,Tigers,White Sox,0,0,True,True,True,0,Casey Mize,663554,Sean Burke,680732,"Final     1 2 3 4 5 6 7 8 9 10 R   H   E  
Tigers    0 0 0 0 0 0 2 0 0 0  2   8   0  
White Sox 0 0 0 2 0 0 0 0 0 1  3   11  0  "
777637,2025-06-05,Phillies,Blue Jays,0,0,True,True,True,0,Jesús Luzardo,666200,Chris Bassitt,605135,"Final     1 2 3 4 5 6 7 8 9  R   H   E  
Phillies  0 0 0 0 0 1 0 0 0  1   5   0  
Blue Jays 0 4 4 0 0 1 0 0 0  9   14  0  "
777636,2025-06-05,Twins,Athletics,0,4,False,True,False,4,David Festa,701581,Mitch Spence,687765,"Final     1 2 3 4 5 6 7 8 9  R   H   E  
Twins     0 0 0 1 0 0 2 0 0  3   5   0  
Athletics 4 0 3 4 1 0 2 0 0  14  17  1  "
777628,2025-06-05,Orioles,Mariners,0,0,True,True,True,0,Zach Eflin,621107,Bryan Woo,693433,"Final    1 2 3 4 5 6 7 8 9  R   H   E  
Orioles  0 0 1 0 0 3 0 0 0  4   6   0  
Mariners 0 0 1 0 2 0 0 0 0  3   9   0  "
777633,2025-06-05,Padres,Giants,0,0,True,True,True,0,Dylan Cease,656302,Robbie Ray,592662,"Final  1 2 3 4 5 6 7 8 9  R   H   E  
Padres 0 0 2 0 0 0 0 0 0  2   7   0  
Giants 0 0 3 0 0 0 0 0 0  3   6   0  "
777631,2025-06-05,Mets,Dodgers,0,0,True,True,True,0,David Peterson,656849,Landon Knack,689017,"Final   1 2 3 4 5 6 7 8 9  R   H   E  
Mets    0 1 3 0 0 0 0 1 0  5   11  1  
Dodgers 0 0 3 0 0 0 0 3 0  6   9   0  "
777630,2025-06-05,Astros,Pirates,0,0,True,True,True,0,Framber Valdez,664285,Mitch Keller,656605,"Final   1 2 3 4 5 6 7 8 9  R   H   E  
Astros  0 0 0 4 0 0 2 0 2  8   10  1  
Pirates 0 0 1 0 1 0 0 0 0  2   5   0  "
777632,2025-06-05,Cubs,Nationals,2,0,False,False,True,2,Drew Pomeranz,519141,Jake Irvin,663623,"Final     1 2 3 4 5 6 7 8 9  R   H   E  
Cubs      2 1 0 0 0 2 0 0 2  7   15  1  
Nationals 0 0 0 0 0 0 0 0 1  1   8   1  "
777644,2025-06-05,Guardians,Yankees,0,0,True,True,True,0,Slade Cecconi,677944,Max Fried,608331,"Final     1 2 3 4 5 6 7 8 9  R   H   E  
Guardians 0 0 0 0 0 0 0 0 0  0   3   1  
Yankees   0 0 0 2 0 0 2 0 0  4   10  2  "
777629,2025-06-05,Rangers,Rays,0,0,True,True,True,0,Jack Leiter,683004,Ryan Pepiot,686752,"Final   1 2 3 4 5 6 7 8 9  R   H   E  
Rangers 0 0 1 0 1 0 1 0 0  3   8   0  
Rays    0 1 0 0 0 0 0 0 3  4   7   0  "
777625,2025-06-06,Marlins,Rays,0,1,False,True,False,1,Edward Cabrera,665795,Zack Littell,641793,"Final   1 2 3 4 5 6 7 8 9  R   H   E  
Marlins 0 0 0 1 0 0 0 2 0  3   11  1  
Rays    1 0 2 0 0 0 1 0 0  4   11  0  "
777621,2025-06-06,Phillies,Pirates,1,1,False,False,False,2,Joe Ross,605452,Bailey Falter,663559,"Final    1 2 3 4 5 6 7 8 9  R   H   E  
Phillies 1 0 1 2 0 0 0 0 0  4   7   0  
Pirates  1 0 1 2 0 0 0 0 1  5   11  0  "
777624,2025-06-06,Rangers,Nationals,0,0,True,True,True,0,Patrick Corbin,571578,Michael Soroka,647336,"Final     1 2 3 4 5 6 7 8 9  R   H   E  
Rangers   0 0 0 0 0 0 0 0 0  0   2   1  
Nationals 0 1 0 0 0 0 1 0 0  2   5   1  "
777627,2025-06-06,Red Sox,Yankees,5,0,False,False,True,5,Walker Buehler,621111,Will Warren,701542,"Final   1 2 3 4 5 6 7 8 9  R   H   E  
Red Sox 0 0 0 0 1 3 2 0 0  6   6   2  
Yankees 5 2 0 0 1 1 0 0 0  9   14  0  "
777623,2025-06-06,D-backs,Reds,0,0,True,True,True,0,Eduardo Rodriguez,593958,Nick Lodolo,666157,"Final   1 2 3 4 5 6 7 8 9 10 R   H   E  
D-backs 0 0 3 0 0 0 0 0 0 0  3   6   0  
Reds    0 0 2 0 0 1 0 0 0 1  4   9   0  "
777626,2025-06-06,Cubs,Tigers,0,0,True,True,True,0,Ben Brown,676962,Tarik Skubal,669373,"Final  1 2 3 4 5 6 7 8 9  R   H   E  
Cubs   0 0 0 0 0 1 0 0 0  1   9   0  
Tigers 0 0 0 0 1 1 0 1 0  3   8   0  "
777622,2025-06-06,Astros,Guardians,0,0,True,True,True,0,Colton Gordon,676467,Logan Allen,671106,"Final     1 2 3 4 5 6 7 8 9  R   H   E  
Astros    0 0 0 0 3 1 0 0 0  4   10  0  
Guardians 0 0 0 0 1 1 0 0 0  2   9   0  "
777618,2025-06-06,Royals,White Sox,0,0,True,True,True,0,Seth Lugo,607625,Davis Martin,663436,"Final     1 2 3 4 5 6 7 8 9  R   H   E  
Royals    0 0 2 0 0 0 0 0 0  2   7   2  
White Sox 0 1 0 0 1 0 0 5 0  7   7   0  "
777615,2025-06-06,Blue Jays,Twins,1,0,False,False,True,1,Paxton Schultz,687606,Bailey Ober,641927,"Final     1 2 3 4 5 6 7 8 9  R   H   E  
Blue Jays 0 0 0 2 2 1 0 1 0  6   7   0  
Twins     1 2 0 0 0 0 0 1 0  4   7   1  "
777617,2025-06-06,Padres,Brewers,0,0,True,True,True,0,Randy Vásquez,681190,Chad Patrick,694477,"Final   1 2 3 4 5 6 7 8 9  R   H   E  
Padres  0 0 1 0 0 0 0 1 0  2   8   0  
Brewers 0 0 0 0 0 0 0 0 0  0   4   0  "
777620,2025-06-06,Dodgers,Cardinals,0,0,True,True,True,0,Justin Wrobleski,680736,Sonny Gray,543243,"Final     1 2 3 4 5 6 7 8 9  R   H   E  
Dodgers   0 0 0 0 0 0 0 0 0  0   10  0  
Cardinals 0 2 0 0 2 0 0 1 0  5   7   0  "
777616,2025-06-06,Mets,Rockies,0,0,True,True,True,0,Kodai Senga,673540,Ryan Rolison,669020,"Final   1 2 3 4 5 6 7 8 9  R   H   E  
Mets    0 0 0 0 0 0 2 0 2  4   10  0  
Rockies 0 0 1 0 0 0 1 0 0  2   9   0  "
777614,2025-06-06,Mariners,Angels,0,0,True,True,True,0,Bryce Miller,682243,Kyle Hendricks,543294,"Final    1 2 3 4 5 6 7 8 9  R   H   E  
Mariners 0 0 1 2 1 0 0 0 0  4   8   0  
Angels   0 0 1 2 2 0 0 0 0  5   8   0  "
777613,2025-06-06,Orioles,Athletics,0,0,True,True,True,0,Dean Kremer,665152,JP Sears,676664,"Final     1 2 3 4 5 6 7 8 9  R   H   E  
Orioles   0 2 1 0 1 0 0 0 0  4   8   1  
Athletics 0 0 4 0 1 0 0 0 0  5   11  1  "
777619,2025-06-06,Braves,Giants,0,3,False,True,False,3,Spencer Schwellenbach,680885,Hayden Birdsong,806185,"Final  1 2 3 4 5 6 7 8 9 10 R   H   E  
Braves 0 0 0 2 0 0 2 0 0 0  4   6   2  
Giants 3 0 0 0 1 0 0 0 0 1  5   8   1  "
777609,2025-06-07,Cubs,Tigers,1,0,False,False,True,1,Jameson Taillon,592791,Tyler Holton,663947,"Final  1 2 3 4 5 6 7 8 9  R   H   E  
Cubs   1 0 0 0 2 0 2 1 0  6   7   0  
Tigers 0 0 0 0 1 0 0 0 0  1   7   0  "
777623,2025-06-07,D-backs,Reds,0,0,True,True,True,0,Eduardo Rodriguez,593958,Nick Lodolo,666157,"Final   1 2 3 4 5 6 7 8 9 10 R   H   E  
D-backs 0 0 3 0 0 0 0 0 0 0  3   6   0  
Reds    0 0 2 0 0 1 0 0 0 1  4   9   0  "
777600,2025-06-07,Blue Jays,Twins,0,0,True,True,True,0,Kevin Gausman,592332,Chris Paddack,663978,"Final     1 2 3 4 5 6 7 8 9  R   H   E  
Blue Jays 1 1 0 0 0 0 0 2 1  5   10  0  
Twins     0 0 0 2 0 1 0 0 1  4   7   0  "
777601,2025-06-07,Dodgers,Cardinals,0,0,True,True,True,0,Yoshinobu Yamamoto,808967,Erick Fedde,607200,"Final     1 2 3 4 5 6 7 8 9  R   H   E  
Dodgers   0 0 0 0 0 0 0 0 1  1   9   1  
Cardinals 0 0 0 0 0 0 0 1 1  2   9   0  "
777610,2025-06-07,Rangers,Nationals,2,0,False,False,True,2,Jacob deGrom,594798,Mitchell Parker,680730,"Final     1 2 3 4 5 6 7 8 9  R   H   E  
Rangers   2 0 0 0 0 0 0 3 0  5   8   0  
Nationals 0 0 0 0 0 0 0 0 0  0   3   1  "
777607,2025-06-07,Phillies,Pirates,1,1,False,False,False,2,Ranger Suárez,624133,Andrew Heaney,571760,"Final    1 2 3 4 5 6 7 8 9  R   H   E  
Phillies 1 0 0 0 0 0 0 0 0  1   4   0  
Pirates  1 0 0 0 0 0 1 0 0  2   5   0  "
777598,2025-06-07,Braves,Giants,0,0,True,True,True,0,Bryce Elder,693821,Logan Webb,657277,"Final  1 2 3 4 5 6 7 8 9  R   H   E  
Braves 0 0 0 0 1 1 0 0 0  2   7   0  
Giants 0 0 0 1 0 0 0 0 2  3   5   0  "
777612,2025-06-07,D-backs,Reds,0,5,False,True,False,5,Ryne Nelson,669194,Nick Martinez,607259,"Final   1 2 3 4 5 6 7 8 9  R   H   E  
D-backs 0 1 0 0 0 0 0 0 0  1   7   0  
Reds    5 0 0 8 0 0 0 0 0  13  11  0  "
777608,2025-06-07,Astros,Guardians,0,0,True,True,True,0,Hunter Brown,686613,Gavin Williams,668909,"Final     1 2 3 4 5 6 7 8 9 10 R   H   E  
Astros    0 0 0 0 1 2 0 0 0 2  5   6   0  
Guardians 0 0 0 0 0 1 2 0 0 0  3   6   0  "
777606,2025-06-07,Royals,White Sox,0,0,True,True,True,0,Michael Wacha,608379,Adrian Houser,605288,"Final     1 2 3 4 5 6 7 8 9  R   H   E  
Royals    0 1 0 0 0 0 0 0 0  1   8   0  
White Sox 0 2 1 0 0 0 0 1 0  4   9   0  "
777611,2025-06-07,Marlins,Rays,0,0,True,True,True,0,Ryan Weathers,677960,Taj Bradley,671737,"Final   1 2 3 4 5 6 7 8 9 10 R   H   E  
Marlins 0 0 4 0 6 0 0 0 0 1  11  13  1  
Rays    0 4 0 2 0 3 1 0 0 0  10  9   0  "
777605,2025-06-07,Red Sox,Yankees,0,0,True,True,True,0,Garrett Crochet,676979,Ryan Yarbrough,642232,"Final   1 2 3 4 5 6 7 8 9  R   H   E  
Red Sox 0 1 5 2 0 0 0 0 2  10  14  1  
Yankees 0 3 0 2 0 0 0 2 0  7   7   0  "
777597,2025-06-07,Padres,Brewers,0,0,True,True,True,0,Stephen Kolek,663568,Jose Quintana,500779,"Final   1 2 3 4 5 6 7 8 9  R   H   E  
Padres  0 0 0 1 0 0 0 0 2  3   8   2  
Brewers 0 0 0 0 0 0 1 2 1  4   8   0  "
777603,2025-06-07,Mariners,Angels,3,0,False,False,True,3,Luis Castillo,622491,Jack Kochanowicz,686799,"Final    1 2 3 4 5 6 7 8 9  R   H   E  
Mariners 3 1 0 0 0 1 0 0 1  6   14  2  
Angels   0 2 2 1 1 1 1 0 0  8   11  0  "
777604,2025-06-07,Mets,Rockies,0,0,True,True,True,0,Clay Holmes,605280,Germán Márquez,608566,"Final   1 2 3 4 5 6 7 8 9  R   H   E  
Mets    0 0 1 0 2 1 3 1 0  8   12  1  
Rockies 0 0 0 1 0 0 0 0 0  1   10  2  "
777599,2025-06-07,Orioles,Athletics,1,4,False,False,False,5,Charlie Morton,450203,Luis Severino,622663,"Final     1 2 3 4 5 6 7 8 9  R   H   E  
Orioles   1 0 0 2 1 2 1 0 0  7   11  0  
Athletics 4 0 0 0 0 0 0 0 0  4   8   1  "
777592,2025-06-08,Marlins,Rays,1,0,False,False,True,1,Anthony Veneziano,685107,Drew Rasmussen,656876,"Final   1 2 3 4 5 6 7 8 9  R   H   E  
Marlins 1 0 0 0 1 0 0 0 0  2   7   0  
Rays    0 0 0 0 2 0 0 1 0  3   6   0  "
777586,2025-06-08,Padres,Brewers,0,0,True,True,True,0,Ryan Bergert,686701,Freddy Peralta,642547,"Final   1 2 3 4 5 6 7 8 9  R   H   E  
Padres  0 0 0 0 0 0 1 0 0  1   3   0  
Brewers 0 0 0 0 0 0 0 0 0  0   4   0  "
777596,2025-06-08,Rangers,Nationals,0,0,True,True,True,0,Jacob Latz,656641,Trevor Williams,592866,"Final     1 2 3 4 5 6 7 8 9  R   H   E  
Rangers   0 2 0 0 1 0 0 1 0  4   11  0  
Nationals 0 0 0 2 0 0 0 0 0  2   7   1  "
777595,2025-06-08,Phillies,Pirates,0,0,True,True,True,0,Cristopher Sánchez,650911,Paul Skenes,694973,"Final    1 2 3 4 5 6 7 8 9  R   H   E  
Phillies 0 0 1 0 0 0 0 0 0  1   3   0  
Pirates  0 1 0 0 0 0 0 1 0  2   7   1  "
777602,2025-06-08,D-backs,Reds,0,0,True,True,True,0,Zac Gallen,668678,Brady Singer,663903,"Final   1 2 3 4 5 6 7 8 9  R   H   E  
D-backs 0 1 1 0 0 0 0 0 0  2   5   0  
Reds    0 0 0 1 1 0 2 0 0  4   6   0  "
777594,2025-06-08,Cubs,Tigers,0,2,False,True,False,2,Cade Horton,690990,Jack Flaherty,656427,"Final  1 2 3 4 5 6 7 8 9  R   H   E  
Cubs   0 0 0 0 0 0 0 0 0  0   4   0  
Tigers 2 0 0 0 2 0 0 0 0  4   10  0  "
777591,2025-06-08,Astros,Guardians,0,0,True,True,True,0,Brandon Walter,687888,Tanner Bibee,676440,"Final     1 2 3 4 5 6 7 8 9  R   H   E  
Astros    0 0 0 0 0 0 2 0 0  2   7   1  
Guardians 0 2 0 0 0 0 2 0 0  4   9   0  "
777585,2025-06-08,Blue Jays,Twins,0,0,True,True,True,0,Bowden Francis,670102,Joe Ryan,657746,"Final     1 2 3 4 5 6 7 8 9  R   H   E  
Blue Jays 0 1 2 0 0 0 0 0 0  3   5   1  
Twins     0 2 0 2 2 0 0 0 0  6   12  1  "
777590,2025-06-08,Royals,White Sox,0,0,True,True,True,0,Michael Lorenzen,547179,Mike Vasil,678024,"Final     1 2 3 4 5 6 7 8 9  R   H   E  
Royals    0 0 0 2 0 0 2 0 3  7   16  0  
White Sox 2 0 0 0 0 0 0 0 3  5   4   0  "
777582,2025-06-08,Dodgers,Cardinals,0,0,True,True,True,0,Clayton Kershaw,477132,Michael McGreevy,700241,"Final     1 2 3 4 5 6 7 8 9  R   H   E  
Dodgers   0 3 0 1 0 0 1 2 0  7   10  0  
Cardinals 0 0 0 0 1 1 1 0 0  3   11  0  "
777583,2025-06-08,Mets,Rockies,0,0,True,True,True,0,Tylor Megill,656731,Chase Dollander,801403,"Final   1 2 3 4 5 6 7 8 9  R   H   E  
Mets    0 2 3 3 0 0 2 2 1  13  17  0  
Rockies 0 0 0 0 2 0 1 0 2  5   10  1  "
777588,2025-06-08,Orioles,Athletics,0,1,False,True,False,1,Tomoyuki Sugano,608372,Jacob Lopez,682052,"Final     1 2 3 4 5 6 7 8 9  R   H   E  
Orioles   0 1 0 0 0 0 0 0 0  1   8   2  
Athletics 1 3 0 0 0 0 0 1 0  5   9   1  "
777587,2025-06-08,Braves,Giants,1,0,False,False,True,1,Spencer Strider,675911,Landen Roupp,694738,"Final  1 2 3 4 5 6 7 8 9  R   H   E  
Braves 1 0 2 0 0 0 0 0 0  3   6   1  
Giants 0 1 0 3 0 0 0 0 0  4   3   0  "
777589,2025-06-08,Mariners,Angels,1,0,False,False,True,1,George Kirby,669923,Tyler Anderson,542881,"Final    1 2 3 4 5 6 7 8 9  R   H   E  
Mariners 1 0 0 0 2 0 0 0 0  3   11  0  
Angels   0 0 0 2 0 0 0 0 0  2   2   1  "
777593,2025-06-08,Red Sox,Yankees,2,0,False,False,True,2,Hunter Dobbins,690928,Carlos Rodón,607074,"Final   1 2 3 4 5 6 7 8 9  R   H   E  
Red Sox 0 0 0 0 2 5 0 2 2  11  12  0  
Yankees 2 0 0 0 1 2 0 0 2  7   10  1  "
777580,2025-06-09,Reds,Guardians,0,0,True,True,True,0,Wade Miley,489119,Luis L. Ortiz,682847,"Final     1 2 3 4 5 6 7 8 9  R   H   E  
Reds      0 1 1 1 1 1 1 0 1  7   16  1  
Guardians 0 0 3 0 0 0 1 0 0  4   7   3  "
777574,2025-06-09,Marlins,Pirates,0,0,True,True,True,0,Eury Pérez,691587,Mike Burrows,681347,"Final   1 2 3 4 5 6 7 8 9  R   H   E  
Marlins 0 1 0 0 1 0 0 1 0  3   8   3  
Pirates 0 0 4 0 0 4 1 1 0  10  15  1  "
777578,2025-06-09,Cubs,Phillies,1,0,False,False,True,1,Matthew Boyd,571510,Zack Wheeler,554430,"Final    1 2 3 4 5 6 7 8 9 1011 R   H   E  
Cubs     1 0 0 0 0 0 0 1 0 0 1  3   5   1  
Phillies 0 0 0 1 1 0 0 0 0 0 2  4   16  1  "
777584,2025-06-09,Rays,Red Sox,0,0,True,True,True,0,Shane Baz,669358,Brayan Bello,678394,"Final   1 2 3 4 5 6 7 8 9 1011 R   H   E  
Rays    0 0 0 1 2 0 3 0 1 1 2  10  12  2  
Red Sox 0 0 0 0 1 2 2 0 2 1 0  8   10  2  "
777575,2025-06-09,Braves,Brewers,0,0,True,True,True,0,Chris Sale,519242,Aaron Civale,650644,"Final   1 2 3 4 5 6 7 8 9  R   H   E  
Braves  0 0 0 0 3 0 0 2 2  7   11  0  
Brewers 0 0 1 0 0 0 0 0 0  1   5   0  "
777581,2025-06-09,Blue Jays,Cardinals,0,0,True,True,True,0,José Berríos,621244,Andre Pallante,669467,"Final     1 2 3 4 5 6 7 8 9 10 R   H   E  
Blue Jays 1 1 0 0 0 0 0 1 1 1  5   13  1  
Cardinals 0 0 0 0 0 0 0 4 0 0  4   7   1  "
777576,2025-06-09,Athletics,Angels,0,0,True,True,True,0,Grant Holman,680880,Yusei Kikuchi,579328,"Final     1 2 3 4 5 6 7 8 9  R   H   E  
Athletics 0 0 0 0 0 0 0 2 2  4   5   2  
Angels    0 0 3 1 0 0 0 3 0  7   8   0  "
777579,2025-06-09,Dodgers,Padres,2,2,False,False,False,4,Dustin May,669160,Nick Pivetta,601713,"Final   1 2 3 4 5 6 7 8 9 10 R   H   E  
Dodgers 2 0 3 0 1 0 0 0 0 2  8   12  1  
Padres  2 1 3 0 0 0 0 0 0 1  7   7   2  "
777577,2025-06-09,Mariners,D-backs,0,1,False,True,False,1,Emerson Hancock,676106,Merrill Kelly,518876,"Final    1 2 3 4 5 6 7 8 9 1011 R   H   E  
Mariners 0 0 0 0 0 0 0 0 4 0 0  4   12  0  
D-backs  1 0 0 0 1 0 2 0 0 0 4  8   10  0  "
777573,2025-06-10,Tigers,Orioles,0,0,True,True,True,0,Brant Hurter,676428,Cade Povich,700249,"Final   1 2 3 4 5 6 7 8 9  R   H   E  
Tigers  0 1 0 1 3 0 0 0 0  5   12  1  
Orioles 0 0 1 0 0 0 0 1 1  3   6   0  "
777569,2025-06-10,Reds,Guardians,0,0,True,True,True,0,Andrew Abbott,671096,Slade Cecconi,677944,"Final     1 2 3 4 5 6 7 8 9  R   H   E  
Reds      0 0 0 0 1 0 0 0 0  1   6   1  
Guardians 0 0 0 0 0 0 0 0 0  0   3   0  "
777566,2025-06-10,Marlins,Pirates,0,0,True,True,True,0,Sandy Alcantara,645261,Mitch Keller,656605,"Final   1 2 3 4 5 6 7 8 9  R   H   E  
Marlins 0 0 2 1 0 0 0 0 0  3   8   0  
Pirates 0 0 0 0 0 0 0 2 0  2   6   1  "
777571,2025-06-10,Cubs,Phillies,0,0,True,True,True,0,Colin Rea,607067,Mick Abel,690953,"Final    1 2 3 4 5 6 7 8 9  R   H   E  
Cubs     0 1 1 1 0 2 0 3 0  8   13  0  
Phillies 0 2 0 0 2 0 0 0 0  4   10  0  "
777570,2025-06-10,Nationals,Mets,2,0,False,False,True,2,MacKenzie Gore,669022,Griffin Canning,656288,"Final     1 2 3 4 5 6 7 8 9 10 R   H   E  
Nationals 2 1 0 0 1 0 0 0 0 0  4   8   0  
Mets      0 1 1 0 0 0 0 2 0 1  5   8   0  "
777565,2025-06-10,Rays,Red Sox,0,0,True,True,True,0,Ryan Pepiot,686752,Lucas Giolito,608337,"Final   1 2 3 4 5 6 7 8 9  R   H   E  
Rays    0 0 0 0 1 0 0 0 0  1   3   2  
Red Sox 2 0 0 0 0 1 0 0 0  3   7   1  "
777557,2025-06-10,Rangers,Twins,0,0,True,True,True,0,Tyler Mahle,641816,Simeon Woods Richardson,680573,"Final   1 2 3 4 5 6 7 8 9  R   H   E  
Rangers 0 0 0 3 5 2 0 6 0  16  18  0  
Twins   0 0 0 2 1 1 0 0 0  4   12  2  "
777572,2025-06-10,Yankees,Royals,2,0,False,False,True,2,Max Fried,608331,Noah Cameron,702070,"Final   1 2 3 4 5 6 7 8 9  R   H   E  
Yankees 2 0 0 3 0 5 0 0 0  10  16  1  
Royals  0 1 0 0 0 1 0 0 0  2   9   1  "
777568,2025-06-10,Braves,Brewers,0,0,True,True,True,0,Grant Holmes,656550,Quinn Priester,682990,"Final   1 2 3 4 5 6 7 8 9  R   H   E  
Braves  0 0 0 0 1 0 0 0 0  1   8   0  
Brewers 0 0 2 0 0 1 1 0 0  4   6   0  "
777558,2025-06-10,Blue Jays,Cardinals,0,0,True,True,True,0,Chris Bassitt,605135,Miles Mikolas,571945,"Final     1 2 3 4 5 6 7 8 9  R   H   E  
Blue Jays 3 0 0 1 2 0 2 0 2  10  16  0  
Cardinals 0 0 0 4 0 0 0 2 3  9   12  1  "
777567,2025-06-10,White Sox,Astros,0,0,True,True,True,0,Shane Smith,681343,Lance McCullers Jr.,621121,"Final     1 2 3 4 5 6 7 8 9  R   H   E  
White Sox 0 1 2 1 0 0 0 0 0  4   4   0  
Astros    0 0 1 0 0 0 0 1 0  2   9   0  "
777563,2025-06-10,Giants,Rockies,1,0,False,False,True,1,Kyle Harrison,690986,Carson Palmquist,687223,"Final   1 2 3 4 5 6 7 8 9  R   H   E  
Giants  1 0 0 0 1 0 0 0 4  6   7   1  
Rockies 0 1 0 1 1 0 0 2 0  5   8   0  "
777564,2025-06-10,Athletics,Angels,0,0,True,True,True,0,Mitch Spence,687765,José Soriano,667755,"Final     1 2 3 4 5 6 7 8 9 10 R   H   E  
Athletics 0 0 0 0 0 1 0 0 0 0  1   4   0  
Angels    0 0 0 0 0 0 0 1 0 1  2   7   0  "
777560,2025-06-10,Dodgers,Padres,0,0,True,True,True,0,Lou Trivino,642152,Dylan Cease,656302,"Final   1 2 3 4 5 6 7 8 9  R   H   E  
Dodgers 0 0 0 0 0 0 0 1 0  1   6   1  
Padres  0 0 3 1 1 4 2 0 0  11  16  0  "
777559,2025-06-10,Mariners,D-backs,0,0,True,True,True,0,Logan Evans,688138,Brandon Pfaadt,694297,"Final    1 2 3 4 5 6 7 8 9  R   H   E  
Mariners 0 0 0 0 0 2 0 1 0  3   12  0  
D-backs  0 0 2 1 1 5 0 1 0  10  13  0  "
777552,2025-06-11,Marlins,Pirates,0,0,True,True,True,0,Cal Quantrill,615698,Bailey Falter,663559,"Final   1 2 3 4 5 6 7 8 9  R   H   E  
Marlins 0 0 0 0 0 2 0 0 0  2   7   1  
Pirates 0 1 0 0 3 0 0 1 0  5   7   0  "
777553,2025-06-11,Cubs,Phillies,0,3,False,True,False,3,Ben Brown,676962,Jesús Luzardo,666200,"Final    1 2 3 4 5 6 7 8 9  R   H   E  
Cubs     0 0 0 1 0 0 0 1 0  2   8   0  
Phillies 3 0 1 2 0 0 1 0 0  7   10  1  "
777549,2025-06-11,Reds,Guardians,0,1,False,True,False,1,Nick Lodolo,666157,Logan Allen,671106,"Final     1 2 3 4 5 6 7 8 9  R   H   E  
Reds      0 0 0 1 0 1 0 0 0  2   5   0  
Guardians 1 0 4 2 0 4 0 0 0  11  13  1  "
777554,2025-06-11,Braves,Brewers,0,0,True,True,True,0,Spencer Schwellenbach,680885,Chad Patrick,694477,"Final   1 2 3 4 5 6 7 8 9  R   H   E  
Braves  0 3 0 2 0 0 1 0 0  6   10  0  
Brewers 0 1 0 0 0 0 0 1 0  2   5   1  "
777545,2025-06-11,Blue Jays,Cardinals,1,0,False,False,True,1,Eric Lauer,641778,Matthew Liberatore,669461,"Final     1 2 3 4 5 6 7 8 9  R   H   E  
Blue Jays 0 0 2 2 1 0 0 0 0  5   11  1  
Cardinals 1 1 0 0 0 0 0 0 0  2   7   1  "
777548,2025-06-11,Mariners,D-backs,1,0,False,False,True,1,Bryan Woo,693433,Eduardo Rodriguez,593958,"Final    1 2 3 4 5 6 7 8 9  R   H   E  
Mariners 1 0 0 0 1 0 0 0 0  2   8   0  
D-backs  0 0 0 0 0 5 0 0 0  5   10  0  "
777542,2025-06-11,Athletics,Angels,1,0,False,False,True,1,JP Sears,676664,Kyle Hendricks,543294,"Final     1 2 3 4 5 6 7 8 9  R   H   E  
Athletics 1 0 1 1 0 0 2 0 0  5   10  0  
Angels    0 0 0 0 0 6 0 0 0  6   9   1  "
777543,2025-06-11,Dodgers,Padres,0,0,True,True,True,0,Ben Casparius,676508,Randy Vásquez,681190,"Final   1 2 3 4 5 6 7 8 9  R   H   E  
Dodgers 0 0 0 0 1 3 0 0 1  5   9   1  
Padres  0 1 0 0 0 1 0 0 0  2   4   1  "
777562,2025-06-11,Tigers,Orioles,0,0,True,True,True,0,Casey Mize,663554,Zach Eflin,621107,"Final   1 2 3 4 5 6 7 8 9  R   H   E  
Tigers  0 0 0 0 0 0 1 0 0  1   5   1  
Orioles 0 0 2 0 0 0 1 7 0  10  16  0  "
777555,2025-06-11,Nationals,Mets,0,1,False,True,False,1,Jake Irvin,663623,David Peterson,656849,"Final     1 2 3 4 5 6 7 8 9  R   H   E  
Nationals 0 0 0 0 0 0 0 0 0  0   6   0  
Mets      1 0 2 0 1 0 1 0 0  5   7   0  "
777561,2025-06-11,Rays,Red Sox,0,0,True,True,True,0,Zack Littell,641793,Walker Buehler,621111,"Final   1 2 3 4 5 6 7 8 9  R   H   E  
Rays    0 1 0 0 2 0 0 0 0  3   8   0  
Red Sox 1 1 0 1 1 0 0 0 0  4   9   0  "
777556,2025-06-11,Rangers,Twins,0,0,True,True,True,0,Jack Leiter,683004,David Festa,701581,"Final   1 2 3 4 5 6 7 8 9  R   H   E  
Rangers 0 1 1 0 0 0 0 0 0  2   7   0  
Twins   0 0 3 0 3 0 0 0 0  6   10  0  "
777551,2025-06-11,Yankees,Royals,0,0,True,True,True,0,Clarke Schmidt,657376,Kris Bubic,663460,"Final   1 2 3 4 5 6 7 8 9  R   H   E  
Yankees 0 5 0 0 0 0 1 0 0  6   8   1  
Royals  0 0 0 0 0 0 0 0 3  3   8   0  "
777550,2025-06-11,White Sox,Astros,3,0,False,False,True,3,Sean Burke,680732,Ryan Gusto,687473,"Final     1 2 3 4 5 6 7 8 9  R   H   E  
White Sox 0 0 0 0 2 0 0 0 0  2   8   0  
Astros    3 0 2 2 1 0 0 2 0  10  15  0  "
777547,2025-06-11,Giants,Rockies,2,0,False,False,True,2,Robbie Ray,592662,Kyle Freeland,607536,"Final   1 2 3 4 5 6 7 8 9  R   H   E  
Giants  2 0 1 0 0 0 0 4 3  10  14  1  
Rockies 0 0 4 0 1 1 0 0 1  7   13  0  "
777544,2025-06-12,Nationals,Mets,0,3,False,True,False,3,Michael Soroka,647336,Kodai Senga,673540,"Final     1 2 3 4 5 6 7 8 9  R   H   E  
Nationals 0 0 0 0 0 0 0 0 3  3   7   1  
Mets      3 0 0 0 1 0 0 0 0  4   7   0  "
777533,2025-06-12,Rangers,Twins,1,1,False,False,False,2,Patrick Corbin,571578,Bailey Ober,641927,"Final   1 2 3 4 5 6 7 8 9  R   H   E  
Rangers 1 5 0 0 1 6 0 0 3  16  16  0  
Twins   1 0 0 0 0 2 0 0 0  3   8   1  "
777534,2025-06-12,Giants,Rockies,0,0,True,True,True,0,Hayden Birdsong,806185,Antonio Senzatela,622608,"Final   1 2 3 4 5 6 7 8 9  R   H   E  
Giants  0 4 0 0 3 0 0 0 0  7   11  1  
Rockies 0 0 0 2 0 1 2 0 3  8   10  0  "
777540,2025-06-12,Tigers,Orioles,0,0,True,True,True,0,Tarik Skubal,669373,Keegan Akin,669211,"Final   1 2 3 4 5 6 7 8 9  R   H   E  
Tigers  0 0 0 4 0 0 0 0 0  4   7   0  
Orioles 0 0 0 0 0 0 0 1 0  1   4   0  "
777536,2025-06-12,Yankees,Royals,0,0,True,True,True,0,Will Warren,701542,Seth Lugo,607625,"Final   1 2 3 4 5 6 7 8 9  R   H   E  
Yankees 0 0 0 0 0 0 0 1 0  1   5   0  
Royals  0 0 0 0 0 0 0 0 0  0   5   1  "
777532,2025-06-12,Cardinals,Brewers,0,0,True,True,True,0,Sonny Gray,543243,Jacob Misiorowski,694819,"Final     1 2 3 4 5 6 7 8 9  R   H   E  
Cardinals 0 0 0 0 0 0 0 0 0  0   3   0  
Brewers   0 1 0 0 5 0 0 0 0  6   12  0  "
777541,2025-06-12,Pirates,Cubs,0,0,True,True,True,0,Andrew Heaney,571760,Jameson Taillon,592791,"Final   1 2 3 4 5 6 7 8 9  R   H   E  
Pirates 0 0 0 0 0 0 2 0 0  2   4   0  
Cubs    0 0 0 2 0 1 0 0 0  3   4   0  "
777546,2025-06-12,White Sox,Astros,0,0,True,True,True,0,Davis Martin,663436,Framber Valdez,664285,"Final     1 2 3 4 5 6 7 8 9  R   H   E  
White Sox 0 0 1 0 1 0 0 0 1  3   10  0  
Astros    0 0 3 0 1 0 0 0 0  4   10  1  "
777526,2025-06-13,Pirates,Cubs,0,0,True,True,True,0,Paul Skenes,694973,Cade Horton,690990,"Final   1 2 3 4 5 6 7 8 9 10 R   H   E  
Pirates 0 0 0 0 0 0 0 1 0 1  2   6   0  
Cubs    0 0 0 0 0 0 0 1 0 0  1   8   0  "
777531,2025-06-13,Blue Jays,Phillies,0,0,True,True,True,0,Kevin Gausman,592332,Ranger Suárez,624133,"Final     1 2 3 4 5 6 7 8 9  R   H   E  
Blue Jays 0 0 0 0 0 0 0 0 0  0   6   0  
Phillies  0 4 0 0 0 1 0 3 0  8   10  0  "
777530,2025-06-13,Marlins,Nationals,1,0,False,False,True,1,Edward Cabrera,665795,Mitchell Parker,680730,"Final     1 2 3 4 5 6 7 8 9  R   H   E  
Marlins   1 1 4 0 2 0 0 3 0  11  17  0  
Nationals 0 0 2 0 0 0 5 2 0  9   16  0  "
777539,2025-06-13,Angels,Orioles,0,0,True,True,True,0,Jack Kochanowicz,686799,Charlie Morton,450203,"Final   1 2 3 4 5 6 7 8 9  R   H   E  
Angels  0 0 0 0 0 0 0 0 0  0   8   1  
Orioles 0 1 0 0 1 0 0 0 0  2   6   0  "
777538,2025-06-13,Reds,Tigers,0,1,False,True,False,1,Nick Martinez,607259,Brant Hurter,676428,"Final  1 2 3 4 5 6 7 8 9  R   H   E  
Reds   0 0 1 0 1 0 0 0 3  5   12  1  
Tigers 1 0 1 1 0 4 1 3 0  11  16  1  "
777528,2025-06-13,Rays,Mets,0,0,True,True,True,0,Taj Bradley,671737,Clay Holmes,605280,"Final 1 2 3 4 5 6 7 8 9  R   H   E  
Rays  0 0 0 1 0 6 0 0 0  7   13  3  
Mets  0 0 0 2 3 0 0 0 0  5   7   0  "
777537,2025-06-13,Yankees,Red Sox,0,0,True,True,True,0,Ryan Yarbrough,642232,Garrett Crochet,676979,"Final   1 2 3 4 5 6 7 8 9 10 R   H   E  
Yankees 0 0 0 0 0 0 0 0 1 0  1   4   0  
Red Sox 0 1 0 0 0 0 0 0 0 1  2   6   1  "
777535,2025-06-13,Rockies,Braves,2,1,False,False,False,3,Germán Márquez,608566,Bryce Elder,693821,"Final   1 2 3 4 5 6 7 8 9  R   H   E  
Rockies 2 0 0 2 0 0 0 0 0  4   14  4  
Braves  1 0 0 0 0 3 3 5 0  12  15  0  "
777524,2025-06-13,White Sox,Rangers,1,0,False,False,True,1,Adrian Houser,605288,Shawn Armstrong,542888,"Final     1 2 3 4 5 6 7 8 9  R   H   E  
White Sox 0 0 0 0 0 0 1 0 0  1   6   0  
Rangers   1 0 1 0 1 0 0 0 0  3   7   0  "
777529,2025-06-13,Athletics,Royals,0,1,False,True,False,1,Luis Severino,622663,Michael Wacha,608379,"Final     1 2 3 4 5 6 7 8 9  R   H   E  
Athletics 0 1 1 1 0 3 0 0 0  6   11  0  
Royals    1 0 0 0 0 0 0 0 3  4   7   0  "
777527,2025-06-13,Twins,Astros,0,3,False,True,False,3,Chris Paddack,663978,Colton Gordon,676467,"Final  1 2 3 4 5 6 7 8 9  R   H   E  
Twins  0 0 0 1 0 1 0 0 1  3   8   1  
Astros 3 2 3 1 0 0 0 1 0  10  14  0  "
777525,2025-06-13,Cardinals,Brewers,0,0,True,True,True,0,Erick Fedde,607200,Freddy Peralta,642547,"Final     1 2 3 4 5 6 7 8 9  R   H   E  
Cardinals 0 0 0 0 1 0 0 0 1  2   7   0  
Brewers   0 0 0 1 0 2 0 0 0  3   5   0  "
777521,2025-06-13,Padres,D-backs,1,0,False,False,True,1,Stephen Kolek,663568,Ryne Nelson,669194,"Final   1 2 3 4 5 6 7 8 9  R   H   E  
Padres  1 0 0 0 0 0 0 0 0  1   6   0  
D-backs 0 1 1 0 3 0 0 0 0  5   7   1  "
777520,2025-06-13,Guardians,Mariners,0,0,True,True,True,0,Gavin Williams,668909,Luis Castillo,622491,"Final     1 2 3 4 5 6 7 8 9  R   H   E  
Guardians 0 0 2 0 0 0 0 0 0  2   4   0  
Mariners  0 0 0 2 0 0 4 1 0  7   16  1  "
777522,2025-06-13,Giants,Dodgers,1,0,False,False,True,1,Logan Webb,657277,Yoshinobu Yamamoto,808967,"Final   1 2 3 4 5 6 7 8 9  R   H   E  
Giants  1 0 4 0 0 0 0 1 0  6   10  0  
Dodgers 0 1 0 0 0 0 1 0 0  2   2   0  "
777514,2025-06-14,Marlins,Nationals,0,0,True,True,True,0,Cade Gibson,806188,Trevor Williams,592866,"Final     1 2 3 4 5 6 7 8 9  R   H   E  
Marlins   0 0 1 0 0 1 1 1 0  4   11  1  
Nationals 0 1 0 0 0 0 0 0 2  3   7   1  "
777517,2025-06-14,Reds,Tigers,0,0,True,True,True,0,Brady Singer,663903,Jack Flaherty,656427,"Final  1 2 3 4 5 6 7 8 9  R   H   E  
Reds   0 0 0 1 6 0 0 3 1  11  12  1  
Tigers 0 0 0 1 0 0 0 0 0  1   4   0  "
777513,2025-06-14,Pirates,Cubs,1,0,False,False,True,1,Mike Burrows,681347,Matthew Boyd,571510,"Final   1 2 3 4 5 6 7 8 9  R   H   E  
Pirates 1 0 0 0 0 0 0 0 0  1   5   0  
Cubs    0 0 1 0 0 1 0 0 0  2   6   0  "
777519,2025-06-14,Angels,Orioles,2,1,False,False,False,3,Tyler Anderson,542881,Tomoyuki Sugano,608372,"Final   1 2 3 4 5 6 7 8 9  R   H   E  
Angels  2 0 0 0 1 1 0 1 0  5   8   0  
Orioles 1 0 2 0 0 3 0 0 0  6   11  0  "
777509,2025-06-14,Blue Jays,Phillies,0,0,True,True,True,0,Bowden Francis,670102,Cristopher Sánchez,650911,"Final     1 2 3 4 5 6 7 8 9  R   H   E  
Blue Jays 0 1 0 0 1 0 0 0 0  2   5   1  
Phillies  0 0 0 2 0 0 0 1 0  3   4   0  "
777508,2025-06-14,White Sox,Rangers,0,0,True,True,True,0,Mike Vasil,678024,Jacob deGrom,594798,"Final     1 2 3 4 5 6 7 8 9 1011 R   H   E  
White Sox 0 0 0 2 0 0 0 1 1 0 0  4   9   1  
Rangers   0 0 0 0 1 0 2 1 0 0 1  5   11  0  "
777511,2025-06-14,Athletics,Royals,0,0,True,True,True,0,Jacob Lopez,682052,Michael Lorenzen,547179,"Final     1 2 3 4 5 6 7 8 9  R   H   E  
Athletics 0 2 0 1 0 0 1 0 0  4   6   0  
Royals    0 0 0 0 0 0 0 0 0  0   4   0  "
777518,2025-06-14,Rays,Mets,0,0,True,True,True,0,Drew Rasmussen,656876,Tylor Megill,656731,"Final 1 2 3 4 5 6 7 8 9  R   H   E  
Rays  0 0 1 5 1 1 0 0 0  8   12  0  
Mets  0 0 2 0 2 0 0 0 0  4   11  2  "
777510,2025-06-14,Twins,Astros,0,0,True,True,True,0,Joe Ryan,657746,Hunter Brown,686613,"Final  1 2 3 4 5 6 7 8 9  R   H   E  
Twins  0 0 0 0 2 0 0 0 0  2   3   0  
Astros 0 0 2 0 0 0 0 0 1  3   4   0  "
777523,2025-06-14,Rockies,Braves,0,1,False,True,False,1,Chase Dollander,801403,Spencer Strider,675911,"Final   1 2 3 4 5 6 7 8 9  R   H   E  
Rockies 0 0 0 0 0 0 0 0 1  1   4   3  
Braves  1 2 0 0 1 0 0 0 0  4   7   1  "
777512,2025-06-14,Cardinals,Brewers,1,0,False,False,True,1,Andre Pallante,669467,Jose Quintana,500779,"Final     1 2 3 4 5 6 7 8 9  R   H   E  
Cardinals 1 0 0 3 3 0 0 0 1  8   10  0  
Brewers   0 0 0 1 3 0 0 0 1  5   9   1  "
777515,2025-06-14,Padres,D-backs,0,0,True,True,True,0,Ryan Bergert,686701,Zac Gallen,668678,"Final   1 2 3 4 5 6 7 8 9  R   H   E  
Padres  0 1 0 0 0 0 4 0 2  7   11  0  
D-backs 0 0 0 3 0 0 0 0 5  8   9   1  "
777516,2025-06-14,Yankees,Red Sox,0,0,True,True,True,0,Carlos Rodón,607074,Hunter Dobbins,690928,"Final   1 2 3 4 5 6 7 8 9  R   H   E  
Yankees 0 0 0 0 0 0 2 0 1  3   6   1  
Red Sox 1 0 0 1 1 1 0 0 0  4   7   1  "
777507,2025-06-14,Guardians,Mariners,0,2,False,True,False,2,Tanner Bibee,676440,George Kirby,669923,"Final     1 2 3 4 5 6 7 8 9  R   H   E  
Guardians 0 0 0 1 1 1 0 0 0  3   8   0  
Mariners  2 0 0 0 0 0 0 0 2  4   7   0  "
777506,2025-06-14,Giants,Dodgers,0,1,False,True,False,1,Landen Roupp,694738,Clayton Kershaw,477132,"Final   1 2 3 4 5 6 7 8 9  R   H   E  
Giants  0 0 0 0 0 0 0 0 5  5   6   0  
Dodgers 1 5 1 0 0 3 0 1 0  11  11  1  "
777505,2025-06-15,Reds,Tigers,0,0,True,True,True,0,Wade Miley,489119,Tyler Holton,663947,"Final  1 2 3 4 5 6 7 8 9  R   H   E  
Reds   0 0 0 2 0 0 0 4 2  8   11  0  
Tigers 0 0 1 1 0 0 2 0 0  4   9   3  "
777501,2025-06-15,Angels,Orioles,1,2,False,False,False,3,Yusei Kikuchi,579328,Scott Blewett,656240,"Final   1 2 3 4 5 6 7 8 9  R   H   E  
Angels  1 0 1 0 0 0 0 0 0  2   5   2  
Orioles 2 0 0 1 0 2 4 2 0  11  12  0  "
777499,2025-06-15,Blue Jays,Phillies,1,0,False,False,True,1,José Berríos,621244,Zack Wheeler,554430,"Final     1 2 3 4 5 6 7 8 9  R   H   E  
Blue Jays 0 0 0 0 2 0 2 0 0  4   8   0  
Phillies  1 0 1 2 2 4 1 0 0  11  18  1  "
777504,2025-06-15,Rockies,Braves,0,0,True,True,True,0,Austin Gomber,596295,Grant Holmes,656550,"Final   1 2 3 4 5 6 7 8 9  R   H   E  
Rockies 0 0 1 0 0 0 6 3 0  10  10  0  
Braves  0 0 0 0 0 1 0 0 0  1   6   1  "
777503,2025-06-15,Marlins,Nationals,1,1,False,False,False,2,Eury Pérez,691587,MacKenzie Gore,669022,"Final     1 2 3 4 5 6 7 8 9  R   H   E  
Marlins   1 1 0 0 0 0 1 0 0  3   11  0  
Nationals 1 0 0 0 0 0 0 0 0  1   6   0  "
777500,2025-06-15,Yankees,Red Sox,0,0,True,True,True,0,Max Fried,608331,Brayan Bello,678394,"Final   1 2 3 4 5 6 7 8 9  R   H   E  
Yankees 0 0 0 0 0 0 0 0 0  0   5   1  
Red Sox 1 0 0 0 1 0 0 0 0  2   6   1  "
777502,2025-06-15,Rays,Mets,0,0,True,True,True,0,Shane Baz,669358,Griffin Canning,656288,"Final 1 2 3 4 5 6 7 8 9  R   H   E  
Rays  0 3 1 0 2 0 0 0 3  9   9   0  
Mets  0 0 0 0 0 0 0 0 0  0   5   0  "
777496,2025-06-15,Athletics,Royals,0,0,True,True,True,0,Jeffrey Springs,605488,Noah Cameron,702070,"Final     1 2 3 4 5 6 7 8 9  R   H   E  
Athletics 0 0 0 0 0 2 0 0 1  3   9   1  
Royals    0 0 2 0 0 0 0 0 0  2   8   0  "
777494,2025-06-15,Twins,Astros,0,0,True,True,True,0,Simeon Woods Richardson,680573,Brandon Walter,687888,"Final  1 2 3 4 5 6 7 8 9 10 R   H   E  
Twins  0 0 1 0 0 0 0 0 0 0  1   8   0  
Astros 0 0 0 0 0 0 0 0 1 1  2   4   0  "
777492,2025-06-15,Cardinals,Brewers,0,0,True,True,True,0,Miles Mikolas,571945,Quinn Priester,682990,"Final     1 2 3 4 5 6 7 8 9  R   H   E  
Cardinals 0 0 0 1 0 0 0 1 0  2   9   0  
Brewers   0 0 0 2 0 0 1 0 0  3   9   0  "
777497,2025-06-15,Pirates,Cubs,2,2,False,False,False,4,Mitch Keller,656605,Colin Rea,607067,"Final   1 2 3 4 5 6 7 8 9 10 R   H   E  
Pirates 2 0 0 0 0 0 0 0 0 0  2   4   0  
Cubs    2 0 0 0 0 0 0 0 0 1  3   6   0  "
777493,2025-06-15,White Sox,Rangers,0,0,True,True,True,0,Aaron Civale,650644,Kumar Rocker,677958,"Final     1 2 3 4 5 6 7 8 9  R   H   E  
White Sox 0 0 0 0 0 1 0 0 0  1   8   1  
Rangers   0 1 0 0 1 0 0 0 0  2   9   0  "
777491,2025-06-15,Padres,D-backs,0,0,True,True,True,0,Nick Pivetta,601713,Merrill Kelly,518876,"Final   1 2 3 4 5 6 7 8 9  R   H   E  
Padres  0 0 0 3 1 0 2 0 2  8   13  0  
D-backs 0 0 0 0 2 0 0 0 0  2   3   0  "
777495,2025-06-15,Guardians,Mariners,0,0,True,True,True,0,Luis L. Ortiz,682847,Emerson Hancock,676106,"Final     1 2 3 4 5 6 7 8 9  R   H   E  
Guardians 0 0 0 0 0 0 0 0 0  0   4   0  
Mariners  0 5 0 0 1 0 0 0 0  6   5   0  "
777498,2025-06-15,Giants,Dodgers,0,1,False,True,False,1,Sean Hjelle,663546,Dustin May,669160,"Final   1 2 3 4 5 6 7 8 9  R   H   E  
Giants  0 0 0 3 0 0 0 1 0  4   7   0  
Dodgers 1 1 0 0 3 0 0 0 0  5   8   0  "
777483,2025-06-16,Phillies,Marlins,1,0,False,False,True,1,Mick Abel,690953,Sandy Alcantara,645261,"Final    1 2 3 4 5 6 7 8 9  R   H   E  
Phillies 1 0 0 1 0 0 1 0 2  5   10  0  
Marlins  0 1 0 0 0 0 0 1 0  2   5   0  "
777488,2025-06-16,Rockies,Nationals,2,0,False,False,True,2,Carson Palmquist,687223,Jake Irvin,663623,"Final     1 2 3 4 5 6 7 8 9  R   H   E  
Rockies   2 0 0 0 1 0 0 0 3  6   8   0  
Nationals 0 0 0 1 3 0 0 0 0  4   4   0  "
777487,2025-06-16,Angels,Yankees,0,0,True,True,True,0,José Soriano,667755,Clarke Schmidt,657376,"Final   1 2 3 4 5 6 7 8 9 1011 R   H   E  
Angels  0 0 0 0 0 0 0 0 0 0 1  1   7   0  
Yankees 0 0 0 0 0 0 0 0 0 0 0  0   8   0  "
777484,2025-06-16,Orioles,Rays,0,1,False,True,False,1,Zach Eflin,621107,Ryan Pepiot,686752,"Final   1 2 3 4 5 6 7 8 9  R   H   E  
Orioles 0 0 0 1 0 0 0 0 0  1   4   1  
Rays    1 1 1 2 2 0 0 0 0  7   14  0  "
777486,2025-06-16,Red Sox,Mariners,0,0,True,True,True,0,Lucas Giolito,608337,Logan Gilbert,669302,"Final    1 2 3 4 5 6 7 8 9  R   H   E  
Red Sox  1 0 1 0 0 0 0 0 0  2   4   0  
Mariners 0 0 0 0 0 0 0 0 0  0   4   0  "
777485,2025-06-16,Astros,Athletics,1,0,False,False,True,1,Ryan Gusto,687473,Mitch Spence,687765,"Final     1 2 3 4 5 6 7 8 9  R   H   E  
Astros    1 0 0 0 0 0 0 0 0  1   8   2  
Athletics 0 0 0 0 1 0 0 0 2  3   6   0  "
777490,2025-06-16,Padres,Dodgers,1,0,False,False,True,1,Dylan Cease,656302,Shohei Ohtani,660271,"Final   1 2 3 4 5 6 7 8 9  R   H   E  
Padres  1 0 0 1 0 1 0 0 0  3   6   2  
Dodgers 0 0 1 5 0 0 0 0 0  6   10  0  "
777481,2025-06-17,Phillies,Marlins,0,0,True,True,True,0,Jesús Luzardo,666200,Cal Quantrill,615698,"Final    1 2 3 4 5 6 7 8 9  R   H   E  
Phillies 0 0 0 1 2 0 0 0 0  3   8   1  
Marlins  0 2 0 0 0 3 1 2 0  8   12  0  "
777475,2025-06-17,Pirates,Tigers,0,0,True,True,True,0,Bailey Falter,663559,Casey Mize,663554,"Final   1 2 3 4 5 6 7 8 9  R   H   E  
Pirates 0 1 2 0 0 0 0 0 0  3   5   0  
Tigers  0 2 0 0 1 1 3 0 0  7   9   1  "
777480,2025-06-17,Rockies,Nationals,0,1,False,True,False,1,Antonio Senzatela,622608,Michael Soroka,647336,"Final     1 2 3 4 5 6 7 8 9  R   H   E  
Rockies   0 1 0 2 0 0 6 1 0  10  10  1  
Nationals 1 0 0 0 0 0 0 1 4  6   12  0  "
777476,2025-06-17,Angels,Yankees,0,0,True,True,True,0,Kyle Hendricks,543294,Will Warren,701542,"Final   1 2 3 4 5 6 7 8 9  R   H   E  
Angels  0 1 2 0 0 0 1 0 0  4   8   0  
Yankees 0 0 0 0 0 0 0 0 0  0   4   1  "
777479,2025-06-17,D-backs,Blue Jays,0,0,True,True,True,0,Brandon Pfaadt,694297,Chris Bassitt,605135,"Final     1 2 3 4 5 6 7 8 9  R   H   E  
D-backs   0 0 0 1 2 0 1 0 0  4   8   0  
Blue Jays 1 0 1 0 0 0 1 0 2  5   9   1  "
777478,2025-06-17,Twins,Reds,0,0,True,True,True,0,David Festa,701581,Andrew Abbott,671096,"Final 1 2 3 4 5 6 7 8 9  R   H   E  
Twins 0 0 1 0 0 4 0 0 0  5   8   0  
Reds  0 0 0 4 0 2 0 0 0  6   5   1  "
777489,2025-06-17,Mets,Braves,1,0,False,False,True,1,David Peterson,656849,Spencer Schwellenbach,680885,"Final  1 2 3 4 5 6 7 8 9 10 R   H   E  
Mets   1 2 0 0 1 0 0 0 0 0  4   7   1  
Braves 0 0 1 0 0 0 0 3 0 1  5   7   0  "
777477,2025-06-17,Orioles,Rays,0,0,True,True,True,0,Dean Kremer,665152,Zack Littell,641793,"Final   1 2 3 4 5 6 7 8 9  R   H   E  
Orioles 0 1 0 0 1 1 1 0 1  5   13  0  
Rays    0 0 0 1 0 0 0 0 0  1   7   0  "
777467,2025-06-17,Cardinals,White Sox,0,0,True,True,True,0,Matthew Liberatore,669461,Shane Smith,681343,"Final     1 2 3 4 5 6 7 8 9  R   H   E  
Cardinals 0 5 0 0 1 2 1 1 2  12  13  0  
White Sox 1 0 0 0 1 0 0 0 0  2   6   2  "
777468,2025-06-17,Royals,Rangers,3,0,False,False,True,3,Seth Lugo,607625,Jack Leiter,683004,"Final   1 2 3 4 5 6 7 8 9  R   H   E  
Royals  3 0 0 1 1 1 0 0 0  6   8   1  
Rangers 0 0 0 1 0 0 0 0 0  1   5   0  "
777482,2025-06-17,Brewers,Cubs,0,0,True,True,True,0,Chad Patrick,694477,Ben Brown,676962,"Final   1 2 3 4 5 6 7 8 9  R   H   E  
Brewers 0 2 0 0 0 1 0 0 0  3   9   0  
Cubs    0 1 0 0 3 0 0 1 0  5   8   0  "
777473,2025-06-17,Red Sox,Mariners,0,0,True,True,True,0,Walker Buehler,621111,Bryan Woo,693433,"Final    1 2 3 4 5 6 7 8 9  R   H   E  
Red Sox  0 0 0 0 0 0 0 0 0  0   2   0  
Mariners 0 5 0 3 0 0 0 0 0  8   9   0  "
777472,2025-06-17,Guardians,Giants,0,1,False,True,False,1,Slade Cecconi,677944,Robbie Ray,592662,"Final     1 2 3 4 5 6 7 8 9  R   H   E  
Guardians 0 0 1 1 0 1 0 0 0  3   6   0  
Giants    1 0 1 0 0 0 0 0 0  2   10  1  "
777469,2025-06-17,Astros,Athletics,2,0,False,False,True,2,Jason Alexander,669920,JP Sears,676664,"Final     1 2 3 4 5 6 7 8 9  R   H   E  
Astros    2 1 0 2 4 0 2 2 0  13  15  1  
Athletics 0 0 0 0 0 0 3 0 0  3   4   1  "
777471,2025-06-17,Padres,Dodgers,1,0,False,False,True,1,Randy Vásquez,681190,Jack Dreyer,676263,"Final   1 2 3 4 5 6 7 8 9  R   H   E  
Padres  1 0 2 0 0 0 3 0 0  6   9   0  
Dodgers 0 2 0 1 0 5 0 0 0  8   12  0  "
777453,2025-06-18,Red Sox,Mariners,0,0,True,True,True,0,Garrett Crochet,676979,Luis Castillo,622491,"Final    1 2 3 4 5 6 7 8 9  R   H   E  
Red Sox  0 1 0 2 0 0 0 0 0  3   3   0  
Mariners 0 1 0 0 0 0 0 0 0  1   6   0  "
777465,2025-06-18,Phillies,Marlins,0,0,True,True,True,0,Ranger Suárez,624133,Adam Mazur,800049,"Final    1 2 3 4 5 6 7 8 9  R   H   E  
Phillies 0 0 0 4 0 0 0 0 0  4   9   1  
Marlins  0 0 0 0 1 0 0 0 1  2   7   1  "
777461,2025-06-18,Rockies,Nationals,0,0,True,True,True,0,Germán Márquez,608566,Mitchell Parker,680730,"Final     1 2 3 4 5 6 7 8 9  R   H   E  
Rockies   0 0 0 0 0 1 1 1 0  3   8   0  
Nationals 0 0 0 0 0 0 1 0 0  1   7   0  "
777466,2025-06-18,Angels,Yankees,1,0,False,False,True,1,Jack Kochanowicz,686799,Ryan Yarbrough,642232,"Final   1 2 3 4 5 6 7 8 9  R   H   E  
Angels  1 0 0 0 1 0 0 1 0  3   8   1  
Yankees 0 1 0 1 0 0 0 0 0  2   3   1  "
777462,2025-06-18,D-backs,Blue Jays,0,0,True,True,True,0,Eduardo Rodriguez,593958,Eric Lauer,641778,"Final     1 2 3 4 5 6 7 8 9  R   H   E  
D-backs   0 0 0 0 0 1 0 0 0  1   6   1  
Blue Jays 1 0 1 0 0 3 3 0 0  8   13  0  "
777470,2025-06-18,Mets,Braves,0,3,False,True,False,3,Paul Blackburn,621112,Chris Sale,519242,"Final  1 2 3 4 5 6 7 8 9  R   H   E  
Mets   0 0 0 0 0 0 0 0 0  0   5   1  
Braves 3 0 0 1 0 0 1 0 0  5   7   0  "
777463,2025-06-18,Orioles,Rays,0,0,True,True,True,0,Trevor Rogers,669432,Taj Bradley,671737,"Final   1 2 3 4 5 6 7 8 9  R   H   E  
Orioles 0 8 0 0 0 0 0 0 0  8   7   1  
Rays    0 0 3 1 4 0 4 0 0  12  18  1  "
777460,2025-06-18,Royals,Rangers,0,2,False,True,False,2,Kris Bubic,663460,Patrick Corbin,571578,"Final   1 2 3 4 5 6 7 8 9  R   H   E  
Royals  0 0 4 0 0 0 0 2 0  6   7   0  
Rangers 2 0 0 1 0 0 0 0 0  3   12  0  "
777454,2025-06-18,Guardians,Giants,1,0,False,False,True,1,Logan Allen,671106,Justin Verlander,434378,"Final     1 2 3 4 5 6 7 8 9  R   H   E  
Guardians 1 0 0 3 0 0 0 0 0  4   7   0  
Giants    0 0 0 0 2 0 0 0 0  2   6   1  "
777456,2025-06-18,Astros,Athletics,0,0,True,True,True,0,Framber Valdez,664285,Luis Severino,622663,"Final     1 2 3 4 5 6 7 8 9  R   H   E  
Astros    0 0 1 1 0 7 0 0 2  11  20  2  
Athletics 0 1 0 0 0 1 0 0 2  4   8   1  "
777457,2025-06-18,Padres,Dodgers,0,0,True,True,True,0,Stephen Kolek,663568,Emmet Sheehan,686218,"Final   1 2 3 4 5 6 7 8 9  R   H   E  
Padres  0 1 0 0 0 0 0 0 2  3   7   0  
Dodgers 0 0 0 0 3 0 0 0 1  4   7   1  "
777452,2025-06-19,Twins,Reds,1,2,False,False,False,3,Chris Paddack,663978,Nick Martinez,607259,"Final 1 2 3 4 5 6 7 8 9  R   H   E  
Twins 1 3 3 2 0 0 0 2 1  12  17  0  
Reds  2 0 2 0 0 0 1 0 0  5   10  0  "
777445,2025-06-19,Rockies,Nationals,0,0,True,True,True,0,Chase Dollander,801403,Trevor Williams,592866,"Final     1 2 3 4 5 6 7 8 9 1011 R   H   E  
Rockies   0 0 0 0 2 0 0 0 0 0 1  3   11  1  
Nationals 0 0 0 2 0 0 0 0 0 0 2  4   8   1  "
777449,2025-06-19,Angels,Yankees,1,1,False,False,False,2,Tyler Anderson,542881,Carlos Rodón,607074,"Final   1 2 3 4 5 6 7 8 9  R   H   E  
Angels  1 1 0 0 0 1 0 0 0  3   5   0  
Yankees 1 3 0 0 0 0 1 2 0  7   12  0  "
777451,2025-06-19,Pirates,Tigers,0,1,False,True,False,1,Andrew Heaney,571760,Tarik Skubal,669373,"Final   1 2 3 4 5 6 7 8 9  R   H   E  
Pirates 0 0 0 0 1 1 0 0 0  2   6   0  
Tigers  1 4 0 2 2 0 0 0 0  9   12  0  "
777464,2025-06-19,Pirates,Tigers,0,0,True,True,True,0,Paul Skenes,694973,Tyler Holton,663947,"Final   1 2 3 4 5 6 7 8 9 10 R   H   E  
Pirates 0 3 1 0 0 0 0 0 0 4  8   12  0  
Tigers  0 0 0 0 2 0 2 0 0 0  4   5   0  "
777447,2025-06-19,Cardinals,White Sox,1,0,False,False,True,1,Erick Fedde,607200,Sean Burke,680732,"Final     1 2 3 4 5 6 7 8 9  R   H   E  
Cardinals 1 0 0 0 0 1 0 3 0  5   8   1  
White Sox 0 0 0 1 1 2 0 0 0  4   9   2  "
777458,2025-06-19,Cardinals,White Sox,0,0,True,True,True,0,Michael McGreevy,700241,Mike Vasil,678024,"Final     1 2 3 4 5 6 7 8 9 10 R   H   E  
Cardinals 0 0 4 2 0 0 0 0 0 2  8   12  0  
White Sox 0 1 0 0 0 0 5 0 0 0  6   8   0  "
777450,2025-06-19,Brewers,Cubs,1,2,False,False,False,3,Freddy Peralta,642547,Jameson Taillon,592791,"Final   1 2 3 4 5 6 7 8 9  R   H   E  
Brewers 1 3 1 0 3 0 0 0 0  8   12  0  
Cubs    2 0 0 1 0 0 2 2 0  7   6   0  "
777443,2025-06-19,Royals,Rangers,2,0,False,False,True,2,Michael Wacha,608379,Shawn Armstrong,542888,"Final   1 2 3 4 5 6 7 8 9  R   H   E  
Royals  2 1 0 0 0 0 0 0 1  4   6   1  
Rangers 0 0 0 0 0 1 0 0 0  1   3   0  "
777448,2025-06-19,D-backs,Blue Jays,0,0,True,True,True,0,Ryne Nelson,669194,Kevin Gausman,592332,"Final     1 2 3 4 5 6 7 8 9  R   H   E  
D-backs   0 2 2 0 3 2 0 0 0  9   9   1  
Blue Jays 0 1 0 0 0 0 1 3 0  5   6   0  "
777440,2025-06-19,Guardians,Giants,0,0,True,True,True,0,Gavin Williams,668909,Logan Webb,657277,"Final     1 2 3 4 5 6 7 8 9  R   H   E  
Guardians 0 0 1 0 0 0 0 0 0  1   7   1  
Giants    0 0 0 0 0 0 2 0 0  2   5   0  "
777444,2025-06-19,Phillies,Marlins,0,0,True,True,True,0,Cristopher Sánchez,650911,Edward Cabrera,665795,"Final    1 2 3 4 5 6 7 8 9  R   H   E  
Phillies 0 0 0 0 0 0 1 1 0  2   6   1  
Marlins  0 0 0 0 1 0 0 0 0  1   6   0  "
777455,2025-06-19,Mets,Braves,0,0,True,True,True,0,Clay Holmes,605280,Spencer Strider,675911,"Final  1 2 3 4 5 6 7 8 9  R   H   E  
Mets   0 1 0 0 0 0 0 0 0  1   6   0  
Braves 0 0 0 1 2 4 0 0 0  7   8   0  "
777446,2025-06-19,Orioles,Rays,0,0,True,True,True,0,Charlie Morton,450203,Drew Rasmussen,656876,"Final   1 2 3 4 5 6 7 8 9  R   H   E  
Orioles 0 0 0 1 0 3 0 0 0  4   6   1  
Rays    0 0 1 0 0 0 0 0 0  1   8   0  "
777441,2025-06-19,Astros,Athletics,0,0,True,True,True,0,Colton Gordon,676467,Jacob Lopez,682052,"Final     1 2 3 4 5 6 7 8 9 10 R   H   E  
Astros    0 0 0 0 1 0 0 3 0 0  4   8   2  
Athletics 0 2 0 0 0 1 1 0 0 2  6   11  1  "
777442,2025-06-19,Padres,Dodgers,0,0,True,True,True,0,Ryan Bergert,686701,Yoshinobu Yamamoto,808967,"Final   1 2 3 4 5 6 7 8 9  R   H   E  
Padres  0 1 0 0 1 0 1 2 0  5   11  1  
Dodgers 0 0 0 0 0 0 0 0 3  3   6   0  "
777436,2025-06-20,Mariners,Cubs,1,3,False,False,False,4,George Kirby,669923,Matthew Boyd,571510,"Final    1 2 3 4 5 6 7 8 9  R   H   E  
Mariners 1 0 0 1 0 2 2 0 3  9   13  0  
Cubs     3 0 0 0 1 0 0 0 0  4   9   0  "
777432,2025-06-20,Rangers,Pirates,2,0,False,False,True,2,Jacob deGrom,594798,Mike Burrows,681347,"Final   1 2 3 4 5 6 7 8 9  R   H   E  
Rangers 2 0 0 1 1 0 1 0 1  6   13  0  
Pirates 0 0 0 2 0 0 0 0 0  2   9   1  "
777431,2025-06-20,Tigers,Rays,0,4,False,True,False,4,Jack Flaherty,656427,Shane Baz,669358,"Final  1 2 3 4 5 6 7 8 9  R   H   E  
Tigers 0 0 3 0 0 2 0 1 2  8   8   2  
Rays   4 0 4 0 1 2 0 3 0  14  16  1  "
777438,2025-06-20,Orioles,Yankees,2,2,False,False,False,4,Tomoyuki Sugano,608372,Max Fried,608331,"Final   1 2 3 4 5 6 7 8 9  R   H   E  
Orioles 2 0 0 0 0 1 0 2 0  5   11  0  
Yankees 2 0 1 0 0 0 0 0 0  3   10  0  "
777435,2025-06-20,White Sox,Blue Jays,0,0,True,True,True,0,Grant Taylor,691799,Spencer Turnbull,605513,"Final     1 2 3 4 5 6 7 8 9  R   H   E  
White Sox 1 2 4 0 0 0 0 0 0  7   9   0  
Blue Jays 0 0 0 0 0 0 0 1 0  1   7   0  "
777439,2025-06-20,Braves,Marlins,0,0,True,True,True,0,Didier Fuentes,800311,Janson Junk,676083,"Final   1 2 3 4 5 6 7 8 9  R   H   E  
Braves  0 0 0 1 0 0 0 1 0  2   8   1  
Marlins 0 1 3 0 0 1 1 0 0  6   9   1  "
777433,2025-06-20,Reds,Cardinals,0,0,True,True,True,0,Brady Singer,663903,Andre Pallante,669467,"Final     1 2 3 4 5 6 7 8 9  R   H   E  
Reds      0 0 0 0 0 0 0 1 0  1   5   1  
Cardinals 0 0 1 0 0 0 5 0 0  6   7   1  "
777437,2025-06-20,Mets,Phillies,0,0,True,True,True,0,Blade Tidwell,694918,Zack Wheeler,554430,"Final    1 2 3 4 5 6 7 8 9  R   H   E  
Mets     0 0 0 0 0 2 0 0 0  2   7   0  
Phillies 0 0 0 2 0 0 6 2 0  10  13  0  "
777434,2025-06-20,Brewers,Twins,0,0,True,True,True,0,Jacob Misiorowski,694819,Joe Ryan,657746,"Final   1 2 3 4 5 6 7 8 9  R   H   E  
Brewers 0 0 0 1 0 2 5 4 5  17  19  1  
Twins   0 0 0 0 0 0 2 0 4  6   5   0  "
777430,2025-06-20,D-backs,Rockies,1,0,False,False,True,1,Zac Gallen,668678,Austin Gomber,596295,"Final   1 2 3 4 5 6 7 8 9  R   H   E  
D-backs 1 1 0 4 3 2 2 1 0  14  21  0  
Rockies 0 0 1 6 0 0 0 1 0  8   12  0  "
777428,2025-06-20,Astros,Angels,2,0,False,False,True,2,Hunter Brown,686613,Yusei Kikuchi,579328,"Final  1 2 3 4 5 6 7 8 9 10 R   H   E  
Astros 2 0 0 0 0 0 0 0 0 1  3   9   0  
Angels 0 0 0 1 0 0 1 0 0 0  2   6   0  "
777426,2025-06-20,Royals,Padres,1,0,False,False,True,1,Michael Lorenzen,547179,Nick Pivetta,601713,"Final  1 2 3 4 5 6 7 8 9  R   H   E  
Royals 1 0 0 0 3 0 0 2 0  6   11  0  
Padres 0 0 0 0 1 1 2 0 1  5   12  0  "
777429,2025-06-20,Guardians,Athletics,0,2,False,True,False,2,Tanner Bibee,676440,Jeffrey Springs,605488,"Final     1 2 3 4 5 6 7 8 9  R   H   E  
Guardians 0 0 0 0 0 0 0 1 0  1   4   2  
Athletics 2 1 0 0 0 0 1 1 0  5   11  0  "
777427,2025-06-20,Nationals,Dodgers,1,0,False,False,True,1,MacKenzie Gore,669022,Clayton Kershaw,477132,"Final     1 2 3 4 5 6 7 8 9  R   H   E  
Nationals 1 0 0 0 1 0 2 0 1  5   9   1  
Dodgers   0 0 3 1 0 2 0 0 0  6   9   0  "
777425,2025-06-20,Red Sox,Giants,1,0,False,False,True,1,Hunter Dobbins,690928,Hayden Birdsong,806185,"Final   1 2 3 4 5 6 7 8 9  R   H   E  
Red Sox 0 0 2 1 2 1 1 0 0  7   11  1  
Giants  1 2 0 1 1 0 0 0 0  5   7   1  "
777420,2025-06-21,Tigers,Rays,0,4,False,True,False,4,Brant Hurter,676428,Ryan Pepiot,686752,"Final  1 2 3 4 5 6 7 8 9  R   H   E  
Tigers 0 0 0 1 0 0 0 2 0  3   7   0  
Rays   4 1 0 2 0 0 1 0 0  8   8   0  "
777422,2025-06-21,Orioles,Yankees,0,1,False,True,False,1,Zach Eflin,621107,Clarke Schmidt,657376,"Final   1 2 3 4 5 6 7 8 9  R   H   E  
Orioles 0 0 0 0 0 0 0 0 0  0   1   2  
Yankees 1 2 3 0 2 1 0 0 0  9   14  0  "
777412,2025-06-21,Brewers,Twins,2,0,False,False,True,2,Jose Quintana,500779,Simeon Woods Richardson,680573,"Final   1 2 3 4 5 6 7 8 9  R   H   E  
Brewers 2 2 0 0 0 0 0 3 2  9   11  0  
Twins   0 0 0 0 0 0 0 0 0  0   4   2  "
777415,2025-06-21,Reds,Cardinals,0,2,False,True,False,2,Brent Suter,608718,Sonny Gray,543243,"Final     1 2 3 4 5 6 7 8 9 1011 R   H   E  
Reds      0 0 1 0 0 0 3 1 0 0 0  5   8   0  
Cardinals 2 0 0 0 0 0 0 2 1 0 1  6   9   2  "
777419,2025-06-21,Mariners,Cubs,0,2,False,True,False,2,Emerson Hancock,676106,Cade Horton,690990,"Final    1 2 3 4 5 6 7 8 9  R   H   E  
Mariners 0 1 0 2 3 0 0 0 1  7   14  0  
Cubs     2 4 3 0 1 0 0 0 0  10  9   1  "
777418,2025-06-21,White Sox,Blue Jays,0,0,True,True,True,0,Aaron Civale,650644,José Berríos,621244,"Final     1 2 3 4 5 6 7 8 9  R   H   E  
White Sox 0 0 0 0 0 1 0 0 0  1   2   1  
Blue Jays 1 3 0 0 0 0 1 2 0  7   12  1  "
777417,2025-06-21,Red Sox,Giants,1,0,False,False,True,1,Brayan Bello,678394,Landen Roupp,694738,"Final   1 2 3 4 5 6 7 8 9  R   H   E  
Red Sox 0 0 0 0 0 0 0 0 2  2   6   1  
Giants  1 0 2 0 0 0 0 0 0  3   4   1  "
777421,2025-06-21,Rangers,Pirates,0,0,True,True,True,0,Kumar Rocker,677958,Mitch Keller,656605,"Final   1 2 3 4 5 6 7 8 9  R   H   E  
Rangers 0 0 1 0 0 2 0 0 0  3   4   0  
Pirates 0 0 0 0 1 1 0 0 0  2   5   1  "
777424,2025-06-21,Braves,Marlins,1,0,False,False,True,1,Grant Holmes,656550,Eury Pérez,691587,"Final   1 2 3 4 5 6 7 8 9  R   H   E  
Braves  1 0 0 0 2 0 0 1 3  7   10  0  
Marlins 0 0 0 0 0 0 0 0 0  0   5   0  "
777413,2025-06-21,Royals,Padres,0,0,True,True,True,0,Noah Cameron,702070,Dylan Cease,656302,"Final  1 2 3 4 5 6 7 8 9  R   H   E  
Royals 0 0 1 0 0 0 0 0 0  1   4   0  
Padres 0 1 1 0 0 0 3 0 0  5   8   0  "
777423,2025-06-21,Mets,Phillies,1,2,False,False,False,3,Griffin Canning,656288,Mick Abel,690953,"Final    1 2 3 4 5 6 7 8 9  R   H   E  
Mets     1 0 3 0 1 2 0 3 1  11  15  1  
Phillies 2 1 0 0 1 0 0 0 0  4   8   0  "
777410,2025-06-21,D-backs,Rockies,1,2,False,False,False,3,Merrill Kelly,518876,Carson Palmquist,687223,"Final   1 2 3 4 5 6 7 8 9  R   H   E  
D-backs 1 1 1 0 2 0 0 0 0  5   10  2  
Rockies 2 0 1 0 0 0 0 0 0  3   7   1  "
777414,2025-06-21,Astros,Angels,0,0,True,True,True,0,Brandon Walter,687888,José Soriano,667755,"Final  1 2 3 4 5 6 7 8 9  R   H   E  
Astros 0 0 0 1 0 0 0 0 0  1   3   1  
Angels 0 2 4 1 0 0 2 0 0  9   11  0  "
777411,2025-06-21,Guardians,Athletics,0,0,True,True,True,0,Luis L. Ortiz,682847,Mitch Spence,687765,"Final     1 2 3 4 5 6 7 8 9  R   H   E  
Guardians 0 4 0 0 0 0 0 0 0  4   10  1  
Athletics 0 0 0 0 0 0 1 1 0  2   5   2  "
777416,2025-06-21,Nationals,Dodgers,0,0,True,True,True,0,Jake Irvin,663623,Dustin May,669160,"Final     1 2 3 4 5 6 7 8 9  R   H   E  
Nationals 0 0 0 2 0 1 2 2 0  7   10  0  
Dodgers   0 0 0 0 1 1 0 0 1  3   7   0  "
777406,2025-06-22,Orioles,Yankees,2,0,False,False,True,2,Dean Kremer,665152,Will Warren,701542,"Final   1 2 3 4 5 6 7 8 9  R   H   E  
Orioles 2 0 0 0 0 0 0 0 0  2   7   2  
Yankees 0 1 0 0 0 0 0 3 0  4   9   0  "
777409,2025-06-22,Tigers,Rays,0,0,True,True,True,0,Casey Mize,663554,Zack Littell,641793,"Final  1 2 3 4 5 6 7 8 9  R   H   E  
Tigers 0 1 0 0 0 0 2 0 6  9   12  2  
Rays   0 0 0 1 0 0 0 0 2  3   9   0  "
777404,2025-06-22,Rangers,Pirates,0,0,True,True,True,0,Jack Leiter,683004,Bailey Falter,663559,"Final   1 2 3 4 5 6 7 8 9  R   H   E  
Rangers 0 2 0 0 0 1 0 0 0  3   6   0  
Pirates 0 0 0 2 5 0 1 0 0  8   15  0  "
777408,2025-06-22,White Sox,Blue Jays,0,0,True,True,True,0,Adrian Houser,605288,Chris Bassitt,605135,"Final     1 2 3 4 5 6 7 8 9  R   H   E  
White Sox 0 0 0 1 0 0 0 3 0  4   6   1  
Blue Jays 0 0 0 0 1 0 1 0 0  2   8   1  "
777402,2025-06-22,Braves,Marlins,1,0,False,False,True,1,Bryce Elder,693821,Sandy Alcantara,645261,"Final   1 2 3 4 5 6 7 8 9  R   H   E  
Braves  1 0 1 0 0 1 0 0 0  3   7   0  
Marlins 0 1 1 0 2 1 0 0 0  5   12  0  "
777401,2025-06-22,Brewers,Twins,1,2,False,False,False,3,Quinn Priester,682990,Danny Coulombe,543056,"Final   1 2 3 4 5 6 7 8 9  R   H   E  
Brewers 1 1 2 1 4 0 0 0 0  9   17  0  
Twins   2 0 0 1 0 1 2 2 0  8   18  0  "
777407,2025-06-22,Reds,Cardinals,1,0,False,False,True,1,Andrew Abbott,671096,Miles Mikolas,571945,"Final     1 2 3 4 5 6 7 8 9  R   H   E  
Reds      1 0 0 0 2 1 0 0 0  4   6   0  
Cardinals 0 1 0 0 0 0 0 0 0  1   4   0  "
777403,2025-06-22,Mariners,Cubs,2,1,False,False,False,3,Logan Gilbert,669302,Colin Rea,607067,"Final    1 2 3 4 5 6 7 8 9  R   H   E  
Mariners 2 1 0 1 1 2 2 5 0  14  18  0  
Cubs     1 0 0 0 3 0 2 0 0  6   10  2  "
777399,2025-06-22,D-backs,Rockies,0,0,True,True,True,0,Brandon Pfaadt,694297,Antonio Senzatela,622608,"Final   1 2 3 4 5 6 7 8 9  R   H   E  
D-backs 0 1 0 1 0 0 0 0 0  2   5   1  
Rockies 0 0 0 0 4 0 0 0 0  4   6   0  "
777400,2025-06-22,Guardians,Athletics,0,0,True,True,True,0,Slade Cecconi,677944,JP Sears,676664,"Final     1 2 3 4 5 6 7 8 9  R   H   E  
Guardians 0 2 0 0 1 0 0 0 0  3   8   1  
Athletics 0 0 0 0 0 0 0 0 0  0   9   0  "
777395,2025-06-22,Red Sox,Giants,0,0,True,True,True,0,Lucas Giolito,608337,Robbie Ray,592662,"Final   1 2 3 4 5 6 7 8 9  R   H   E  
Red Sox 1 0 0 0 3 1 0 0 0  5   12  2  
Giants  0 0 2 0 2 0 4 1 0  9   11  2  "
777397,2025-06-22,Astros,Angels,0,0,True,True,True,0,Ryan Gusto,687473,Kyle Hendricks,543294,"Final  1 2 3 4 5 6 7 8 9  R   H   E  
Astros 0 0 0 0 4 4 0 0 0  8   13  0  
Angels 0 0 0 2 3 0 1 0 1  7   11  1  "
777398,2025-06-22,Nationals,Dodgers,0,0,True,True,True,0,Michael Soroka,647336,Shohei Ohtani,660271,"Final     1 2 3 4 5 6 7 8 9  R   H   E  
Nationals 0 0 3 0 0 0 0 0 4  7   11  1  
Dodgers   0 0 0 0 0 4 7 2 0  13  11  1  "
777396,2025-06-22,Royals,Padres,0,0,True,True,True,0,Seth Lugo,607625,Randy Vásquez,681190,"Final  1 2 3 4 5 6 7 8 9  R   H   E  
Royals 0 0 0 0 0 2 0 0 0  2   7   0  
Padres 0 0 0 0 0 0 2 0 1  3   5   0  "
777405,2025-06-22,Mets,Phillies,0,0,True,True,True,0,David Peterson,656849,Jesús Luzardo,666200,"Final    1 2 3 4 5 6 7 8 9  R   H   E  
Mets     0 0 0 0 0 0 0 1 0  1   4   0  
Phillies 0 0 0 5 0 0 2 0 0  7   10  0  "
777394,2025-06-23,Rangers,Orioles,0,0,True,True,True,0,Patrick Corbin,571578,Trevor Rogers,669432,"Final   1 2 3 4 5 6 7 8 9  R   H   E  
Rangers 0 0 0 0 0 0 0 0 0  0   3   0  
Orioles 0 0 1 0 3 1 1 0 0  6   11  0  "
777389,2025-06-23,Braves,Mets,0,0,True,True,True,0,Spencer Schwellenbach,680885,Paul Blackburn,621112,"Final  1 2 3 4 5 6 7 8 9  R   H   E  
Braves 0 1 2 0 0 0 0 0 0  3   9   0  
Mets   0 0 0 0 0 2 0 0 0  2   6   1  "
777390,2025-06-23,Yankees,Reds,1,0,False,False,True,1,Allan Winans,642216,Nick Lodolo,666157,"Final   1 2 3 4 5 6 7 8 9  R   H   E  
Yankees 1 0 0 0 0 0 0 0 0  1   8   1  
Reds    0 0 0 3 1 0 0 2 0  6   10  1  "
777388,2025-06-23,Mariners,Twins,0,0,True,True,True,0,Bryan Woo,693433,Bailey Ober,641927,"Final    1 2 3 4 5 6 7 8 9  R   H   E  
Mariners 0 0 6 0 0 1 0 0 4  11  12  1  
Twins    0 0 0 0 0 2 0 0 0  2   7   1  "
777393,2025-06-23,D-backs,White Sox,2,0,False,False,True,2,Eduardo Rodriguez,593958,Shane Smith,681343,"Final     1 2 3 4 5 6 7 8 9  R   H   E  
D-backs   2 3 0 2 1 0 0 0 2  10  13  0  
White Sox 0 0 0 0 0 0 0 0 0  0   5   1  "
777391,2025-06-23,Pirates,Brewers,1,0,False,False,True,1,Braxton Ashcraft,677952,Chad Patrick,694477,"Final   1 2 3 4 5 6 7 8 9  R   H   E  
Pirates 1 0 0 2 1 1 0 0 0  5   14  0  
Brewers 0 0 0 2 2 0 0 0 0  4   9   0  "
777392,2025-06-23,Cubs,Cardinals,0,0,True,True,True,0,Ben Brown,676962,Matthew Liberatore,669461,"Final     1 2 3 4 5 6 7 8 9  R   H   E  
Cubs      0 0 0 0 1 0 1 0 0  2   7   0  
Cardinals 0 0 0 2 4 2 0 0 0  8   11  0  "
777381,2025-06-23,Red Sox,Angels,5,0,False,False,True,5,Walker Buehler,621111,Jack Kochanowicz,686799,"Final   1 2 3 4 5 6 7 8 9  R   H   E  
Red Sox 3 0 0 1 0 1 0 0 0  5   9   1  
Angels  5 0 0 0 0 0 0 4 0  9   6   0  "
777382,2025-06-23,Nationals,Padres,0,0,True,True,True,0,Mitchell Parker,680730,Stephen Kolek,663568,"Final     1 2 3 4 5 6 7 8 9  R   H   E  
Nationals 0 0 0 4 2 0 0 3 1  10  15  1  
Padres    0 0 0 1 0 1 1 0 3  6   9   1  "
777380,2025-06-24,Rangers,Orioles,0,0,True,True,True,0,Jacob Latz,656641,Charlie Morton,450203,"Final   1 2 3 4 5 6 7 8 9 10 R   H   E  
Rangers 0 0 0 3 0 0 1 1 0 1  6   10  0  
Orioles 0 0 0 0 0 0 5 0 0 0  5   4   1  "
777386,2025-06-24,Athletics,Tigers,2,2,False,False,False,4,Luis Severino,622663,Tarik Skubal,669373,"Final     1 2 3 4 5 6 7 8 9  R   H   E  
Athletics 2 2 0 0 0 0 0 0 0  4   9   1  
Tigers    2 0 5 0 0 0 2 2 0  11  13  0  "
777384,2025-06-24,Blue Jays,Guardians,0,0,True,True,True,0,Eric Lauer,641778,Logan Allen,671106,"Final     1 2 3 4 5 6 7 8 9  R   H   E  
Blue Jays 2 0 0 1 1 0 2 4 0  10  14  1  
Guardians 0 0 0 0 0 1 3 1 1  6   8   3  "
777387,2025-06-24,Braves,Mets,0,0,True,True,True,0,Spencer Strider,675911,Frankie Montas,593423,"Final  1 2 3 4 5 6 7 8 9  R   H   E  
Braves 0 0 0 0 0 5 0 2 0  7   8   0  
Mets   0 0 0 3 0 0 0 0 1  4   5   0  "
777385,2025-06-24,Yankees,Reds,0,0,True,True,True,0,Carlos Rodón,607074,Chase Burns,695505,"Final   1 2 3 4 5 6 7 8 9 1011 R   H   E  
Yankees 0 0 0 3 0 0 0 0 0 0 1  4   7   0  
Reds    0 0 0 0 0 0 3 0 0 0 2  5   11  0  "
777378,2025-06-24,Rays,Royals,0,0,True,True,True,0,Taj Bradley,671737,Kris Bubic,663460,"Final  1 2 3 4 5 6 7 8 9  R   H   E  
Rays   0 2 0 1 1 0 0 1 0  5   11  0  
Royals 0 0 0 0 0 0 0 0 1  1   4   2  "
777375,2025-06-24,Mariners,Twins,0,0,True,True,True,0,Luis Castillo,622491,Chris Paddack,663978,"Final    1 2 3 4 5 6 7 8 9  R   H   E  
Mariners 0 0 5 0 0 0 0 0 1  6   7   0  
Twins    0 0 1 4 0 0 0 0 0  5   8   1  "
777383,2025-06-24,D-backs,White Sox,1,0,False,False,True,1,Ryne Nelson,669194,Jordan Leasure,673929,"Final     1 2 3 4 5 6 7 8 9  R   H   E  
D-backs   1 0 0 0 0 0 3 0 0  4   7   0  
White Sox 0 1 0 0 0 0 0 0 0  1   3   1  "
777374,2025-06-24,Pirates,Brewers,0,0,True,True,True,0,Andrew Heaney,571760,Freddy Peralta,642547,"Final   1 2 3 4 5 6 7 8 9  R   H   E  
Pirates 0 0 0 0 0 3 0 0 0  3   8   1  
Brewers 0 0 2 4 1 0 0 2 0  9   11  0  "
777373,2025-06-24,Cubs,Cardinals,0,0,True,True,True,0,Jameson Taillon,592791,Michael McGreevy,700241,"Final     1 2 3 4 5 6 7 8 9  R   H   E  
Cubs      0 0 5 0 0 2 0 0 0  7   13  0  
Cardinals 0 2 2 4 0 0 0 0 0  8   10  0  "
777377,2025-06-24,Phillies,Astros,0,0,True,True,True,0,Ranger Suárez,624133,Framber Valdez,664285,"Final    1 2 3 4 5 6 7 8 9  R   H   E  
Phillies 0 0 0 0 0 0 0 0 0  0   4   0  
Astros   0 0 0 0 0 0 0 1 0  1   5   2  "
777379,2025-06-24,Dodgers,Rockies,0,1,False,True,False,1,Jack Dreyer,676263,Germán Márquez,608566,"Final   1 2 3 4 5 6 7 8 9  R   H   E  
Dodgers 0 0 0 6 0 2 0 0 1  9   14  0  
Rockies 1 0 1 0 1 0 1 3 0  7   14  2  "
777376,2025-06-24,Red Sox,Angels,0,0,True,True,True,0,Garrett Crochet,676979,Tyler Anderson,542881,"Final   1 2 3 4 5 6 7 8 9 10 R   H   E  
Red Sox 0 0 1 0 0 0 0 0 0 1  2   5   0  
Angels  0 0 0 0 0 0 0 1 0 2  3   7   1  "
777372,2025-06-24,Nationals,Padres,0,0,True,True,True,0,Trevor Williams,592866,Ryan Bergert,686701,"Final     1 2 3 4 5 6 7 8 9  R   H   E  
Nationals 0 2 0 1 0 0 0 0 0  3   7   0  
Padres    0 0 0 2 1 1 0 0 0  4   7   0  "
777364,2025-06-24,Marlins,Giants,0,0,True,True,True,0,Cal Quantrill,615698,Justin Verlander,434378,"Final   1 2 3 4 5 6 7 8 9  R   H   E  
Marlins 0 2 1 0 0 0 1 0 0  4   11  1  
Giants  0 0 0 0 2 0 0 0 0  2   5   1  "
777370,2025-06-25,D-backs,White Sox,2,0,False,False,True,2,Zac Gallen,668678,Sean Burke,680732,"Final     1 2 3 4 5 6 7 8 9  R   H   E  
D-backs   2 0 0 0 0 0 0 1 0  3   9   0  
White Sox 2 0 0 2 0 1 1 1 0  7   12  1  "
777361,2025-06-25,Pirates,Brewers,0,0,True,True,True,0,Paul Skenes,694973,Jacob Misiorowski,694819,"Final   1 2 3 4 5 6 7 8 9  R   H   E  
Pirates 0 0 0 0 0 0 1 1 0  2   4   0  
Brewers 0 4 0 0 0 0 0 0 0  4   6   1  "
777362,2025-06-25,Red Sox,Angels,0,0,True,True,True,0,Richard Fitts,690916,Yusei Kikuchi,579328,"Final   1 2 3 4 5 6 7 8 9  R   H   E  
Red Sox 2 0 0 0 0 0 0 0 0  2   3   0  
Angels  0 0 0 2 2 1 0 0 0  5   10  1  "
777360,2025-06-25,Nationals,Padres,0,0,True,True,True,0,MacKenzie Gore,669022,Nick Pivetta,601713,"Final     1 2 3 4 5 6 7 8 9  R   H   E  
Nationals 0 0 0 0 0 0 0 0 0  0   3   1  
Padres    0 1 0 0 0 0 0 0 0  1   6   0  "
777365,2025-06-25,Rangers,Orioles,0,0,True,True,True,0,Jacob deGrom,594798,Brandon Young,687064,"Final   1 2 3 4 5 6 7 8 9  R   H   E  
Rangers 0 1 0 2 3 1 0 0 0  7   9   0  
Orioles 0 0 0 0 0 0 0 0 0  0   1   0  "
777371,2025-06-25,Athletics,Tigers,0,0,True,True,True,0,Jacob Lopez,682052,Jack Flaherty,656427,"Final     1 2 3 4 5 6 7 8 9  R   H   E  
Athletics 0 0 3 0 0 0 0 0 0  3   7   0  
Tigers    0 0 0 0 0 0 0 0 0  0   4   1  "
777368,2025-06-25,Blue Jays,Guardians,1,0,False,False,True,1,Max Scherzer,453286,Gavin Williams,668909,"Final     1 2 3 4 5 6 7 8 9 10 R   H   E  
Blue Jays 0 0 0 1 0 3 0 0 0 0  4   7   1  
Guardians 1 0 0 2 0 1 0 0 0 1  5   10  1  "
777369,2025-06-25,Braves,Mets,0,0,True,True,True,0,Didier Fuentes,800311,Clay Holmes,605280,"Final  1 2 3 4 5 6 7 8 9  R   H   E  
Braves 0 0 0 1 0 0 0 0 2  3   6   1  
Mets   0 0 1 5 0 0 1 0 0  7   13  0  "
777367,2025-06-25,Yankees,Reds,0,0,True,True,True,0,Max Fried,608331,Brady Singer,663903,"Final   1 2 3 4 5 6 7 8 9  R   H   E  
Yankees 0 1 2 0 1 2 0 0 1  7   13  1  
Reds    0 0 0 1 0 0 0 0 0  1   4   1  "
777359,2025-06-25,Rays,Royals,0,0,True,True,True,0,Drew Rasmussen,656876,Michael Wacha,608379,"Final  1 2 3 4 5 6 7 8 9  R   H   E  
Rays   0 3 0 0 0 0 0 0 0  3   11  1  
Royals 0 0 0 0 0 0 0 0 0  0   3   0  "
777363,2025-06-25,Mariners,Twins,0,0,True,True,True,0,George Kirby,669923,Joe Ryan,657746,"Final    1 2 3 4 5 6 7 8 9  R   H   E  
Mariners 0 0 0 0 0 0 0 0 0  0   3   0  
Twins    0 0 0 0 0 1 1 0 0  2   4   2  "
777357,2025-06-25,Cubs,Cardinals,1,0,False,False,True,1,Matthew Boyd,571510,Erick Fedde,607200,"Final     1 2 3 4 5 6 7 8 9  R   H   E  
Cubs      1 3 1 2 1 0 0 0 0  8   11  1  
Cardinals 0 0 0 0 0 0 0 0 0  0   4   1  "
777366,2025-06-25,Phillies,Astros,0,1,False,True,False,1,Zack Wheeler,554430,Colton Gordon,676467,"Final    1 2 3 4 5 6 7 8 9  R   H   E  
Phillies 0 0 0 0 0 0 0 0 0  0   7   1  
Astros   1 0 0 0 0 0 0 1 0  2   4   0  "
777358,2025-06-25,Dodgers,Rockies,0,0,True,True,True,0,Yoshinobu Yamamoto,808967,Chase Dollander,801403,"Final   1 2 3 4 5 6 7 8 9  R   H   E  
Dodgers 0 0 0 0 0 3 4 1 0  8   9   2  
Rockies 0 0 0 0 0 1 0 0 0  1   5   1  "
777355,2025-06-25,Marlins,Giants,0,1,False,True,False,1,Edward Cabrera,665795,Logan Webb,657277,"Final   1 2 3 4 5 6 7 8 9 10 R   H   E  
Marlins 0 0 0 2 0 0 0 2 0 4  8   13  0  
Giants  1 0 0 0 1 0 0 0 2 1  5   5   0  "
777351,2025-06-26,Athletics,Tigers,0,0,True,True,True,0,Jeffrey Springs,605488,Dietrich Enns,608650,"Final     1 2 3 4 5 6 7 8 9  R   H   E  
Athletics 0 0 0 0 0 0 0 0 0  0   3   2  
Tigers    0 1 2 0 0 0 2 3 0  8   11  0  "
777354,2025-06-26,Blue Jays,Guardians,0,0,True,True,True,0,Kevin Gausman,592332,Tanner Bibee,676440,"Final     1 2 3 4 5 6 7 8 9  R   H   E  
Blue Jays 0 0 3 0 0 0 0 0 3  6   6   0  
Guardians 0 0 0 0 0 0 0 0 0  0   2   4  "
777356,2025-06-26,Mariners,Twins,0,0,True,True,True,0,Emerson Hancock,676106,Simeon Woods Richardson,680573,"Final    1 2 3 4 5 6 7 8 9  R   H   E  
Mariners 0 0 0 0 0 0 0 0 1  1   6   2  
Twins    0 0 0 0 2 8 0 0 0  10  11  0  "
777353,2025-06-26,Rays,Royals,0,0,True,True,True,0,Shane Baz,669358,Michael Lorenzen,547179,"Final  1 2 3 4 5 6 7 8 9  R   H   E  
Rays   0 0 0 2 0 2 0 0 0  4   9   0  
Royals 0 0 0 0 0 0 0 0 0  0   5   0  "
777350,2025-06-26,Phillies,Astros,0,0,True,True,True,0,Cristopher Sánchez,650911,Hunter Brown,686613,"Final    1 2 3 4 5 6 7 8 9  R   H   E  
Phillies 0 0 0 0 0 0 0 1 0  1   4   0  
Astros   0 1 0 0 0 0 0 1 0  2   7   0  "
777348,2025-06-26,Cubs,Cardinals,0,0,True,True,True,0,Shota Imanaga,684007,Andre Pallante,669467,"Final     1 2 3 4 5 6 7 8 9  R   H   E  
Cubs      0 1 0 1 0 0 0 1 0  3   9   0  
Cardinals 0 0 0 0 0 0 0 0 0  0   3   0  "
777344,2025-06-26,Dodgers,Rockies,0,0,True,True,True,0,Clayton Kershaw,477132,Austin Gomber,596295,"Final   1 2 3 4 5 6 7 8 9  R   H   E  
Dodgers 0 0 1 0 0 1 1 0 0  3   8   0  
Rockies 0 1 0 0 0 0 0 0 0  1   2   0  "
777347,2025-06-26,Marlins,Giants,3,0,False,False,True,3,Janson Junk,676083,Hayden Birdsong,806185,"Final   1 2 3 4 5 6 7 8 9  R   H   E  
Marlins 3 0 2 0 3 0 0 4 0  12  11  0  
Giants  0 0 2 3 0 0 0 0 0  5   12  0  "
777352,2025-06-26,Braves,Mets,0,0,True,True,True,0,Grant Holmes,656550,Griffin Canning,656288,"Final  1 2 3 4 5 6 7 8 9  R   H   E  
Braves 0 0 0 0 0 0 0 0 0  0   3   0  
Mets   0 0 0 1 1 0 2 0 0  4   9   1  "
777341,2025-06-27,Mets,Pirates,0,0,True,True,True,0,David Peterson,656849,Mitch Keller,656605,"Final   1 2 3 4 5 6 7 8 9  R   H   E  
Mets    0 0 0 1 0 0 0 0 0  1   6   1  
Pirates 0 4 0 0 1 3 1 0 0  9   12  1  "
777343,2025-06-27,Rays,Orioles,0,0,True,True,True,0,Ryan Pepiot,686752,Tomoyuki Sugano,608372,"Final   1 2 3 4 5 6 7 8 9  R   H   E  
Rays    0 6 0 1 0 0 1 0 0  8   13  2  
Orioles 0 4 1 0 3 3 4 7 0  22  21  0  "
777337,2025-06-27,Athletics,Yankees,0,0,True,True,True,0,Mitch Spence,687765,Will Warren,701542,"Final     1 2 3 4 5 6 7 8 9  R   H   E  
Athletics 0 0 0 0 0 0 0 0 0  0   4   1  
Yankees   0 1 1 1 0 0 0 0 0  3   4   0  "
777346,2025-06-27,Padres,Reds,0,2,False,True,False,2,Dylan Cease,656302,Nick Martinez,607259,"Final  1 2 3 4 5 6 7 8 9  R   H   E  
Padres 0 0 0 0 0 0 0 0 1  1   1   1  
Reds   2 1 0 1 4 0 0 0 0  8   9   0  "
777349,2025-06-27,Cardinals,Guardians,0,0,True,True,True,0,Sonny Gray,543243,Luis L. Ortiz,682847,"Final     1 2 3 4 5 6 7 8 9  R   H   E  
Cardinals 0 0 3 0 0 1 0 1 0  5   7   0  
Guardians 0 0 0 0 0 0 0 0 0  0   1   2  "
777345,2025-06-27,Blue Jays,Red Sox,0,0,True,True,True,0,José Berríos,621244,Brayan Bello,678394,"Final     1 2 3 4 5 6 7 8 9  R   H   E  
Blue Jays 1 1 1 0 0 0 2 4 0  9   16  0  
Red Sox   0 0 0 0 0 0 0 0 0  0   4   0  "
777334,2025-06-27,Twins,Tigers,0,0,True,True,True,0,David Festa,701581,Sawyer Gipson-Long,687830,"Final  1 2 3 4 5 6 7 8 9  R   H   E  
Twins  0 0 0 1 1 1 1 0 0  4   6   0  
Tigers 0 0 0 0 0 0 0 1 0  1   6   0  "
777342,2025-06-27,Phillies,Braves,1,0,False,False,True,1,Mick Abel,690953,Bryce Elder,693821,"Final    1 2 3 4 5 6 7 8 9  R   H   E  
Phillies 1 4 6 0 0 0 0 0 2  13  17  0  
Braves   0 0 0 0 0 0 0 0 0  0   9   1  "
777338,2025-06-27,Giants,White Sox,0,0,True,True,True,0,Landen Roupp,694738,Aaron Civale,650644,"Final     1 2 3 4 5 6 7 8 9  R   H   E  
Giants    0 0 1 0 0 2 0 0 0  3   6   1  
White Sox 1 0 0 0 0 0 0 0 0  1   7   0  "
777340,2025-06-27,Mariners,Rangers,1,1,False,False,False,2,Logan Gilbert,669302,Nathan Eovaldi,543135,"Final    1 2 3 4 5 6 7 8 9 101112 R   H   E  
Mariners 1 0 2 1 0 1 0 0 0 1 0 1  7   16  0  
Rangers  1 0 0 0 0 3 1 0 0 1 0 0  6   9   1  "
777336,2025-06-27,Cubs,Astros,0,0,True,True,True,0,Cade Horton,690990,Brandon Walter,687888,"Final  1 2 3 4 5 6 7 8 9  R   H   E  
Cubs   0 0 0 0 1 0 2 0 1  4   8   0  
Astros 0 0 4 3 0 0 0 0 0  7   10  0  "
777335,2025-06-27,Dodgers,Royals,1,1,False,False,False,2,Dustin May,669160,Noah Cameron,702070,"Final   1 2 3 4 5 6 7 8 9  R   H   E  
Dodgers 1 2 0 0 2 0 0 0 0  5   4   1  
Royals  1 3 0 0 0 0 0 0 0  4   11  2  "
777339,2025-06-27,Rockies,Brewers,0,0,True,True,True,0,Kyle Freeland,607536,Jose Quintana,500779,"Final   1 2 3 4 5 6 7 8 9  R   H   E  
Rockies 0 0 0 0 3 1 0 2 0  6   12  1  
Brewers 0 0 0 6 1 0 0 3 0  10  13  1  "
777331,2025-06-27,Nationals,Angels,0,0,True,True,True,0,Jake Irvin,663623,José Soriano,667755,"Final     1 2 3 4 5 6 7 8 9  R   H   E  
Nationals 0 2 0 3 3 1 1 1 4  15  19  1  
Angels    0 1 4 2 2 0 0 0 0  9   11  0  "
777332,2025-06-27,Marlins,D-backs,0,0,True,True,True,0,Eury Pérez,691587,Merrill Kelly,518876,"Final   1 2 3 4 5 6 7 8 9  R   H   E  
Marlins 0 0 0 2 2 2 0 1 2  9   13  1  
D-backs 0 0 1 0 3 0 1 0 3  8   8   2  "
777326,2025-06-28,Athletics,Yankees,0,0,True,True,True,0,JP Sears,676664,Clarke Schmidt,657376,"Final     1 2 3 4 5 6 7 8 9  R   H   E  
Athletics 0 0 0 1 0 3 0 3 0  7   8   0  
Yankees   0 0 0 0 0 0 0 0 0  0   3   1  "
777324,2025-06-28,Twins,Tigers,0,0,True,True,True,0,Bailey Ober,641927,Casey Mize,663554,"Final  1 2 3 4 5 6 7 8 9  R   H   E  
Twins  0 0 2 0 0 0 0 2 1  5   8   0  
Tigers 0 1 1 3 1 1 1 2 0  10  15  0  "
777325,2025-06-28,Mets,Pirates,1,0,False,False,True,1,Paul Blackburn,621112,Bailey Falter,663559,"Final   1 2 3 4 5 6 7 8 9  R   H   E  
Mets    1 0 0 0 1 0 0 0 0  2   10  1  
Pirates 0 3 0 0 0 0 0 6 0  9   12  0  "
777330,2025-06-28,Rays,Orioles,4,0,False,False,True,4,Zack Littell,641793,Zach Eflin,621107,"Final   1 2 3 4 5 6 7 8 9  R   H   E  
Rays    4 0 0 4 1 0 2 0 0  11  14  1  
Orioles 0 0 0 0 1 0 0 0 2  3   7   2  "
777322,2025-06-28,Mariners,Rangers,0,0,True,True,True,0,Bryan Woo,693433,Kumar Rocker,677958,"Final    1 2 3 4 5 6 7 8 9 10 R   H   E  
Mariners 0 0 1 0 0 1 0 0 0 0  2   6   1  
Rangers  0 0 2 0 0 0 0 0 0 1  3   6   0  "
777319,2025-06-28,Dodgers,Royals,0,0,True,True,True,0,Shohei Ohtani,660271,Seth Lugo,607625,"Final   1 2 3 4 5 6 7 8 9  R   H   E  
Dodgers 0 0 0 0 0 0 1 0 4  5   10  1  
Royals  0 0 2 0 4 0 3 0 0  9   14  0  "
777328,2025-06-28,Padres,Reds,0,1,False,True,False,1,Randy Vásquez,681190,Andrew Abbott,671096,"Final  1 2 3 4 5 6 7 8 9  R   H   E  
Padres 0 0 0 0 1 2 3 0 0  6   12  0  
Reds   1 2 0 0 1 0 0 0 0  4   10  0  "
777329,2025-06-28,Cardinals,Guardians,1,0,False,False,True,1,Miles Mikolas,571945,Slade Cecconi,677944,"Final     1 2 3 4 5 6 7 8 9  R   H   E  
Cardinals 1 0 0 0 2 5 0 0 1  9   14  0  
Guardians 0 0 0 6 0 0 0 0 0  6   9   1  "
777323,2025-06-28,Blue Jays,Red Sox,0,0,True,True,True,0,Chris Bassitt,605135,Lucas Giolito,608337,"Final     1 2 3 4 5 6 7 8 9  R   H   E  
Blue Jays 0 0 1 0 0 0 0 0 0  1   6   1  
Red Sox   3 3 3 0 0 3 2 1 0  15  18  1  "
777327,2025-06-28,Giants,White Sox,0,0,True,True,True,0,Robbie Ray,592662,Adrian Houser,605288,"Final     1 2 3 4 5 6 7 8 9  R   H   E  
Giants    0 0 0 0 0 0 0 0 0  0   4   0  
White Sox 0 0 0 0 0 1 0 0 0  1   7   0  "
777318,2025-06-28,Marlins,D-backs,2,1,False,False,False,3,Sandy Alcantara,645261,Brandon Pfaadt,694297,"Final   1 2 3 4 5 6 7 8 9 10 R   H   E  
Marlins 2 0 1 0 0 0 0 3 1 1  8   11  1  
D-backs 1 0 0 5 0 1 0 0 0 0  7   10  1  "
777321,2025-06-28,Rockies,Brewers,0,2,False,True,False,2,Antonio Senzatela,622608,Quinn Priester,682990,"Final   1 2 3 4 5 6 7 8 9  R   H   E  
Rockies 0 0 0 0 0 0 0 0 0  0   1   0  
Brewers 2 0 0 2 1 0 0 0 0  5   10  0  "
777320,2025-06-28,Cubs,Astros,1,0,False,False,True,1,Colin Rea,607067,Lance McCullers Jr.,621121,"Final  1 2 3 4 5 6 7 8 9  R   H   E  
Cubs   1 0 0 7 0 1 0 3 0  12  15  0  
Astros 0 0 2 0 0 0 0 1 0  3   7   0  "
777333,2025-06-28,Phillies,Braves,0,1,False,True,False,1,Jesús Luzardo,666200,Spencer Schwellenbach,680885,"Final    1 2 3 4 5 6 7 8 9  R   H   E  
Phillies 0 0 0 0 0 1 0 0 0  1   4   0  
Braves   1 1 0 0 0 0 4 0 0  6   13  0  "
777315,2025-06-28,Nationals,Angels,0,0,True,True,True,0,Michael Soroka,647336,Kyle Hendricks,543294,"Final     1 2 3 4 5 6 7 8 9  R   H   E  
Nationals 0 0 0 0 1 0 1 0 0  2   9   0  
Angels    0 1 0 0 0 0 6 1 0  8   9   0  "
777309,2025-06-29,Cardinals,Guardians,3,0,False,False,True,3,Matthew Liberatore,669461,Logan Allen,671106,"Final     1 2 3 4 5 6 7 8 9  R   H   E  
Cardinals 3 0 0 0 0 0 2 2 0  7   11  0  
Guardians 0 0 0 0 0 0 0 0 0  0   3   2  "
777313,2025-06-29,Mets,Pirates,0,5,False,True,False,5,Frankie Montas,593423,Mike Burrows,681347,"Final   1 2 3 4 5 6 7 8 9  R   H   E  
Mets    0 0 0 0 1 0 0 0 0  1   7   1  
Pirates 5 1 0 0 2 0 2 2 0  12  16  0  "
777317,2025-06-29,Rays,Orioles,0,0,True,True,True,0,Taj Bradley,671737,Dean Kremer,665152,"Final   1 2 3 4 5 6 7 8 9  R   H   E  
Rays    0 0 0 0 0 0 0 0 1  1   5   0  
Orioles 0 1 0 0 2 2 0 0 0  5   10  0  "
777310,2025-06-29,Blue Jays,Red Sox,0,0,True,True,True,0,Eric Lauer,641778,Walker Buehler,621111,"Final     1 2 3 4 5 6 7 8 9  R   H   E  
Blue Jays 2 0 0 2 1 0 0 0 0  5   6   1  
Red Sox   0 2 0 0 1 0 0 0 0  3   8   0  "
777316,2025-06-29,Phillies,Braves,0,0,True,True,True,0,Ranger Suárez,624133,Spencer Strider,675911,"Final    1 2 3 4 5 6 7 8 9  R   H   E  
Phillies 0 0 0 0 2 0 0 0 0  2   7   0  
Braves   0 1 0 0 0 0 0 0 0  1   6   0  "
777307,2025-06-29,Athletics,Yankees,0,0,True,True,True,0,Luis Severino,622663,Marcus Stroman,573186,"Final     1 2 3 4 5 6 7 8 9  R   H   E  
Athletics 0 0 0 0 1 4 0 0 0  5   5   3  
Yankees   0 1 4 2 3 0 2 0 0  12  9   0  "
777312,2025-06-29,Padres,Reds,0,0,True,True,True,0,Stephen Kolek,663568,Nick Lodolo,666157,"Final  1 2 3 4 5 6 7 8 9  R   H   E  
Padres 0 0 0 1 0 0 1 0 0  2   8   0  
Reds   0 0 0 0 0 1 0 0 2  3   9   1  "
777308,2025-06-29,Cubs,Astros,0,0,True,True,True,0,Jameson Taillon,592791,Framber Valdez,664285,"Final  1 2 3 4 5 6 7 8 9  R   H   E  
Cubs   0 0 0 0 0 0 0 0 0  0   5   1  
Astros 0 0 0 0 2 0 0 0 0  2   7   0  "
777304,2025-06-29,Dodgers,Royals,0,1,False,True,False,1,Lou Trivino,642152,Kris Bubic,663460,"Final   1 2 3 4 5 6 7 8 9  R   H   E  
Dodgers 0 2 0 0 0 1 2 0 0  5   7   0  
Royals  1 0 0 0 0 0 0 0 0  1   5   0  "
777311,2025-06-29,Giants,White Sox,0,0,True,True,True,0,Justin Verlander,434378,Jonathan Cannon,686563,"Final     1 2 3 4 5 6 7 8 9  R   H   E  
Giants    0 1 0 0 1 0 0 0 0  2   6   1  
White Sox 1 0 0 0 0 0 4 0 0  5   11  0  "
777301,2025-06-29,Rockies,Brewers,0,0,True,True,True,0,Germán Márquez,608566,Chad Patrick,694477,"Final   1 2 3 4 5 6 7 8 9 1011 R   H   E  
Rockies 0 0 0 0 0 0 0 1 1 1 1  4   11  1  
Brewers 0 0 0 0 0 2 0 0 0 1 0  3   6   2  "
777302,2025-06-29,Mariners,Rangers,0,0,True,True,True,0,Luis Castillo,622491,Jack Leiter,683004,"Final    1 2 3 4 5 6 7 8 9 101112 R   H   E  
Mariners 0 0 0 0 0 1 0 0 0 2 0 3  6   13  0  
Rangers  0 1 0 0 0 0 0 0 0 2 0 1  4   9   1  "
777305,2025-06-29,Nationals,Angels,0,1,False,True,False,1,Mitchell Parker,680730,Jack Kochanowicz,686799,"Final     1 2 3 4 5 6 7 8 9 1011 R   H   E  
Nationals 0 0 0 1 1 0 1 0 1 0 3  7   10  0  
Angels    1 0 0 0 0 2 1 0 0 0 0  4   9   1  "
777303,2025-06-29,Marlins,D-backs,1,0,False,False,True,1,Cal Quantrill,615698,Eduardo Rodriguez,593958,"Final   1 2 3 4 5 6 7 8 9  R   H   E  
Marlins 1 0 0 0 0 0 0 5 0  6   6   0  
D-backs 0 1 1 0 0 0 0 2 0  4   6   2  "
777314,2025-06-29,Twins,Tigers,0,1,False,True,False,1,Chris Paddack,663978,Tarik Skubal,669373,"Final  1 2 3 4 5 6 7 8 9  R   H   E  
Twins  0 0 0 0 0 0 0 0 0  0   2   1  
Tigers 1 0 0 1 1 0 0 0 0  3   10  0  "
777306,2025-06-30,Padres,Phillies,0,0,True,True,True,0,Matt Waldron,663362,Zack Wheeler,554430,"Final    1 2 3 4 5 6 7 8 9  R   H   E  
Padres   0 0 0 0 0 0 0 0 0  0   7   0  
Phillies 0 1 0 2 1 0 0 0 0  4   6   0  "
777299,2025-06-30,Cardinals,Pirates,0,1,False,True,False,1,Erick Fedde,607200,Andrew Heaney,571760,"Final     1 2 3 4 5 6 7 8 9  R   H   E  
Cardinals 0 0 0 0 0 0 0 0 0  0   4   0  
Pirates   1 0 0 0 6 0 0 0 0  7   11  0  "
777295,2025-06-30,Yankees,Blue Jays,0,0,True,True,True,0,Carlos Rodón,607074,Max Scherzer,453286,"Final     1 2 3 4 5 6 7 8 9  R   H   E  
Yankees   0 0 0 2 0 1 0 1 0  4   7   2  
Blue Jays 0 0 0 0 1 4 0 0 0  5   10  0  "
777300,2025-06-30,Reds,Red Sox,0,0,True,True,True,0,Chase Burns,695505,Garrett Crochet,676979,"Final   1 2 3 4 5 6 7 8 9  R   H   E  
Reds    0 0 0 3 1 1 0 0 1  6   10  1  
Red Sox 7 0 0 0 1 1 0 4 0  13  14  0  "
777296,2025-06-30,Athletics,Rays,3,0,False,False,True,3,Jacob Lopez,682052,Drew Rasmussen,656876,"Final     1 2 3 4 5 6 7 8 9  R   H   E  
Athletics 3 0 1 0 0 0 0 0 2  6   9   1  
Rays      0 0 0 4 0 0 0 0 0  4   8   0  "
777292,2025-06-30,Orioles,Rangers,0,0,True,True,True,0,Trevor Rogers,669432,Patrick Corbin,571578,"Final   1 2 3 4 5 6 7 8 9 1011 R   H   E  
Orioles 0 0 3 0 0 0 0 0 0 3 4  10  15  1  
Rangers 0 0 0 0 0 2 1 0 0 3 0  6   7   0  "
777297,2025-06-30,Royals,Mariners,0,0,True,True,True,0,Michael Wacha,608379,George Kirby,669923,"Final    1 2 3 4 5 6 7 8 9  R   H   E  
Royals   0 0 1 0 0 0 0 1 0  2   4   0  
Mariners 0 0 0 1 4 0 1 0 0  6   12  0  "
777291,2025-06-30,Giants,D-backs,0,0,True,True,True,0,Logan Webb,657277,Ryne Nelson,669194,"Final   1 2 3 4 5 6 7 8 9  R   H   E  
Giants  0 0 0 0 0 0 2 0 0  2   7   1  
D-backs 0 0 1 0 0 1 1 1 0  4   8   0  "
777283,2025-07-01,Yankees,Blue Jays,2,0,False,False,True,2,Max Fried,608331,Kevin Gausman,592332,"Final     1 2 3 4 5 6 7 8 9  R   H   E  
Yankees   2 0 0 0 0 0 2 0 1  5   9   1  
Blue Jays 0 0 0 4 0 0 5 3 0  12  8   2  "
777288,2025-07-01,Cardinals,Pirates,0,0,True,True,True,0,Andre Pallante,669467,Paul Skenes,694973,"Final     1 2 3 4 5 6 7 8 9  R   H   E  
Cardinals 0 0 0 0 0 0 0 0 0  0   7   0  
Pirates   0 0 0 0 0 0 0 1 0  1   4   0  "
777293,2025-07-01,Twins,Marlins,0,0,True,True,True,0,Joe Ryan,657746,Edward Cabrera,665795,"Final   1 2 3 4 5 6 7 8 9  R   H   E  
Twins   0 0 0 0 0 0 0 0 0  0   2   0  
Marlins 0 1 0 0 0 0 0 1 0  2   8   0  "
777286,2025-07-01,Athletics,Rays,0,0,True,True,True,0,Jeffrey Springs,605488,Shane Baz,669358,"Final     1 2 3 4 5 6 7 8 9 10 R   H   E  
Athletics 0 0 0 2 0 1 0 0 0 1  4   7   1  
Rays      0 1 1 0 0 0 1 0 0 0  3   8   1  "
777294,2025-07-01,Reds,Red Sox,0,0,True,True,True,0,Brady Singer,663903,Richard Fitts,690916,"Final   1 2 3 4 5 6 7 8 9  R   H   E  
Reds    0 0 1 2 0 0 0 0 0  3   3   0  
Red Sox 2 0 0 0 0 1 0 2 0  5   8   0  "
777298,2025-07-01,Angels,Braves,0,0,True,True,True,0,Tyler Anderson,542881,Grant Holmes,656550,"Final  1 2 3 4 5 6 7 8 9  R   H   E  
Angels 0 0 0 0 0 0 0 4 0  4   8   0  
Braves 0 0 0 0 0 0 0 0 0  0   7   1  "
777287,2025-07-01,Guardians,Cubs,0,0,True,True,True,0,Gavin Williams,668909,Matthew Boyd,571510,"Final     1 2 3 4 5 6 7 8 9  R   H   E  
Guardians 0 0 0 2 0 0 0 0 0  2   5   1  
Cubs      0 3 0 0 0 1 0 1 0  5   10  0  "
777282,2025-07-01,Orioles,Rangers,0,0,True,True,True,0,Brandon Young,687064,Jacob deGrom,594798,"Final   1 2 3 4 5 6 7 8 9  R   H   E  
Orioles 0 0 0 2 0 0 0 0 0  2   7   0  
Rangers 0 0 3 0 2 2 0 3 0  10  14  0  "
777285,2025-07-01,Astros,Rockies,0,1,False,True,False,1,Colton Gordon,676467,Chase Dollander,801403,"Final   1 2 3 4 5 6 7 8 9  R   H   E  
Astros  0 1 5 0 0 0 0 0 0  6   10  0  
Rockies 1 0 1 1 1 0 0 0 1  5   12  1  "
777281,2025-07-01,Royals,Mariners,1,0,False,False,True,1,Michael Lorenzen,547179,Emerson Hancock,676106,"Final    1 2 3 4 5 6 7 8 9  R   H   E  
Royals   1 2 0 0 2 0 0 0 1  6   10  0  
Mariners 0 1 0 0 2 0 0 0 0  3   7   0  "
777278,2025-07-01,Giants,D-backs,0,0,True,True,True,0,Hayden Birdsong,806185,Zac Gallen,668678,"Final   1 2 3 4 5 6 7 8 9  R   H   E  
Giants  0 2 0 0 0 0 0 0 0  2   6   0  
D-backs 0 0 1 3 2 2 0 0 0  8   9   1  "
777280,2025-07-01,White Sox,Dodgers,4,0,False,False,True,4,Shane Smith,681343,Yoshinobu Yamamoto,808967,"Final     1 2 3 4 5 6 7 8 9  R   H   E  
White Sox 0 0 0 1 0 0 0 0 0  1   3   0  
Dodgers   4 0 1 1 0 0 0 0 0  6   7   0  "
777271,2025-07-02,Athletics,Rays,1,0,False,False,True,1,Mitch Spence,687765,Ryan Pepiot,686752,"Final     1 2 3 4 5 6 7 8 9  R   H   E  
Athletics 1 1 0 0 0 0 0 0 3  5   10  0  
Rays      0 1 0 0 0 5 0 0 0  6   10  1  "
777272,2025-07-02,Cardinals,Pirates,0,0,True,True,True,0,Sonny Gray,543243,Mitch Keller,656605,"Final     1 2 3 4 5 6 7 8 9  R   H   E  
Cardinals 0 0 0 0 0 0 0 0 0  0   6   0  
Pirates   0 1 0 0 0 0 4 0 0  5   8   0  "
777284,2025-07-02,Tigers,Nationals,6,0,False,False,True,6,Tyler Holton,663947,Trevor Williams,592866,"Final     1 2 3 4 5 6 7 8 9  R   H   E  
Tigers    6 0 1 3 0 1 0 0 0  11  15  1  
Nationals 0 0 0 0 1 1 0 0 0  2   9   0  "
777265,2025-07-02,Tigers,Nationals,0,2,False,True,False,2,Jack Flaherty,656427,MacKenzie Gore,669022,"Final     1 2 3 4 5 6 7 8 9  R   H   E  
Tigers    0 0 0 1 0 1 2 0 0  4   8   0  
Nationals 2 0 1 0 0 0 0 6 0  9   11  0  "
777273,2025-07-02,Padres,Phillies,0,0,True,True,True,0,Nick Pivetta,601713,Mick Abel,690953,"Final    1 2 3 4 5 6 7 8 9  R   H   E  
Padres   0 5 0 1 0 0 0 0 0  6   5   2  
Phillies 0 0 0 0 0 1 2 0 1  4   12  0  "
777290,2025-07-02,Padres,Phillies,0,0,True,True,True,0,Dylan Cease,656302,Cristopher Sánchez,650911,"Final    1 2 3 4 5 6 7 8 9  R   H   E  
Padres   0 0 0 1 0 0 0 0 0  1   6   0  
Phillies 0 0 0 2 2 0 1 0 0  5   10  1  "
777289,2025-07-02,Brewers,Mets,1,0,False,False,True,1,Freddy Peralta,642547,Clay Holmes,605280,"Final   1 2 3 4 5 6 7 8 9  R   H   E  
Brewers 1 0 0 0 0 5 0 1 0  7   10  0  
Mets    0 0 1 1 0 0 0 0 0  2   2   0  "
777276,2025-07-02,Brewers,Mets,0,0,True,True,True,0,Jacob Misiorowski,694819,Huascar Brazobán,623211,"Final   1 2 3 4 5 6 7 8 9  R   H   E  
Brewers 0 0 0 0 0 3 0 0 0  3   7   0  
Mets    0 5 0 0 0 1 0 1 0  7   9   0  "
777294,2025-07-02,Reds,Red Sox,0,0,True,True,True,0,Brady Singer,663903,Richard Fitts,690916,"Final   1 2 3 4 5 6 7 8 9  R   H   E  
Reds    0 0 1 2 0 0 0 0 0  3   3   0  
Red Sox 2 0 0 0 0 1 0 2 0  5   8   0  "
777275,2025-07-02,Twins,Marlins,1,0,False,False,True,1,Simeon Woods Richardson,680573,Janson Junk,676083,"Final   1 2 3 4 5 6 7 8 9  R   H   E  
Twins   1 0 0 1 0 0 0 0 0  2   8   0  
Marlins 0 1 0 0 0 0 0 0 0  1   8   0  "
777274,2025-07-02,Yankees,Blue Jays,0,0,True,True,True,0,Will Warren,701542,José Berríos,621244,"Final     1 2 3 4 5 6 7 8 9  R   H   E  
Yankees   0 0 0 0 6 1 0 2 0  9   15  1  
Blue Jays 7 0 1 0 0 0 1 2 0  11  13  0  "
777277,2025-07-02,Reds,Red Sox,0,0,True,True,True,0,Nick Martinez,607259,Brennan Bernardino,657514,"Final   1 2 3 4 5 6 7 8 9  R   H   E  
Reds    0 0 0 0 0 0 5 3 0  8   12  1  
Red Sox 0 1 0 0 0 2 1 0 0  4   11  2  "
777279,2025-07-02,Angels,Braves,2,0,False,False,True,2,Yusei Kikuchi,579328,Didier Fuentes,800311,"Final  1 2 3 4 5 6 7 8 9  R   H   E  
Angels 2 0 0 0 0 0 0 0 1  3   7   0  
Braves 0 0 0 0 0 7 1 0 0  8   12  0  "
777266,2025-07-02,Guardians,Cubs,0,0,True,True,True,0,Tanner Bibee,676440,Shota Imanaga,684007,"Final     1 2 3 4 5 6 7 8 9  R   H   E  
Guardians 0 2 1 0 0 0 0 0 1  4   7   0  
Cubs      0 0 2 3 0 0 0 0 0  5   9   1  "
777268,2025-07-02,Orioles,Rangers,0,0,True,True,True,0,Tomoyuki Sugano,608372,Nathan Eovaldi,543135,"Final   1 2 3 4 5 6 7 8 9  R   H   E  
Orioles 0 0 0 0 0 0 0 0 0  0   5   1  
Rangers 0 0 3 2 1 0 0 0 0  6   11  0  "
777269,2025-07-02,Astros,Rockies,1,0,False,False,True,1,Hunter Brown,686613,Austin Gomber,596295,"Final   1 2 3 4 5 6 7 8 9  R   H   E  
Astros  1 1 0 0 0 3 0 0 0  5   16  0  
Rockies 0 2 0 0 0 0 0 0 1  3   10  1  "
777262,2025-07-02,Royals,Mariners,1,0,False,False,True,1,Noah Cameron,702070,Logan Gilbert,669302,"Final    1 2 3 4 5 6 7 8 9  R   H   E  
Royals   1 0 0 0 0 0 0 1 0  2   6   0  
Mariners 0 0 0 0 0 1 2 0 0  3   8   0  "
777270,2025-07-02,Giants,D-backs,2,0,False,False,True,2,Landen Roupp,694738,Merrill Kelly,518876,"Final   1 2 3 4 5 6 7 8 9 10 R   H   E  
Giants  2 0 0 0 1 0 0 2 0 1  6   10  1  
D-backs 0 0 0 0 2 0 0 1 2 0  5   11  0  "
777267,2025-07-02,White Sox,Dodgers,1,0,False,False,True,1,Brandon Eisert,685126,Clayton Kershaw,477132,"Final     1 2 3 4 5 6 7 8 9  R   H   E  
White Sox 1 0 3 0 0 0 0 0 0  4   9   0  
Dodgers   1 1 0 0 0 0 0 0 3  5   9   0  "
777263,2025-07-03,Twins,Marlins,0,3,False,True,False,3,David Festa,701581,Eury Pérez,691587,"Final   1 2 3 4 5 6 7 8 9  R   H   E  
Twins   0 0 0 0 0 0 1 0 0  1   5   0  
Marlins 3 0 1 0 0 0 0 0 0  4   8   1  "
777264,2025-07-03,Astros,Rockies,2,2,False,False,False,4,Brandon Walter,687888,Kyle Freeland,607536,"Final   1 2 3 4 5 6 7 8 9  R   H   E  
Astros  2 1 0 0 0 0 2 0 1  6   13  0  
Rockies 2 0 1 2 0 0 2 0 0  7   13  1  "
777258,2025-07-03,Tigers,Nationals,3,5,False,False,False,8,Dietrich Enns,608650,Jake Irvin,663623,"Final     1 2 3 4 5 6 7 8 9  R   H   E  
Tigers    3 0 0 0 0 0 2 2 0  7   8   3  
Nationals 5 1 0 1 2 0 0 2 0  11  15  0  "
777260,2025-07-03,Yankees,Blue Jays,0,0,True,True,True,0,Clarke Schmidt,657376,Chris Bassitt,605135,"Final     1 2 3 4 5 6 7 8 9  R   H   E  
Yankees   0 0 1 2 0 0 2 0 0  5   12  0  
Blue Jays 1 0 2 2 1 0 0 2 0  8   11  0  "
777257,2025-07-03,Brewers,Mets,0,0,True,True,True,0,Jose Quintana,500779,David Peterson,656849,"Final   1 2 3 4 5 6 7 8 9  R   H   E  
Brewers 0 0 0 1 0 0 1 0 0  2   6   0  
Mets    0 1 0 0 0 2 0 0 0  3   8   1  "
777261,2025-07-03,Angels,Braves,1,0,False,False,True,1,José Soriano,667755,Bryce Elder,693821,"Final  1 2 3 4 5 6 7 8 9  R   H   E  
Angels 1 2 0 1 0 1 0 0 0  5   11  0  
Braves 0 0 0 0 0 0 0 0 1  1   5   0  "
777259,2025-07-03,Guardians,Cubs,0,0,True,True,True,0,Joey Cantillo,676282,Cade Horton,690990,"Final     1 2 3 4 5 6 7 8 9 10 R   H   E  
Guardians 0 0 0 0 0 0 0 0 0 0  0   7   0  
Cubs      0 0 0 0 0 0 0 0 0 1  1   3   0  "
777256,2025-07-03,Giants,D-backs,2,0,False,False,True,2,Robbie Ray,592662,Brandon Pfaadt,694297,"Final   1 2 3 4 5 6 7 8 9  R   H   E  
Giants  2 0 2 0 0 0 2 0 1  7   12  0  
D-backs 0 0 0 0 1 0 0 0 1  2   3   0  "
777251,2025-07-03,Royals,Mariners,0,0,True,True,True,0,Seth Lugo,607625,Logan Evans,688138,"Final    1 2 3 4 5 6 7 8 9  R   H   E  
Royals   0 0 0 0 0 0 3 0 0  3   5   1  
Mariners 0 0 0 1 0 0 0 0 1  2   10  0  "
777253,2025-07-03,White Sox,Dodgers,1,0,False,False,True,1,Aaron Civale,650644,Dustin May,669160,"Final     1 2 3 4 5 6 7 8 9  R   H   E  
White Sox 0 0 0 0 0 0 0 2 0  2   4   1  
Dodgers   1 0 4 0 0 0 1 0 0  6   7   1  "
777245,2025-07-04,Red Sox,Nationals,0,0,True,True,True,0,Lucas Giolito,608337,Michael Soroka,647336,"Final     1 2 3 4 5 6 7 8 9  R   H   E  
Red Sox   0 2 0 0 7 0 0 2 0  11  16  0  
Nationals 0 0 0 0 0 1 0 0 1  2   6   0  "
777255,2025-07-04,Reds,Phillies,0,3,False,True,False,3,Andrew Abbott,671096,Jesús Luzardo,666200,"Final    1 2 3 4 5 6 7 8 9  R   H   E  
Reds     0 1 5 1 2 0 0 0 0  9   11  2  
Phillies 3 0 1 0 0 2 0 0 0  6   14  1  "
777246,2025-07-04,Cardinals,Cubs,0,2,False,True,False,2,Miles Mikolas,571945,Colin Rea,607067,"Final     1 2 3 4 5 6 7 8 9  R   H   E  
Cardinals 0 0 0 1 0 0 0 0 2  3   4   0  
Cubs      2 2 3 0 1 0 3 0 0  11  13  0  "
777250,2025-07-04,Yankees,Mets,2,2,False,False,False,4,Marcus Stroman,573186,Justin Hagenman,663795,"Final   1 2 3 4 5 6 7 8 9  R   H   E  
Yankees 2 0 0 1 2 0 0 0 0  5   8   1  
Mets    2 0 1 0 0 1 2 0 0  6   10  0  "
777236,2025-07-04,Pirates,Mariners,0,2,False,True,False,2,Bailey Falter,663559,Bryan Woo,693433,"Final    1 2 3 4 5 6 7 8 9  R   H   E  
Pirates  0 0 0 0 0 0 0 0 0  0   5   1  
Mariners 2 0 0 1 0 1 2 0 0  6   7   1  "
777247,2025-07-04,Rays,Twins,0,0,True,True,True,0,Zack Littell,641793,Chris Paddack,663978,"Final 1 2 3 4 5 6 7 8 9  R   H   E  
Rays  0 0 0 0 0 2 1 0 0  3   8   0  
Twins 0 0 0 0 1 0 2 0 1  4   8   0  "
777239,2025-07-04,Rangers,Padres,0,0,True,True,True,0,Kumar Rocker,677958,Randy Vásquez,681190,"Final   1 2 3 4 5 6 7 8 9 10 R   H   E  
Rangers 0 0 2 0 0 0 0 0 0 0  2   5   0  
Padres  0 0 0 1 0 1 0 0 0 1  3   10  1  "
777242,2025-07-04,Angels,Blue Jays,0,0,True,True,True,0,Kyle Hendricks,543294,Eric Lauer,641778,"Final     1 2 3 4 5 6 7 8 9 10 R   H   E  
Angels    0 0 0 0 0 0 3 0 0 0  3   5   2  
Blue Jays 0 0 0 0 0 3 0 0 0 1  4   5   1  "
777249,2025-07-04,Tigers,Guardians,0,1,False,True,False,1,Reese Olson,681857,Slade Cecconi,677944,"Final     1 2 3 4 5 6 7 8 9  R   H   E  
Tigers    0 0 1 1 0 0 0 0 0  2   7   0  
Guardians 1 0 0 0 0 0 0 0 0  1   9   0  "
777254,2025-07-04,Brewers,Marlins,0,1,False,True,False,1,Quinn Priester,682990,Sandy Alcantara,645261,"Final   1 2 3 4 5 6 7 8 9  R   H   E  
Brewers 0 0 2 3 0 0 0 1 0  6   8   2  
Marlins 1 0 1 1 2 0 0 0 0  5   8   0  "
777252,2025-07-04,Orioles,Braves,0,0,True,True,True,0,Charlie Morton,450203,Spencer Strider,675911,"Final   1 2 3 4 5 6 7 8 9  R   H   E  
Orioles 0 0 1 0 2 0 0 0 0  3   7   0  
Braves  0 0 0 0 0 2 0 0 0  2   6   0  "
777243,2025-07-04,White Sox,Rockies,0,0,True,True,True,0,Adrian Houser,605288,Antonio Senzatela,622608,"Final     1 2 3 4 5 6 7 8 9  R   H   E  
White Sox 0 0 0 2 0 1 0 0 0  3   8   1  
Rockies   0 0 0 0 2 0 0 0 0  2   5   1  "
777235,2025-07-04,Astros,Dodgers,2,0,False,False,True,2,Lance McCullers Jr.,621121,Ben Casparius,676508,"Final   1 2 3 4 5 6 7 8 9  R   H   E  
Astros  2 0 4 0 1 101 0 0  18  20  1  
Dodgers 0 1 0 0 0 0 0 0 0  1   6   1  "
777248,2025-07-04,Royals,D-backs,3,2,False,False,False,5,Kris Bubic,663460,Eduardo Rodriguez,593958,"Final   1 2 3 4 5 6 7 8 9  R   H   E  
Royals  3 3 0 2 1 0 0 0 0  9   14  0  
D-backs 2 0 0 0 0 1 0 0 0  3   8   1  "
777244,2025-07-04,Giants,Athletics,0,1,False,True,False,1,Justin Verlander,434378,JP Sears,676664,"Final     1 2 3 4 5 6 7 8 9  R   H   E  
Giants    0 0 0 0 0 0 0 1 1  2   6   3  
Athletics 1 4 1 0 0 3 2 0 0  11  12  2  "
777230,2025-07-05,Rays,Twins,0,0,True,True,True,0,Taj Bradley,671737,Cole Sands,663485,"Final 1 2 3 4 5 6 7 8 9  R   H   E  
Rays  0 0 1 1 2 1 0 0 0  5   11  1  
Twins 0 1 0 0 0 4 0 0 1  6   11  1  "
777229,2025-07-05,Cardinals,Cubs,2,0,False,False,True,2,Matthew Liberatore,669461,Drew Pomeranz,519141,"Final     1 2 3 4 5 6 7 8 9  R   H   E  
Cardinals 2 0 0 1 0 0 0 5 0  8   13  1  
Cubs      0 1 0 1 0 2 1 1 0  6   9   1  "
777231,2025-07-05,Angels,Blue Jays,1,0,False,False,True,1,Jack Kochanowicz,686799,Max Scherzer,453286,"Final     1 2 3 4 5 6 7 8 9 1011 R   H   E  
Angels    1 0 1 0 0 0 1 0 0 0 0  3   7   1  
Blue Jays 1 0 2 0 0 0 0 0 0 0 1  4   13  0  "
777228,2025-07-05,Red Sox,Nationals,0,0,True,True,True,0,Walker Buehler,621111,Mitchell Parker,680730,"Final     1 2 3 4 5 6 7 8 9  R   H   E  
Red Sox   2 0 7 0 0 0 0 1 0  10  11  2  
Nationals 0 0 1 1 0 1 0 0 0  3   9   3  "
777233,2025-07-05,Reds,Phillies,0,0,True,True,True,0,Nick Lodolo,666157,Ranger Suárez,624133,"Final    1 2 3 4 5 6 7 8 9  R   H   E  
Reds     0 0 0 0 1 0 0 0 0  1   8   1  
Phillies 0 0 0 0 1 2 0 2 0  5   5   1  "
777234,2025-07-05,Royals,D-backs,0,0,True,True,True,0,Michael Wacha,608379,Ryne Nelson,669194,"Final   1 2 3 4 5 6 7 8 9  R   H   E  
Royals  0 0 0 0 0 1 0 0 0  1   5   1  
D-backs 0 0 2 0 2 0 1 2 0  7   8   0  "
777237,2025-07-05,Orioles,Braves,0,2,False,True,False,2,Dean Kremer,665152,Aaron Bummer,607481,"Final   1 2 3 4 5 6 7 8 9 10 R   H   E  
Orioles 0 0 3 2 0 0 1 0 0 3  9   8   1  
Braves  2 0 1 2 0 1 0 0 0 0  6   10  0  "
777241,2025-07-05,Yankees,Mets,0,4,False,True,False,4,Carlos Rodón,607074,Frankie Montas,593423,"Final   1 2 3 4 5 6 7 8 9  R   H   E  
Yankees 0 1 1 0 0 2 1 1 0  6   9   2  
Mets    4 1 0 0 2 0 4 1 0  12  10  0  "
777238,2025-07-05,Brewers,Marlins,0,0,True,True,True,0,Chad Patrick,694477,Cal Quantrill,615698,"Final   1 2 3 4 5 6 7 8 9  R   H   E  
Brewers 0 1 0 1 0 0 0 0 0  2   9   0  
Marlins 0 2 0 0 0 0 0 2 0  4   8   0  "
777240,2025-07-05,Tigers,Guardians,0,0,True,True,True,0,Casey Mize,663554,Logan Allen,671106,"Final     1 2 3 4 5 6 7 8 9  R   H   E  
Tigers    0 1 0 0 0 0 0 0 0  1   2   0  
Guardians 0 0 0 0 0 0 0 0 0  0   4   0  "
777221,2025-07-05,Astros,Dodgers,0,1,False,True,False,1,Framber Valdez,664285,Shohei Ohtani,660271,"Final   1 2 3 4 5 6 7 8 9  R   H   E  
Astros  0 0 4 1 0 0 0 1 0  6   9   1  
Dodgers 1 1 0 2 0 0 0 0 0  4   9   1  "
777232,2025-07-05,White Sox,Rockies,2,0,False,False,True,2,Jonathan Cannon,686563,Germán Márquez,608566,"Final     1 2 3 4 5 6 7 8 9  R   H   E  
White Sox 2 3 0 0 1 0 0 2 2  10  15  0  
Rockies   2 0 0 0 0 0 0 1 0  3   11  0  "
777223,2025-07-05,Rangers,Padres,1,0,False,False,True,1,Patrick Corbin,571578,Stephen Kolek,663568,"Final   1 2 3 4 5 6 7 8 9  R   H   E  
Rangers 1 0 2 2 0 1 0 1 0  7   11  0  
Padres  0 2 0 0 0 0 2 0 0  4   10  0  "
777227,2025-07-05,Giants,Athletics,2,0,False,False,True,2,Logan Webb,657277,Luis Severino,622663,"Final     1 2 3 4 5 6 7 8 9  R   H   E  
Giants    2 0 2 0 1 2 0 0 0  7   10  0  
Athletics 0 1 0 0 0 1 0 0 0  2   7   1  "
777225,2025-07-05,Pirates,Mariners,0,0,True,True,True,0,Mike Burrows,681347,Luis Castillo,622491,"Final    1 2 3 4 5 6 7 8 9  R   H   E  
Pirates  0 0 0 0 0 0 0 0 0  0   2   0  
Mariners 0 0 0 0 0 1 0 0 0  1   5   0  "
777222,2025-07-06,Orioles,Braves,0,0,True,True,True,0,Trevor Rogers,669432,Grant Holmes,656550,"Final   1 2 3 4 5 6 7 8 9  R   H   E  
Orioles 0 0 2 0 0 0 0 0 0  2   6   0  
Braves  0 0 0 0 0 0 0 0 1  1   7   0  "
777213,2025-07-06,Red Sox,Nationals,0,0,True,True,True,0,Garrett Crochet,676979,Shinnosuke Ogasawara,829272,"Final     1 2 3 4 5 6 7 8 9  R   H   E  
Red Sox   4 0 0 0 0 0 1 0 1  6   12  0  
Nationals 0 0 2 0 0 0 1 0 1  4   12  1  "
777217,2025-07-06,Reds,Phillies,0,0,True,True,True,0,Chase Burns,695505,Zack Wheeler,554430,"Final    1 2 3 4 5 6 7 8 9  R   H   E  
Reds     0 0 0 0 1 0 0 0 0  1   1   1  
Phillies 0 0 0 0 1 0 0 2 0  3   7   0  "
777214,2025-07-06,Angels,Blue Jays,1,0,False,False,True,1,Tyler Anderson,542881,Kevin Gausman,592332,"Final     1 2 3 4 5 6 7 8 9  R   H   E  
Angels    1 0 0 0 1 0 0 0 0  2   9   0  
Blue Jays 0 0 0 2 0 1 0 0 0  3   8   1  "
777226,2025-07-06,Tigers,Guardians,0,0,True,True,True,0,Tarik Skubal,669373,Gavin Williams,668909,"Final     1 2 3 4 5 6 7 8 9 10 R   H   E  
Tigers    0 0 0 0 0 0 0 0 1 6  7   6   0  
Guardians 0 0 0 0 0 0 0 1 0 1  2   6   2  "
777216,2025-07-06,Yankees,Mets,0,0,True,True,True,0,Max Fried,608331,Chris Devenski,606965,"Final   1 2 3 4 5 6 7 8 9  R   H   E  
Yankees 0 0 1 2 2 0 1 0 0  6   12  0  
Mets    0 0 0 0 2 2 0 0 0  4   10  0  "
777224,2025-07-06,Brewers,Marlins,0,0,True,True,True,0,Brandon Woodruff,605540,Edward Cabrera,665795,"Final   1 2 3 4 5 6 7 8 9  R   H   E  
Brewers 0 0 2 0 0 0 0 1 0  3   9   0  
Marlins 0 0 0 0 1 0 0 0 0  1   3   0  "
777220,2025-07-06,Rays,Twins,0,1,False,True,False,1,Drew Rasmussen,656876,Joe Ryan,657746,"Final 1 2 3 4 5 6 7 8 9 10 R   H   E  
Rays  0 0 1 1 0 0 0 2 0 3  7   11  1  
Twins 1 0 0 0 0 1 0 2 0 1  5   7   1  "
777215,2025-07-06,White Sox,Rockies,1,0,False,False,True,1,Shane Smith,681343,Chase Dollander,801403,"Final     1 2 3 4 5 6 7 8 9  R   H   E  
White Sox 0 0 2 1 1 0 0 0 0  4   7   0  
Rockies   1 1 0 0 4 0 0 0 0  6   8   0  "
777218,2025-07-06,Royals,D-backs,0,0,True,True,True,0,Michael Lorenzen,547179,Anthony DeSclafani,543101,"Final   1 2 3 4 5 6 7 8 9  R   H   E  
Royals  0 0 0 2 2 0 0 0 0  4   8   0  
D-backs 0 0 0 0 0 0 0 0 0  0   3   0  "
777206,2025-07-06,Astros,Dodgers,0,0,True,True,True,0,Ryan Gusto,687473,Emmet Sheehan,686218,"Final   1 2 3 4 5 6 7 8 9  R   H   E  
Astros  0 0 1 0 0 1 0 2 1  5   11  0  
Dodgers 0 1 0 0 0 0 0 0 0  1   7   0  "
777205,2025-07-06,Pirates,Mariners,0,0,True,True,True,0,Paul Skenes,694973,George Kirby,669923,"Final    1 2 3 4 5 6 7 8 9  R   H   E  
Pirates  0 0 0 0 0 0 0 0 0  0   5   0  
Mariners 0 0 0 0 0 1 0 0 0  1   7   1  "
777219,2025-07-06,Cardinals,Cubs,0,1,False,True,False,1,Erick Fedde,607200,Matthew Boyd,571510,"Final     1 2 3 4 5 6 7 8 9  R   H   E  
Cardinals 0 0 0 0 0 0 0 0 0  0   6   1  
Cubs      1 2 5 2 1 0 0 0 0  11  13  0  "
777207,2025-07-06,Rangers,Padres,1,0,False,False,True,1,Jack Leiter,683004,David Morgan,688158,"Final   1 2 3 4 5 6 7 8 9  R   H   E  
Rangers 1 0 0 0 0 0 0 0 0  1   6   1  
Padres  0 0 1 1 0 1 1 0 0  4   10  0  "
777210,2025-07-06,Giants,Athletics,1,0,False,False,True,1,Hayden Birdsong,806185,Jacob Lopez,682052,"Final     1 2 3 4 5 6 7 8 9  R   H   E  
Giants    1 0 0 1 3 0 0 1 0  6   9   0  
Athletics 0 0 0 1 0 0 0 0 1  2   5   1  "
777211,2025-07-07,Rays,Tigers,0,0,True,True,True,0,Shane Baz,669358,Keider Montero,672456,"Final  1 2 3 4 5 6 7 8 9  R   H   E  
Rays   0 0 1 0 0 0 0 0 0  1   5   1  
Tigers 0 2 0 0 1 0 2 0 0  5   9   0  "
777209,2025-07-07,Rockies,Red Sox,0,0,True,True,True,0,Austin Gomber,596295,Richard Fitts,690916,"Final   1 2 3 4 5 6 7 8 9  R   H   E  
Rockies 0 1 0 0 0 2 0 0 0  3   7   1  
Red Sox 0 3 0 0 2 0 2 2 0  9   14  1  "
777208,2025-07-07,Marlins,Reds,0,0,True,True,True,0,Janson Junk,676083,Brady Singer,663903,"Final   1 2 3 4 5 6 7 8 9  R   H   E  
Marlins 0 0 0 0 2 2 1 0 0  5   10  0  
Reds    0 1 0 0 0 0 0 0 0  1   3   2  "
777204,2025-07-07,Pirates,Royals,0,1,False,True,False,1,Andrew Heaney,571760,Noah Cameron,702070,"Final   1 2 3 4 5 6 7 8 9  R   H   E  
Pirates 0 0 2 0 0 0 0 0 1  3   4   0  
Royals  1 0 3 2 1 1 0 1 0  9   12  1  "
777212,2025-07-07,Blue Jays,White Sox,0,0,True,True,True,0,José Berríos,621244,Sean Burke,680732,"Final     1 2 3 4 5 6 7 8 9  R   H   E  
Blue Jays 0 0 0 1 2 5 0 0 0  8   8   1  
White Sox 0 1 0 0 0 0 2 1 0  4   8   0  "
777201,2025-07-07,Dodgers,Brewers,0,5,False,True,False,5,Yoshinobu Yamamoto,808967,Freddy Peralta,642547,"Final   1 2 3 4 5 6 7 8 9  R   H   E  
Dodgers 0 0 0 0 0 0 0 1 0  1   7   2  
Brewers 5 0 0 0 2 0 2 0 0  9   8   0  "
777202,2025-07-07,Guardians,Astros,0,0,True,True,True,0,Tanner Bibee,676440,Colton Gordon,676467,"Final     1 2 3 4 5 6 7 8 9  R   H   E  
Guardians 0 0 0 0 4 2 0 0 1  7   10  0  
Astros    0 0 0 0 4 1 0 0 0  5   5   0  "
777200,2025-07-07,Rangers,Angels,2,1,False,False,False,3,Jacob deGrom,594798,Yusei Kikuchi,579328,"Final   1 2 3 4 5 6 7 8 9  R   H   E  
Rangers 2 0 2 0 0 0 0 1 0  5   8   0  
Angels  1 2 0 0 0 2 0 0 1  6   10  1  "
777203,2025-07-07,D-backs,Padres,0,1,False,True,False,1,Zac Gallen,668678,Yu Darvish,506433,"Final   1 2 3 4 5 6 7 8 9  R   H   E  
D-backs 0 1 1 0 2 0 0 2 0  6   9   2  
Padres  1 0 0 0 0 0 1 1 0  3   7   0  "
777199,2025-07-07,Phillies,Giants,0,0,True,True,True,0,Cristopher Sánchez,650911,Landen Roupp,694738,"Final    1 2 3 4 5 6 7 8 9  R   H   E  
Phillies 0 0 0 0 1 0 0 0 0  1   6   0  
Giants   0 1 0 0 0 0 0 2 0  3   8   0  "
777198,2025-07-08,Mets,Orioles,0,0,True,True,True,0,Clay Holmes,605280,Brandon Young,687064,"Final   1 2 3 4 5 6 7 8 9 10 R   H   E  
Mets    0 0 0 0 0 2 0 4 0 1  7   11  0  
Orioles 0 0 1 0 0 4 1 0 0 0  6   9   0  "
777195,2025-07-08,Rays,Tigers,1,0,False,False,True,1,Ryan Pepiot,686752,Jack Flaherty,656427,"Final  1 2 3 4 5 6 7 8 9  R   H   E  
Rays   1 0 1 0 0 0 0 0 0  2   8   0  
Tigers 0 0 0 1 1 0 2 0 0  4   4   1  "
777187,2025-07-08,Mariners,Yankees,0,0,True,True,True,0,Logan Gilbert,669302,Will Warren,701542,"Final    1 2 3 4 5 6 7 8 9  R   H   E  
Mariners 0 0 0 0 0 0 0 3 0  3   7   2  
Yankees  0 0 0 0 1 5 4 0 0  10  12  0  "
777196,2025-07-08,Rockies,Red Sox,0,0,True,True,True,0,Kyle Freeland,607536,Brayan Bello,678394,"Final   1 2 3 4 5 6 7 8 9  R   H   E  
Rockies 0 0 0 0 0 0 0 0 2  2   5   2  
Red Sox 0 0 0 0 0 4 6 0 0  10  10  0  "
777197,2025-07-08,Marlins,Reds,0,1,False,True,False,1,Eury Pérez,691587,Nick Martinez,607259,"Final   1 2 3 4 5 6 7 8 9  R   H   E  
Marlins 0 0 7 0 0 3 0 1 1  12  12  1  
Reds    1 0 0 0 0 0 0 0 1  2   5   1  "
777194,2025-07-08,Pirates,Royals,0,0,True,True,True,0,Mitch Keller,656605,Seth Lugo,607625,"Final   1 2 3 4 5 6 7 8 9  R   H   E  
Pirates 0 0 0 1 0 0 1 1 0  3   6   1  
Royals  0 1 0 0 0 0 2 0 1  4   7   1  "
777190,2025-07-08,Cubs,Twins,0,2,False,True,False,2,Shota Imanaga,684007,Simeon Woods Richardson,680573,"Final 1 2 3 4 5 6 7 8 9  R   H   E  
Cubs  0 0 0 0 0 0 0 0 1  1   6   0  
Twins 2 0 0 0 0 0 0 6 0  8   12  0  "
777193,2025-07-08,Dodgers,Brewers,1,0,False,False,True,1,Clayton Kershaw,477132,Jacob Misiorowski,694819,"Final   1 2 3 4 5 6 7 8 9  R   H   E  
Dodgers 1 0 0 0 0 0 0 0 0  1   4   0  
Brewers 0 0 0 2 0 0 0 1 0  3   8   0  "
777191,2025-07-08,Nationals,Cardinals,0,0,True,True,True,0,Jake Irvin,663623,Sonny Gray,543243,"Final     1 2 3 4 5 6 7 8 9  R   H   E  
Nationals 0 0 2 0 0 0 0 0 0  2   8   0  
Cardinals 0 0 3 0 0 1 0 0 0  4   7   0  "
777192,2025-07-08,Guardians,Astros,2,1,False,False,False,3,Joey Cantillo,676282,Hunter Brown,686613,"Final     1 2 3 4 5 6 7 8 9 10 R   H   E  
Guardians 2 0 3 1 0 0 0 0 0 4  10  8   0  
Astros    1 0 0 0 3 0 0 2 0 0  6   11  0  "
777180,2025-07-08,Rangers,Angels,0,1,False,True,False,1,Nathan Eovaldi,543135,José Soriano,667755,"Final   1 2 3 4 5 6 7 8 9  R   H   E  
Rangers 0 0 0 5 4 1 1 2 0  13  12  1  
Angels  1 0 0 0 0 0 0 0 0  1   6   0  "
777185,2025-07-08,D-backs,Padres,0,0,True,True,True,0,Merrill Kelly,518876,Nick Pivetta,601713,"Final   1 2 3 4 5 6 7 8 9  R   H   E  
D-backs 0 0 0 0 0 0 0 0 0  0   3   0  
Padres  0 0 0 0 0 0 1 0 0  1   4   0  "
777186,2025-07-08,Phillies,Giants,0,0,True,True,True,0,Taijuan Walker,592836,Robbie Ray,592662,"Final    1 2 3 4 5 6 7 8 9  R   H   E  
Phillies 0 0 0 0 0 1 2 0 0  3   9   0  
Giants   0 1 0 0 0 0 0 0 3  4   9   1  "
777189,2025-07-08,Braves,Athletics,0,5,False,True,False,5,Didier Fuentes,800311,Jeffrey Springs,605488,"Final     1 2 3 4 5 6 7 8 9  R   H   E  
Braves    0 0 0 0 1 0 0 0 0  1   6   0  
Athletics 5 4 1 0 0 0 0 0 0  10  10  1  "
777172,2025-07-09,Blue Jays,White Sox,0,0,True,True,True,0,Eric Lauer,641778,Adrian Houser,605288,"Final     1 2 3 4 5 6 7 8 9  R   H   E  
Blue Jays 0 1 0 0 0 0 0 0 0  1   9   0  
White Sox 0 0 0 2 0 0 0 0 0  2   6   1  "
777175,2025-07-09,Dodgers,Brewers,0,0,True,True,True,0,Tyler Glasnow,607192,Jose Quintana,500779,"Final   1 2 3 4 5 6 7 8 9 10 R   H   E  
Dodgers 0 0 0 0 1 0 1 0 0 0  2   5   1  
Brewers 0 0 0 0 1 0 0 0 1 1  3   8   0  "
777163,2025-07-09,Phillies,Giants,0,0,True,True,True,0,Jesús Luzardo,666200,Justin Verlander,434378,"Final    1 2 3 4 5 6 7 8 9  R   H   E  
Phillies 0 1 0 1 0 2 0 7 2  13  17  0  
Giants   0 0 0 0 0 0 0 0 0  0   4   3  "
777182,2025-07-09,Rays,Tigers,2,0,False,False,True,2,Zack Littell,641793,Reese Olson,681857,"Final  1 2 3 4 5 6 7 8 9  R   H   E  
Rays   2 0 0 0 0 4 1 0 0  7   16  0  
Tigers 0 0 0 3 0 0 0 0 0  3   8   0  "
777184,2025-07-09,Mariners,Yankees,0,3,False,True,False,3,Logan Evans,688138,Cam Schlittler,693645,"Final    1 2 3 4 5 6 7 8 9  R   H   E  
Mariners 0 0 1 1 0 2 2 0 0  6   7   1  
Yankees  3 0 1 0 2 3 0 0 0  9   13  0  "
777179,2025-07-09,Rockies,Red Sox,0,0,True,True,True,0,Antonio Senzatela,622608,Lucas Giolito,608337,"Final   1 2 3 4 5 6 7 8 9  R   H   E  
Rockies 0 0 0 0 0 0 0 2 0  2   8   1  
Red Sox 0 1 0 1 2 1 0 5 0  10  15  0  "
777183,2025-07-09,Marlins,Reds,0,3,False,True,False,3,Sandy Alcantara,645261,Andrew Abbott,671096,"Final   1 2 3 4 5 6 7 8 9  R   H   E  
Marlins 0 0 0 0 0 0 0 1 1  2   7   0  
Reds    3 0 0 3 0 0 0 1 0  7   11  0  "
777177,2025-07-09,Pirates,Royals,0,0,True,True,True,0,Bailey Falter,663559,Kris Bubic,663460,"Final   1 2 3 4 5 6 7 8 9  R   H   E  
Pirates 0 0 0 0 0 3 0 0 0  3   8   0  
Royals  0 1 0 2 0 0 0 1 0  4   11  0  "
777173,2025-07-09,Cubs,Twins,0,2,False,True,False,2,Cade Horton,690990,David Festa,701581,"Final 1 2 3 4 5 6 7 8 9  R   H   E  
Cubs  0 0 0 2 0 0 0 0 0  2   4   0  
Twins 2 1 0 1 0 0 0 0 0  4   8   0  "
777178,2025-07-09,Nationals,Cardinals,3,1,False,False,False,4,MacKenzie Gore,669022,Andre Pallante,669467,"Final     1 2 3 4 5 6 7 8 9  R   H   E  
Nationals 3 0 0 3 1 0 1 0 0  8   9   0  
Cardinals 1 0 0 0 0 0 1 0 0  2   7   0  "
777174,2025-07-09,Guardians,Astros,2,0,False,False,True,2,Slade Cecconi,677944,Brandon Walter,687888,"Final     1 2 3 4 5 6 7 8 9  R   H   E  
Guardians 2 0 0 0 0 0 2 0 0  4   6   0  
Astros    0 0 0 0 0 0 0 2 0  2   6   0  "
777171,2025-07-09,Rangers,Angels,1,0,False,False,True,1,Kumar Rocker,677958,Kyle Hendricks,543294,"Final   1 2 3 4 5 6 7 8 9  R   H   E  
Rangers 1 0 2 2 0 1 2 0 0  8   10  2  
Angels  0 0 4 1 1 0 2 3 0  11  12  1  "
777162,2025-07-09,D-backs,Padres,0,0,True,True,True,0,Brandon Pfaadt,694297,Dylan Cease,656302,"Final   1 2 3 4 5 6 7 8 9  R   H   E  
D-backs 0 0 1 1 4 0 0 1 1  8   8   0  
Padres  0 0 0 0 1 0 1 0 0  2   4   0  "
777176,2025-07-09,Braves,Athletics,4,0,False,False,True,4,Bryce Elder,693821,Mitch Spence,687765,"Final     1 2 3 4 5 6 7 8 9  R   H   E  
Braves    4 2 0 1 0 1 1 0 0  9   11  0  
Athletics 0 0 0 0 1 1 0 0 0  2   9   0  "
777165,2025-07-10,Mets,Orioles,0,0,True,True,True,0,David Peterson,656849,Charlie Morton,450203,"Final   1 2 3 4 5 6 7 8 9  R   H   E  
Mets    0 0 0 0 1 0 0 0 0  1   5   0  
Orioles 0 0 0 0 0 0 0 3 0  3   6   1  "
777181,2025-07-10,Mets,Orioles,2,0,False,False,True,2,Brandon Waddell,663399,Tomoyuki Sugano,608372,"Final   1 2 3 4 5 6 7 8 9  R   H   E  
Mets    2 0 0 1 0 0 0 0 0  3   5   1  
Orioles 0 3 0 0 2 2 0 0 0  7   9   0  "
777166,2025-07-10,Cubs,Twins,0,0,True,True,True,0,Colin Rea,607067,Chris Paddack,663978,"Final 1 2 3 4 5 6 7 8 9  R   H   E  
Cubs  0 1 2 1 2 0 1 0 1  8   14  0  
Twins 0 0 0 0 1 0 0 0 0  1   4   0  "
777168,2025-07-10,Marlins,Reds,0,1,False,True,False,1,Cal Quantrill,615698,Nick Lodolo,666157,"Final   1 2 3 4 5 6 7 8 9  R   H   E  
Marlins 0 0 0 0 0 0 0 0 0  0   4   2  
Reds    1 1 0 0 0 4 0 0 0  6   9   0  "
777169,2025-07-10,Mariners,Yankees,0,0,True,True,True,0,Bryan Woo,693433,Marcus Stroman,573186,"Final    1 2 3 4 5 6 7 8 9 10 R   H   E  
Mariners 0 1 0 1 0 0 3 0 0 0  5   9   0  
Yankees  0 0 0 0 0 0 0 3 2 1  6   6   0  "
777170,2025-07-10,Rays,Red Sox,0,0,True,True,True,0,Taj Bradley,671737,Walker Buehler,621111,"Final   1 2 3 4 5 6 7 8 9  R   H   E  
Rays    0 0 0 2 0 1 0 0 0  3   7   0  
Red Sox 0 0 1 0 0 0 3 0 0  4   4   1  "
777167,2025-07-10,Nationals,Cardinals,0,1,False,True,False,1,Michael Soroka,647336,Miles Mikolas,571945,"Final     1 2 3 4 5 6 7 8 9  R   H   E  
Nationals 0 0 0 0 0 0 0 1 0  1   4   0  
Cardinals 1 0 1 0 0 5 1 0 0  8   10  0  "
777156,2025-07-10,Braves,Athletics,0,3,False,True,False,3,Spencer Strider,675911,JP Sears,676664,"Final     1 2 3 4 5 6 7 8 9 1011 R   H   E  
Braves    0 0 0 3 0 0 1 0 0 0 0  4   5   0  
Athletics 3 0 0 0 0 0 0 1 0 0 1  5   8   0  "
777159,2025-07-10,Rangers,Angels,2,0,False,False,True,2,Patrick Corbin,571578,Jack Kochanowicz,686799,"Final   1 2 3 4 5 6 7 8 9  R   H   E  
Rangers 2 0 7 0 0 0 0 2 0  11  13  0  
Angels  0 0 0 0 2 1 0 0 1  4   10  0  "
777158,2025-07-10,D-backs,Padres,0,0,True,True,True,0,Eduardo Rodriguez,593958,Randy Vásquez,681190,"Final   1 2 3 4 5 6 7 8 9  R   H   E  
D-backs 0 0 2 0 0 0 1 0 0  3   9   1  
Padres  0 0 1 1 2 0 0 0 0  4   13  1  "
777164,2025-07-11,Guardians,White Sox,0,0,True,True,True,0,Logan Allen,671106,Shane Smith,681343,"Final     1 2 3 4 5 6 7 8 9  R   H   E  
Guardians 0 2 0 0 0 2 0 0 0  4   5   0  
White Sox 0 2 0 0 0 0 0 0 0  2   2   0  "
777146,2025-07-11,Guardians,White Sox,0,0,True,True,True,0,Gavin Williams,668909,Jonathan Cannon,686563,"Final     1 2 3 4 5 6 7 8 9 1011 R   H   E  
Guardians 0 0 2 0 0 1 1 0 0 0 0  4   8   1  
White Sox 1 0 1 0 1 0 0 1 0 0 1  5   5   0  "
777157,2025-07-11,Marlins,Orioles,0,2,False,True,False,2,Edward Cabrera,665795,Dean Kremer,665152,"Final   1 2 3 4 5 6 7 8 9  R   H   E  
Marlins 0 0 0 0 0 0 0 0 2  2   5   0  
Orioles 2 0 2 0 0 0 1 0 0  5   12  0  "
777153,2025-07-11,Cubs,Yankees,0,0,True,True,True,0,Chris Flexen,623167,Carlos Rodón,607074,"Final   1 2 3 4 5 6 7 8 9  R   H   E  
Cubs    0 0 0 0 0 0 0 0 0  0   5   0  
Yankees 0 0 3 0 2 1 2 3 0  11  15  0  "
777160,2025-07-11,Rockies,Reds,0,0,True,True,True,0,Germán Márquez,608566,Chase Burns,695505,"Final   1 2 3 4 5 6 7 8 9  R   H   E  
Rockies 0 0 0 2 0 0 0 1 0  3   6   1  
Reds    0 0 1 0 0 0 1 0 0  2   8   0  "
777161,2025-07-11,Mariners,Tigers,0,0,True,True,True,0,Luis Castillo,622491,Tarik Skubal,669373,"Final    1 2 3 4 5 6 7 8 9  R   H   E  
Mariners 0 1 0 0 3 0 0 1 7  12  11  1  
Tigers   0 0 0 1 0 2 0 0 0  3   6   1  "
777155,2025-07-11,Rays,Red Sox,1,0,False,False,True,1,Drew Rasmussen,656876,Hunter Dobbins,690928,"Final   1 2 3 4 5 6 7 8 9  R   H   E  
Rays    1 0 3 0 0 0 0 0 0  4   8   0  
Red Sox 0 1 0 2 0 0 0 0 2  5   8   1  "
777151,2025-07-11,Mets,Royals,0,0,True,True,True,0,Kodai Senga,673540,Michael Wacha,608379,"Final  1 2 3 4 5 6 7 8 9  R   H   E  
Mets   0 0 1 0 0 0 0 3 4  8   8   0  
Royals 0 0 0 0 0 1 2 0 0  3   10  0  "
777154,2025-07-11,Rangers,Astros,2,1,False,False,False,3,Jack Leiter,683004,Lance McCullers Jr.,621121,"Final   1 2 3 4 5 6 7 8 9  R   H   E  
Rangers 2 0 3 0 0 0 2 0 0  7   13  0  
Astros  1 0 0 2 0 0 0 0 0  3   8   0  "
777148,2025-07-11,Pirates,Twins,0,0,True,True,True,0,Paul Skenes,694973,Joe Ryan,657746,"Final   1 2 3 4 5 6 7 8 9  R   H   E  
Pirates 0 0 0 1 0 0 0 0 0  1   8   0  
Twins   0 0 0 2 0 0 0 0 0  2   7   0  "
777149,2025-07-11,Nationals,Brewers,0,0,True,True,True,0,Mitchell Parker,680730,DL Hall,669084,"Final     1 2 3 4 5 6 7 8 9  R   H   E  
Nationals 0 0 1 0 0 1 1 0 0  3   6   0  
Brewers   0 0 6 1 0 0 1 0 0  8   10  0  "
777147,2025-07-11,Braves,Cardinals,3,2,False,False,False,5,Grant Holmes,656550,Matthew Liberatore,669461,"Final     1 2 3 4 5 6 7 8 9  R   H   E  
Braves    3 1 2 0 0 0 0 0 0  6   12  1  
Cardinals 2 0 3 0 0 0 0 0 0  5   10  0  "
777150,2025-07-11,D-backs,Angels,0,4,False,True,False,4,Ryne Nelson,669194,Tyler Anderson,542881,"Final   1 2 3 4 5 6 7 8 9  R   H   E  
D-backs 0 4 0 0 0 0 0 1 0  5   11  0  
Angels  4 0 0 0 1 0 0 0 1  6   12  1  "
777139,2025-07-11,Phillies,Padres,0,0,True,True,True,0,Ranger Suárez,624133,Ryan Bergert,686701,"Final    1 2 3 4 5 6 7 8 9  R   H   E  
Phillies 0 1 1 0 0 0 0 0 0  2   5   2  
Padres   0 3 0 0 0 0 0 1 0  4   8   0  "
777152,2025-07-11,Blue Jays,Athletics,0,0,True,True,True,0,Max Scherzer,453286,Luis Severino,622663,"Final     1 2 3 4 5 6 7 8 9  R   H   E  
Blue Jays 0 0 0 1 6 0 0 0 0  7   12  0  
Athletics 0 0 0 0 0 3 0 0 3  6   10  1  "
777143,2025-07-11,Dodgers,Giants,0,0,True,True,True,0,Dustin May,669160,Logan Webb,657277,"Final   1 2 3 4 5 6 7 8 9  R   H   E  
Dodgers 0 0 2 0 0 4 1 0 0  7   11  0  
Giants  0 1 0 2 5 0 0 0 0  8   9   1  "
777142,2025-07-12,Cubs,Yankees,1,0,False,False,True,1,Matthew Boyd,571510,Max Fried,608331,"Final   1 2 3 4 5 6 7 8 9  R   H   E  
Cubs    1 0 3 0 0 0 0 1 0  5   8   0  
Yankees 0 0 0 0 0 0 0 0 2  2   6   1  "
777145,2025-07-12,Mariners,Tigers,0,1,False,True,False,1,George Kirby,669923,Casey Mize,663554,"Final    1 2 3 4 5 6 7 8 9  R   H   E  
Mariners 0 1 5 1 0 1 1 2 4  15  19  0  
Tigers   1 0 0 0 3 0 1 2 0  7   10  1  "
777134,2025-07-12,Pirates,Twins,0,0,True,True,True,0,Mike Burrows,681347,Cole Sands,663485,"Final   1 2 3 4 5 6 7 8 9  R   H   E  
Pirates 0 0 0 1 1 0 1 1 0  4   6   1  
Twins   0 6 3 0 0 1 2 0 0  12  14  1  "
777133,2025-07-12,Braves,Cardinals,1,0,False,False,True,1,Aaron Bummer,607481,Erick Fedde,607200,"Final     1 2 3 4 5 6 7 8 9  R   H   E  
Braves    1 2 0 0 0 0 0 3 1  7   10  0  
Cardinals 0 3 0 0 0 1 1 1 0  6   7   0  "
777127,2025-07-12,Dodgers,Giants,0,0,True,True,True,0,Shohei Ohtani,660271,Landen Roupp,694738,"Final   1 2 3 4 5 6 7 8 9  R   H   E  
Dodgers 0 1 0 0 0 1 0 0 0  2   8   0  
Giants  0 0 0 0 0 0 0 1 0  1   3   1  "
777141,2025-07-12,Marlins,Orioles,0,0,True,True,True,0,Janson Junk,676083,Trevor Rogers,669432,"Final   1 2 3 4 5 6 7 8 9  R   H   E  
Marlins 0 0 0 0 0 0 1 1 4  6   9   0  
Orioles 0 0 0 0 0 0 0 0 0  0   6   1  "
777140,2025-07-12,Rockies,Reds,0,1,False,True,False,1,Bradley Blalock,687134,Brady Singer,663903,"Final   1 2 3 4 5 6 7 8 9  R   H   E  
Rockies 0 0 2 0 0 0 1 0 0  3   8   0  
Reds    1 0 0 0 0 0 1 0 2  4   11  0  "
777136,2025-07-12,Mets,Royals,0,0,True,True,True,0,Frankie Montas,593423,Angel Zerpa,672582,"Final  1 2 3 4 5 6 7 8 9  R   H   E  
Mets   0 0 0 2 0 0 0 0 1  3   6   1  
Royals 0 0 0 0 0 1 0 0 0  1   4   0  "
777144,2025-07-12,Rays,Red Sox,0,0,True,True,True,0,Shane Baz,669358,Garrett Crochet,676979,"Final   1 2 3 4 5 6 7 8 9  R   H   E  
Rays    0 0 0 0 0 0 0 0 0  0   3   0  
Red Sox 0 0 0 1 0 0 0 0 0  1   5   0  "
777138,2025-07-12,Guardians,White Sox,1,0,False,False,True,1,Tanner Bibee,676440,Sean Burke,680732,"Final     1 2 3 4 5 6 7 8 9  R   H   E  
Guardians 1 0 0 1 0 1 1 0 2  6   7   0  
White Sox 0 0 0 2 0 0 0 0 0  2   6   1  "
777135,2025-07-12,Nationals,Brewers,0,0,True,True,True,0,Shinnosuke Ogasawara,829272,Brandon Woodruff,605540,"Final     1 2 3 4 5 6 7 8 9  R   H   E  
Nationals 0 1 0 1 0 0 0 2 1  5   11  0  
Brewers   0 0 0 3 0 0 0 0 3  6   9   0  "
777137,2025-07-12,Rangers,Astros,1,1,False,False,False,2,Jacob deGrom,594798,Framber Valdez,664285,"Final   1 2 3 4 5 6 7 8 9 1011 R   H   E  
Rangers 1 0 0 0 0 0 0 1 1 0 1  4   8   0  
Astros  1 0 0 1 0 0 1 0 0 0 2  5   7   1  "
777126,2025-07-12,Phillies,Padres,0,0,True,True,True,0,Zack Wheeler,554430,Yu Darvish,506433,"Final    1 2 3 4 5 6 7 8 9  R   H   E  
Phillies 0 2 0 0 2 0 0 0 0  4   9   0  
Padres   0 3 0 0 0 1 1 0 0  5   8   2  "
777131,2025-07-12,D-backs,Angels,0,1,False,True,False,1,Zac Gallen,668678,Yusei Kikuchi,579328,"Final   1 2 3 4 5 6 7 8 9  R   H   E  
D-backs 0 1 0 1 0 1 0 2 0  5   8   0  
Angels  1 0 0 3 2 0 0 4 0  10  15  0  "
777132,2025-07-12,Blue Jays,Athletics,0,0,True,True,True,0,Kevin Gausman,592332,Jacob Lopez,682052,"Final     1 2 3 4 5 6 7 8 9  R   H   E  
Blue Jays 0 1 1 0 0 0 0 1 0  3   6   3  
Athletics 0 0 2 0 2 0 0 0 0  4   8   0  "
777130,2025-07-13,Rays,Red Sox,0,0,True,True,True,0,Ryan Pepiot,686752,Brayan Bello,678394,"Final   1 2 3 4 5 6 7 8 9  R   H   E  
Rays    0 0 0 1 0 0 0 0 0  1   8   1  
Red Sox 0 0 1 0 0 3 0 0 0  4   8   1  "
777129,2025-07-13,Marlins,Orioles,0,0,True,True,True,0,Eury Pérez,691587,Brandon Young,687064,"Final   1 2 3 4 5 6 7 8 9  R   H   E  
Marlins 0 1 4 0 2 0 1 3 0  11  18  0  
Orioles 0 0 0 0 0 0 0 1 0  1   5   0  "
777122,2025-07-13,Cubs,Yankees,1,0,False,False,True,1,Shota Imanaga,684007,Will Warren,701542,"Final   1 2 3 4 5 6 7 8 9  R   H   E  
Cubs    1 0 0 0 0 2 1 0 0  4   10  0  
Yankees 0 1 0 0 0 0 0 0 0  1   2   0  "
777128,2025-07-13,Rockies,Reds,0,1,False,True,False,1,Austin Gomber,596295,Nick Martinez,607259,"Final   1 2 3 4 5 6 7 8 9  R   H   E  
Rockies 0 0 2 0 0 0 0 0 0  2   7   1  
Reds    1 0 1 0 1 0 1 0 0  4   11  0  "
777121,2025-07-13,Mariners,Tigers,0,2,False,True,False,2,Logan Gilbert,669302,Jack Flaherty,656427,"Final    1 2 3 4 5 6 7 8 9  R   H   E  
Mariners 0 0 1 1 0 0 1 1 4  8   10  1  
Tigers   2 0 0 0 0 0 2 0 0  4   8   1  "
777124,2025-07-13,Mets,Royals,0,0,True,True,True,0,Clay Holmes,605280,Noah Cameron,702070,"Final  1 2 3 4 5 6 7 8 9  R   H   E  
Mets   0 0 0 0 0 0 0 0 2  2   9   0  
Royals 0 2 0 0 0 0 0 0 1  3   10  0  "
777125,2025-07-13,Rangers,Astros,0,0,True,True,True,0,Nathan Eovaldi,543135,Hunter Brown,686613,"Final   1 2 3 4 5 6 7 8 9  R   H   E  
Rangers 0 2 1 1 0 0 0 1 0  5   8   0  
Astros  0 0 0 0 0 1 0 0 0  1   6   0  "
777113,2025-07-13,Pirates,Twins,0,0,True,True,True,0,Mitch Keller,656605,Simeon Woods Richardson,680573,"Final   1 2 3 4 5 6 7 8 9  R   H   E  
Pirates 0 1 0 0 0 0 0 0 1  2   10  0  
Twins   0 0 1 0 0 0 0 0 0  1   7   0  "
777120,2025-07-13,Guardians,White Sox,0,0,True,True,True,0,Joey Cantillo,676282,Aaron Civale,650644,"Final     1 2 3 4 5 6 7 8 9 10 R   H   E  
Guardians 0 0 0 0 0 4 0 1 0 1  6   5   0  
White Sox 0 0 0 1 2 1 0 1 0 0  5   9   1  "
777123,2025-07-13,Nationals,Brewers,0,0,True,True,True,0,Jake Irvin,663623,Freddy Peralta,642547,"Final     1 2 3 4 5 6 7 8 9  R   H   E  
Nationals 0 0 0 0 0 0 1 0 0  1   4   1  
Brewers   0 3 0 0 0 0 0 5 0  8   9   2  "
777118,2025-07-13,Braves,Cardinals,0,0,True,True,True,0,Davis Daniel,669721,Sonny Gray,543243,"Final     1 2 3 4 5 6 7 8 9  R   H   E  
Braves    0 0 1 0 2 0 1 0 0  4   9   0  
Cardinals 0 1 0 0 2 2 0 0 0  5   8   2  "
777119,2025-07-13,Dodgers,Giants,0,0,True,True,True,0,Yoshinobu Yamamoto,808967,Robbie Ray,592662,"Final   1 2 3 4 5 6 7 8 9 1011 R   H   E  
Dodgers 0 0 0 1 1 0 0 0 0 0 3  5   6   0  
Giants  0 0 0 0 0 0 0 0 2 0 0  2   5   0  "
777116,2025-07-13,Blue Jays,Athletics,0,0,True,True,True,0,José Berríos,621244,Jeffrey Springs,605488,"Final     1 2 3 4 5 6 7 8 9  R   H   E  
Blue Jays 0 0 0 0 1 0 2 0 0  3   4   3  
Athletics 0 2 2 0 2 0 0 0 0  6   8   0  "
777115,2025-07-13,D-backs,Angels,0,0,True,True,True,0,Merrill Kelly,518876,José Soriano,667755,"Final   1 2 3 4 5 6 7 8 9  R   H   E  
D-backs 0 0 0 4 1 0 0 0 0  5   7   0  
Angels  0 0 1 0 0 0 0 0 0  1   3   3  "
777117,2025-07-13,Phillies,Padres,1,0,False,False,True,1,Cristopher Sánchez,650911,Nick Pivetta,601713,"Final    1 2 3 4 5 6 7 8 9  R   H   E  
Phillies 1 0 0 0 0 0 0 1 0  2   6   0  
Padres   0 0 0 0 0 1 0 0 0  1   7   2  "
777101,2025-07-18,Red Sox,Cubs,3,0,False,False,True,3,Lucas Giolito,608337,Colin Rea,607067,"Final   1 2 3 4 5 6 7 8 9  R   H   E  
Red Sox 0 0 1 0 0 0 0 0 0  1   7   1  
Cubs    3 0 0 0 0 1 0 0 0  4   6   0  "
777107,2025-07-18,White Sox,Pirates,0,0,True,True,True,0,Jonathan Cannon,686563,Bailey Falter,663559,"Final     1 2 3 4 5 6 7 8 9  R   H   E  
White Sox 3 0 0 1 0 2 4 0 0  10  11  0  
Pirates   0 0 0 1 0 0 0 0 0  1   5   0  "
777112,2025-07-18,Padres,Nationals,0,0,True,True,True,0,Dylan Cease,656302,Michael Soroka,647336,"Final     1 2 3 4 5 6 7 8 9  R   H   E  
Padres    0 1 0 0 0 0 1 0 5  7   11  0  
Nationals 0 0 0 0 0 0 0 2 0  2   9   0  "
777106,2025-07-18,Angels,Phillies,0,1,False,True,False,1,Ryan Zeferjahn,666171,Jesús Luzardo,666200,"Final    1 2 3 4 5 6 7 8 9  R   H   E  
Angels   0 1 0 2 1 0 2 0 0  6   10  0  
Phillies 1 0 3 0 0 0 0 1 0  5   7   0  "
777108,2025-07-18,Giants,Blue Jays,0,0,True,True,True,0,Justin Verlander,434378,Chris Bassitt,605135,"Final     1 2 3 4 5 6 7 8 9  R   H   E  
Giants    0 0 0 0 0 0 0 0 0  0   11  0  
Blue Jays 0 4 0 0 0 0 0 0 0  4   10  0  "
777111,2025-07-18,Reds,Mets,0,1,False,True,False,1,Nick Lodolo,666157,Sean Manaea,640455,"Final 1 2 3 4 5 6 7 8 9  R   H   E  
Reds  0 0 0 1 2 3 1 1 0  8   8   1  
Mets  1 1 0 0 0 0 0 0 2  4   7   0  "
777105,2025-07-18,Athletics,Guardians,0,0,True,True,True,0,JP Sears,676664,Slade Cecconi,677944,"Final     1 2 3 4 5 6 7 8 9  R   H   E  
Athletics 0 0 0 0 1 1 1 0 3  6   9   1  
Guardians 0 1 4 2 1 0 0 0 0  8   9   0  "
777109,2025-07-18,Royals,Marlins,0,3,False,True,False,3,Seth Lugo,607625,Sandy Alcantara,645261,"Final   1 2 3 4 5 6 7 8 9 10 R   H   E  
Royals  0 0 0 4 0 0 0 0 1 2  7   11  0  
Marlins 3 0 2 0 0 0 0 0 0 3  8   11  0  "
777114,2025-07-18,Yankees,Braves,0,3,False,True,False,3,Ian Hamilton,641656,Spencer Strider,675911,"Final   1 2 3 4 5 6 7 8 9  R   H   E  
Yankees 0 0 0 0 0 0 3 0 0  3   8   0  
Braves  3 0 3 1 0 0 0 0 0  7   9   1  "
777110,2025-07-18,Orioles,Rays,0,3,False,True,False,3,Charlie Morton,450203,Taj Bradley,671737,"Final   1 2 3 4 5 6 7 8 9  R   H   E  
Orioles 0 0 0 0 0 0 0 0 1  1   5   1  
Rays    3 1 1 0 0 6 0 0 0  11  13  0  "
777098,2025-07-18,Tigers,Rangers,0,0,True,True,True,0,Reese Olson,681857,Patrick Corbin,571578,"Final   1 2 3 4 5 6 7 8 9  R   H   E  
Tigers  0 0 0 0 0 0 0 0 0  0   4   1  
Rangers 0 0 0 0 0 0 0 2 0  2   4   0  "
777102,2025-07-18,Twins,Rockies,0,4,False,True,False,4,Chris Paddack,663978,Kyle Freeland,607536,"Final   1 2 3 4 5 6 7 8 9  R   H   E  
Twins   0 0 0 0 1 0 3 0 0  4   10  0  
Rockies 4 1 0 0 0 1 0 0 0  6   13  0  "
777100,2025-07-18,Cardinals,D-backs,0,0,True,True,True,0,Andre Pallante,669467,Brandon Pfaadt,694297,"Final     1 2 3 4 5 6 7 8 9  R   H   E  
Cardinals 0 0 0 0 0 0 0 0 3  3   10  1  
D-backs   0 3 2 0 1 0 1 0 0  7   11  0  "
777099,2025-07-18,Astros,Mariners,0,0,True,True,True,0,Brandon Walter,687888,Luis Castillo,622491,"Final    1 2 3 4 5 6 7 8 9  R   H   E  
Astros   0 0 0 0 0 0 0 1 0  1   4   0  
Mariners 0 0 0 1 0 0 1 4 0  6   6   1  "
777103,2025-07-18,Brewers,Dodgers,0,0,True,True,True,0,Quinn Priester,682990,Tyler Glasnow,607192,"Final   1 2 3 4 5 6 7 8 9  R   H   E  
Brewers 0 0 0 0 1 0 1 0 0  2   9   0  
Dodgers 0 0 0 0 0 0 0 0 0  0   3   0  "
777094,2025-07-19,Giants,Blue Jays,0,0,True,True,True,0,Logan Webb,657277,Eric Lauer,641778,"Final     1 2 3 4 5 6 7 8 9  R   H   E  
Giants    0 0 0 0 1 1 1 0 0  3   4   0  
Blue Jays 0 0 0 0 0 4 0 2 0  6   14  0  "
777092,2025-07-19,Reds,Mets,0,1,False,True,False,1,Nick Martinez,607259,Clay Holmes,605280,"Final 1 2 3 4 5 6 7 8 9  R   H   E  
Reds  0 0 2 1 0 2 0 0 0  5   8   1  
Mets  1 1 0 0 0 0 0 0 0  2   7   1  "
777093,2025-07-19,Royals,Marlins,0,1,False,True,False,1,Michael Wacha,608379,Cal Quantrill,615698,"Final   1 2 3 4 5 6 7 8 9  R   H   E  
Royals  0 0 0 0 0 0 0 1 0  1   3   0  
Marlins 1 0 0 0 0 0 0 2 0  3   6   0  "
777089,2025-07-19,Angels,Phillies,0,1,False,True,False,1,Yusei Kikuchi,579328,Taijuan Walker,592836,"Final    1 2 3 4 5 6 7 8 9  R   H   E  
Angels   0 0 0 3 0 1 1 0 0  5   12  0  
Phillies 1 0 0 0 1 5 0 2 0  9   9   0  "
777090,2025-07-19,White Sox,Pirates,0,0,True,True,True,0,Adrian Houser,605288,Mike Burrows,681347,"Final     1 2 3 4 5 6 7 8 9  R   H   E  
White Sox 0 0 0 0 2 6 2 0 0  10  13  0  
Pirates   0 0 0 3 1 0 0 0 0  4   13  1  "
777091,2025-07-19,Padres,Nationals,0,0,True,True,True,0,Yu Darvish,506433,Mitchell Parker,680730,"Final     1 2 3 4 5 6 7 8 9  R   H   E  
Padres    0 0 2 0 0 0 0 0 0  2   6   0  
Nationals 0 2 0 0 1 1 0 0 0  4   6   1  "
777095,2025-07-19,Orioles,Rays,2,0,False,False,True,2,Dean Kremer,665152,Zack Littell,641793,"Final   1 2 3 4 5 6 7 8 9  R   H   E  
Orioles 2 0 0 0 0 0 0 0 1  3   11  1  
Rays    0 0 0 0 0 0 1 3 0  4   5   0  "
777088,2025-07-19,Tigers,Rangers,0,0,True,True,True,0,Keider Montero,672456,Kumar Rocker,677958,"Final   1 2 3 4 5 6 7 8 9  R   H   E  
Tigers  0 0 0 0 0 0 0 0 1  1   3   0  
Rangers 0 3 0 0 1 0 0 0 0  4   4   0  "
777104,2025-07-19,Athletics,Guardians,0,0,True,True,True,0,Luis Severino,622663,Logan Allen,671106,"Final     1 2 3 4 5 6 7 8 9  R   H   E  
Athletics 0 0 0 3 0 0 0 2 3  8   14  0  
Guardians 0 0 2 0 0 0 0 0 0  2   3   0  "
777096,2025-07-19,Red Sox,Cubs,2,0,False,False,True,2,Brayan Bello,678394,Shota Imanaga,684007,"Final   1 2 3 4 5 6 7 8 9  R   H   E  
Red Sox 0 0 0 0 0 0 0 0 0  0   6   0  
Cubs    2 1 0 0 0 0 1 2 0  6   11  1  "
777081,2025-07-19,Cardinals,D-backs,0,3,False,True,False,3,Sonny Gray,543243,Ryne Nelson,669194,"Final     1 2 3 4 5 6 7 8 9  R   H   E  
Cardinals 0 0 0 0 0 1 0 0 0  1   7   2  
D-backs   3 2 1 3 0 0 0 1 0  10  13  1  "
777097,2025-07-19,Yankees,Braves,0,0,True,True,True,0,Will Warren,701542,Joey Wentz,666214,"Final   1 2 3 4 5 6 7 8 9  R   H   E  
Yankees 0 0 0 0 2 4 1 1 4  12  11  0  
Braves  0 0 1 4 2 1 0 0 1  9   10  1  "
777080,2025-07-19,Twins,Rockies,0,0,True,True,True,0,Zebby Matthews,805673,Antonio Senzatela,622608,"Final   1 2 3 4 5 6 7 8 9  R   H   E  
Twins   0 3 0 0 0 0 0 2 1  6   8   1  
Rockies 0 1 2 0 3 2 0 2 0  10  15  0  "
777085,2025-07-19,Brewers,Dodgers,0,0,True,True,True,0,Freddy Peralta,642547,Emmet Sheehan,686218,"Final   1 2 3 4 5 6 7 8 9  R   H   E  
Brewers 0 0 4 1 0 1 1 1 0  8   13  0  
Dodgers 0 0 4 0 0 1 0 2 0  7   10  1  "
777086,2025-07-19,Astros,Mariners,0,0,True,True,True,0,Lance McCullers Jr.,621121,Logan Evans,688138,"Final    1 2 3 4 5 6 7 8 9 1011 R   H   E  
Astros   0 0 1 0 1 3 0 0 0 1 0  6   12  1  
Mariners 0 1 3 0 0 0 0 1 0 1 1  7   7   1  "
777079,2025-07-20,Giants,Blue Jays,1,0,False,False,True,1,Robbie Ray,592662,José Berríos,621244,"Final     1 2 3 4 5 6 7 8 9  R   H   E  
Giants    1 0 0 0 1 4 0 0 0  6   12  0  
Blue Jays 1 0 2 0 4 1 0 0 0  8   9   0  "
777076,2025-07-20,Orioles,Rays,1,0,False,False,True,1,Trevor Rogers,669432,Ryan Pepiot,686752,"Final   1 2 3 4 5 6 7 8 9  R   H   E  
Orioles 1 0 3 0 0 1 0 0 0  5   9   1  
Rays    0 0 1 1 0 0 0 0 1  3   7   0  "
777077,2025-07-20,Padres,Nationals,5,0,False,False,True,5,Nick Pivetta,601713,MacKenzie Gore,669022,"Final     1 2 3 4 5 6 7 8 9  R   H   E  
Padres    5 1 2 0 0 0 0 0 0  8   13  1  
Nationals 0 0 0 0 1 0 0 0 0  1   6   0  "
777078,2025-07-20,Angels,Phillies,0,0,True,True,True,0,José Soriano,667755,Ranger Suárez,624133,"Final    1 2 3 4 5 6 7 8 9  R   H   E  
Angels   0 5 0 1 0 1 1 0 0  8   14  1  
Phillies 0 1 0 0 0 1 0 0 0  2   6   1  "
777074,2025-07-20,White Sox,Pirates,0,0,True,True,True,0,Aaron Civale,650644,Andrew Heaney,571760,"Final     1 2 3 4 5 6 7 8 9  R   H   E  
White Sox 4 0 0 1 2 0 0 0 0  7   10  1  
Pirates   0 1 0 0 0 0 0 0 1  2   4   1  "
777083,2025-07-20,Yankees,Braves,2,0,False,False,True,2,Marcus Stroman,573186,Grant Holmes,656550,"Final   1 2 3 4 5 6 7 8 9  R   H   E  
Yankees 2 0 0 0 0 1 1 0 0  4   9   0  
Braves  0 0 0 0 0 1 0 0 1  2   7   0  "
777087,2025-07-20,Reds,Mets,1,0,False,False,True,1,Andrew Abbott,671096,David Peterson,656849,"Final 1 2 3 4 5 6 7 8 9  R   H   E  
Reds  1 0 0 0 0 0 0 1 0  2   7   0  
Mets  0 0 1 0 1 0 0 1 0  3   7   1  "
777084,2025-07-20,Athletics,Guardians,0,1,False,True,False,1,Jeffrey Springs,605488,Gavin Williams,668909,"Final     1 2 3 4 5 6 7 8 9  R   H   E  
Athletics 0 0 0 0 1 0 0 1 0  2   7   0  
Guardians 1 1 0 3 0 0 1 2 0  8   12  0  "
777082,2025-07-20,Royals,Marlins,0,0,True,True,True,0,Kris Bubic,663460,Janson Junk,676083,"Final   1 2 3 4 5 6 7 8 9  R   H   E  
Royals  0 0 0 3 3 0 0 1 0  7   9   2  
Marlins 0 0 0 0 0 0 0 0 4  4   7   2  "
777075,2025-07-20,Red Sox,Cubs,0,0,True,True,True,0,Garrett Crochet,676979,Cade Horton,690990,"Final   1 2 3 4 5 6 7 8 9  R   H   E  
Red Sox 0 0 0 0 0 0 2 4 0  6   7   1  
Cubs    0 1 0 0 0 0 0 0 0  1   8   0  "
777072,2025-07-20,Twins,Rockies,0,0,True,True,True,0,Joe Ryan,657746,Germán Márquez,608566,"Final   1 2 3 4 5 6 7 8 9  R   H   E  
Twins   0 0 3 1 0 1 0 1 1  7   12  0  
Rockies 0 0 1 0 0 0 0 0 0  1   6   1  "
777067,2025-07-20,Astros,Mariners,0,0,True,True,True,0,Hunter Brown,686613,Bryan Woo,693433,"Final    1 2 3 4 5 6 7 8 9  R   H   E  
Astros   0 0 0 0 3 2 4 2 0  11  13  0  
Mariners 0 0 2 1 0 0 0 0 0  3   10  1  "
777071,2025-07-20,Cardinals,D-backs,0,4,False,True,False,4,Miles Mikolas,571945,Merrill Kelly,518876,"Final     1 2 3 4 5 6 7 8 9  R   H   E  
Cardinals 0 0 1 0 1 0 0 0 1  3   7   0  
D-backs   4 0 1 0 0 0 0 0 0  5   7   0  "
777070,2025-07-20,Brewers,Dodgers,0,0,True,True,True,0,Jose Quintana,500779,Clayton Kershaw,477132,"Final   1 2 3 4 5 6 7 8 9  R   H   E  
Brewers 0 0 0 3 0 3 0 0 0  6   11  1  
Dodgers 0 0 3 0 1 0 0 0 1  5   6   3  "
777073,2025-07-20,Tigers,Rangers,0,0,True,True,True,0,Tarik Skubal,669373,Jacob Latz,656641,"Final   1 2 3 4 5 6 7 8 9  R   H   E  
Tigers  0 1 0 0 0 0 0 1 0  2   9   0  
Rangers 0 0 0 0 0 0 1 0 0  1   4   0  "
777068,2025-07-21,Orioles,Guardians,3,3,False,False,False,6,Tomoyuki Sugano,608372,Tanner Bibee,676440,"Final     1 2 3 4 5 6 7 8 9  R   H   E  
Orioles   3 0 2 0 0 0 0 0 0  5   6   2  
Guardians 3 0 0 1 1 1 4 0 0  10  14  1  "
777060,2025-07-21,Tigers,Pirates,0,0,True,True,True,0,Jack Flaherty,656427,Paul Skenes,694973,"Final   1 2 3 4 5 6 7 8 9  R   H   E  
Tigers  0 0 0 0 0 0 0 0 0  0   5   0  
Pirates 0 3 0 0 0 0 0 0 0  3   9   0  "
777062,2025-07-21,Padres,Marlins,0,0,True,True,True,0,Randy Vásquez,681190,Eury Pérez,691587,"Final   1 2 3 4 5 6 7 8 9  R   H   E  
Padres  0 2 0 0 0 0 0 0 0  2   5   0  
Marlins 0 0 0 1 0 0 0 0 0  1   9   0  "
777064,2025-07-21,Reds,Nationals,0,4,False,True,False,4,Brady Singer,663903,Jake Irvin,663623,"Final     1 2 3 4 5 6 7 8 9  R   H   E  
Reds      0 0 0 5 1 0 0 0 2  8   9   0  
Nationals 4 0 3 1 0 2 0 0 0  10  15  0  "
777063,2025-07-21,Red Sox,Phillies,0,0,True,True,True,0,Walker Buehler,621111,Zack Wheeler,554430,"Final    1 2 3 4 5 6 7 8 9 10 R   H   E  
Red Sox  1 0 0 0 0 1 0 0 0 0  2   8   1  
Phillies 0 0 0 2 0 0 0 0 0 1  3   7   0  "
777066,2025-07-21,Yankees,Blue Jays,0,0,True,True,True,0,Carlos Rodón,607074,Kevin Gausman,592332,"Final     1 2 3 4 5 6 7 8 9  R   H   E  
Yankees   0 0 0 1 0 0 0 0 0  1   5   2  
Blue Jays 0 0 0 0 4 0 0 0 0  4   6   1  "
777061,2025-07-21,Angels,Mets,0,0,True,True,True,0,Tyler Anderson,542881,Kodai Senga,673540,"Final  1 2 3 4 5 6 7 8 9  R   H   E  
Angels 0 1 3 0 0 0 1 0 0  5   9   1  
Mets   0 0 0 2 0 0 3 2 0  7   6   1  "
777069,2025-07-21,Giants,Braves,1,5,False,False,False,6,Hayden Birdsong,806185,Bryce Elder,693821,"Final  1 2 3 4 5 6 7 8 9  R   H   E  
Giants 1 1 0 0 1 0 1 0 1  5   12  2  
Braves 5 0 0 3 0 1 0 0 0  9   8   0  "
777059,2025-07-21,White Sox,Rays,0,0,True,True,True,0,Sean Burke,680732,Shane Baz,669358,"Final     1 2 3 4 5 6 7 8 9  R   H   E  
White Sox 0 3 3 0 2 0 0 0 0  8   11  2  
Rays      0 0 0 2 0 0 1 0 0  3   5   0  "
777065,2025-07-21,Royals,Cubs,0,0,True,True,True,0,Noah Cameron,702070,Ryan Brasier,518489,"Final  1 2 3 4 5 6 7 8 9  R   H   E  
Royals 0 1 0 2 4 0 1 4 0  12  14  0  
Cubs   0 4 0 0 0 0 0 0 0  4   9   1  "
777057,2025-07-21,Athletics,Rangers,0,0,True,True,True,0,Jacob Lopez,682052,Jack Leiter,683004,"Final     1 2 3 4 5 6 7 8 9  R   H   E  
Athletics 0 0 0 1 0 1 0 0 0  2   5   0  
Rangers   0 0 1 0 4 0 2 0 0  7   7   0  "
777053,2025-07-21,Cardinals,Rockies,0,0,True,True,True,0,Michael McGreevy,700241,Austin Gomber,596295,"Final     1 2 3 4 5 6 7 8 9  R   H   E  
Cardinals 0 0 0 2 1 2 1 0 0  6   15  1  
Rockies   0 0 2 0 0 0 0 0 0  2   8   0  "
777055,2025-07-21,Astros,D-backs,0,1,False,True,False,1,Colton Gordon,676467,Zac Gallen,668678,"Final   1 2 3 4 5 6 7 8 9  R   H   E  
Astros  0 3 1 0 0 0 2 0 0  6   10  1  
D-backs 1 0 1 0 1 0 0 0 0  3   8   0  "
777050,2025-07-21,Brewers,Mariners,0,0,True,True,True,0,Brandon Woodruff,605540,George Kirby,669923,"Final    1 2 3 4 5 6 7 8 9  R   H   E  
Brewers  0 0 0 0 0 4 0 2 0  6   10  0  
Mariners 0 0 0 0 0 0 0 0 0  0   5   1  "
777051,2025-07-21,Twins,Dodgers,1,2,False,False,False,3,David Festa,701581,Shohei Ohtani,660271,"Final   1 2 3 4 5 6 7 8 9  R   H   E  
Twins   1 0 0 0 0 0 0 0 1  2   9   1  
Dodgers 2 0 0 1 0 1 1 0 0  5   7   0  "
777056,2025-07-22,Orioles,Guardians,0,1,False,True,False,1,Brandon Young,687064,Joey Cantillo,676282,"Final     1 2 3 4 5 6 7 8 9  R   H   E  
Orioles   0 0 0 0 1 1 1 0 0  3   7   0  
Guardians 1 0 1 0 1 2 1 0 0  6   7   0  "
777044,2025-07-22,Tigers,Pirates,0,0,True,True,True,0,Casey Mize,663554,Mitch Keller,656605,"Final   1 2 3 4 5 6 7 8 9  R   H   E  
Tigers  0 0 0 0 3 0 0 2 0  5   10  3  
Pirates 0 2 1 2 0 3 0 0 0  8   14  0  "
777052,2025-07-22,Padres,Marlins,0,2,False,True,False,2,Stephen Kolek,663568,Edward Cabrera,665795,"Final   1 2 3 4 5 6 7 8 9  R   H   E  
Padres  0 0 1 0 0 0 0 0 2  3   7   1  
Marlins 2 0 0 0 0 1 0 1 0  4   11  0  "
777042,2025-07-22,Reds,Nationals,0,0,True,True,True,0,Chase Burns,695505,Brad Lord,695418,"Final     1 2 3 4 5 6 7 8 9  R   H   E  
Reds      0 0 0 1 0 0 0 0 0  1   10  1  
Nationals 0 0 0 1 2 3 0 0 0  6   7   0  "
777045,2025-07-22,Red Sox,Phillies,2,0,False,False,True,2,Richard Fitts,690916,Cristopher Sánchez,650911,"Final    1 2 3 4 5 6 7 8 9  R   H   E  
Red Sox  0 0 0 1 0 0 0 0 0  1   4   1  
Phillies 2 2 0 0 0 0 0 0 0  4   7   0  "
777048,2025-07-22,White Sox,Rays,0,0,True,True,True,0,Davis Martin,663436,Drew Rasmussen,656876,"Final     1 2 3 4 5 6 7 8 9  R   H   E  
White Sox 0 0 0 2 0 0 1 0 0  3   6   1  
Rays      0 4 0 0 0 0 0 0 0  4   5   0  "
777046,2025-07-22,Yankees,Blue Jays,3,0,False,False,True,3,Cam Schlittler,693645,Max Scherzer,453286,"Final     1 2 3 4 5 6 7 8 9  R   H   E  
Yankees   3 0 0 0 1 0 0 0 1  5   6   1  
Blue Jays 1 0 0 0 1 2 0 0 0  4   11  0  "
777054,2025-07-22,Angels,Mets,0,0,True,True,True,0,Kyle Hendricks,543294,Frankie Montas,593423,"Final  1 2 3 4 5 6 7 8 9  R   H   E  
Angels 0 1 0 0 1 0 0 0 0  2   11  2  
Mets   0 0 0 0 3 0 0 0 0  3   5   0  "
777058,2025-07-22,Giants,Braves,0,0,True,True,True,0,Landen Roupp,694738,Davis Daniel,669721,"Final  1 2 3 4 5 6 7 8 9  R   H   E  
Giants 0 4 0 0 1 0 4 0 0  9   10  0  
Braves 0 0 0 0 0 0 0 0 0  0   8   0  "
777047,2025-07-22,Royals,Cubs,0,0,True,True,True,0,Rich Hill,448179,Matthew Boyd,571510,"Final  1 2 3 4 5 6 7 8 9  R   H   E  
Royals 0 0 0 0 0 0 0 0 0  0   6   3  
Cubs   0 2 0 0 1 0 3 0 0  6   9   0  "
777043,2025-07-22,Athletics,Rangers,1,0,False,False,True,1,J.T. Ginn,669372,Jacob deGrom,594798,"Final     1 2 3 4 5 6 7 8 9  R   H   E  
Athletics 1 0 0 0 0 0 0 1 0  2   7   0  
Rangers   0 0 0 1 0 1 4 0 0  6   10  1  "
777049,2025-07-22,Cardinals,Rockies,0,1,False,True,False,1,Erick Fedde,607200,Bradley Blalock,687134,"Final     1 2 3 4 5 6 7 8 9  R   H   E  
Cardinals 0 0 0 2 0 0 1 1 0  4   11  1  
Rockies   1 2 3 0 1 0 0 1 0  8   11  0  "
777040,2025-07-22,Astros,D-backs,0,0,True,True,True,0,Framber Valdez,664285,Eduardo Rodriguez,593958,"Final   1 2 3 4 5 6 7 8 9  R   H   E  
Astros  0 0 0 0 0 0 0 2 1  3   10  0  
D-backs 0 0 0 0 1 0 0 0 0  1   10  2  "
777035,2025-07-22,Brewers,Mariners,0,0,True,True,True,0,Jacob Misiorowski,694819,Logan Gilbert,669302,"Final    1 2 3 4 5 6 7 8 9  R   H   E  
Brewers  0 0 0 0 0 0 0 0 0  0   3   0  
Mariners 0 0 0 0 0 1 0 0 0  1   4   0  "
777039,2025-07-22,Twins,Dodgers,0,0,True,True,True,0,Simeon Woods Richardson,680573,Yoshinobu Yamamoto,808967,"Final   1 2 3 4 5 6 7 8 9  R   H   E  
Twins   0 3 0 0 0 3 3 0 1  10  10  0  
Dodgers 0 0 0 3 0 2 0 0 2  7   8   2  "
777026,2025-07-23,Reds,Nationals,0,0,True,True,True,0,Nick Lodolo,666157,Michael Soroka,647336,"Final     1 2 3 4 5 6 7 8 9  R   H   E  
Reds      0 0 0 1 0 0 0 2 2  5   8   1  
Nationals 0 0 0 0 0 0 0 0 0  0   4   1  "
777037,2025-07-23,Padres,Marlins,0,1,False,True,False,1,Dylan Cease,656302,Sandy Alcantara,645261,"Final   1 2 3 4 5 6 7 8 9  R   H   E  
Padres  0 0 0 1 0 0 0 1 0  2   7   1  
Marlins 1 0 0 0 2 0 0 0 0  3   5   1  "
777041,2025-07-23,Giants,Braves,0,0,True,True,True,0,Justin Verlander,434378,Spencer Strider,675911,"Final  1 2 3 4 5 6 7 8 9  R   H   E  
Giants 0 0 0 0 3 3 3 0 0  9   10  0  
Braves 0 0 0 0 0 0 3 0 0  3   7   0  "
777029,2025-07-23,Tigers,Pirates,0,1,False,True,False,1,Troy Melton,675512,Bailey Falter,663559,"Final   1 2 3 4 5 6 7 8 9  R   H   E  
Tigers  0 0 0 0 0 0 1 0 0  1   5   0  
Pirates 1 4 1 0 0 0 0 0 0  6   8   0  "
777034,2025-07-23,Angels,Mets,0,1,False,True,False,1,Brock Burke,656271,Sean Manaea,640455,"Final  1 2 3 4 5 6 7 8 9  R   H   E  
Angels 0 0 1 0 0 0 2 0 0  3   5   0  
Mets   1 0 4 1 0 0 0 0 0  6   10  0  "
777031,2025-07-23,Royals,Cubs,2,0,False,False,True,2,Seth Lugo,607625,Colin Rea,607067,"Final  1 2 3 4 5 6 7 8 9  R   H   E  
Royals 2 0 2 0 2 2 0 0 0  8   8   0  
Cubs   0 1 1 0 0 0 1 1 0  4   7   2  "
777028,2025-07-23,Cardinals,Rockies,0,0,True,True,True,0,Andre Pallante,669467,Tanner Gordon,685299,"Final     1 2 3 4 5 6 7 8 9  R   H   E  
Cardinals 0 0 0 0 0 0 0 0 0  0   5   0  
Rockies   0 4 0 0 1 0 0 1 0  6   12  0  "
777032,2025-07-23,Astros,D-backs,0,1,False,True,False,1,Brandon Walter,687888,Brandon Pfaadt,694297,"Final   1 2 3 4 5 6 7 8 9  R   H   E  
Astros  0 0 0 0 0 2 0 1 1  4   11  0  
D-backs 1 0 0 0 0 0 0 2 0  3   9   1  "
777024,2025-07-23,Brewers,Mariners,0,0,True,True,True,0,Quinn Priester,682990,Luis Castillo,622491,"Final    1 2 3 4 5 6 7 8 9  R   H   E  
Brewers  0 2 0 3 1 1 3 0 0  10  17  0  
Mariners 0 2 0 0 0 0 0 0 0  2   7   1  "
777022,2025-07-23,Twins,Dodgers,0,1,False,True,False,1,Chris Paddack,663978,Tyler Glasnow,607192,"Final   1 2 3 4 5 6 7 8 9  R   H   E  
Twins   0 0 1 0 0 0 0 2 0  3   5   0  
Dodgers 1 0 0 0 0 0 1 0 2  4   9   0  "
777036,2025-07-23,Orioles,Guardians,0,0,True,True,True,0,Zach Eflin,621107,Slade Cecconi,677944,"Final     1 2 3 4 5 6 7 8 9  R   H   E  
Orioles   0 0 0 1 0 1 0 0 0  2   5   0  
Guardians 0 0 0 2 0 0 0 1 0  3   4   0  "
777027,2025-07-23,Yankees,Blue Jays,0,0,True,True,True,0,Max Fried,608331,Chris Bassitt,605135,"Final     1 2 3 4 5 6 7 8 9  R   H   E  
Yankees   0 1 0 0 1 2 0 0 0  4   5   4  
Blue Jays 0 0 0 2 2 2 2 0 0  8   10  1  "
777038,2025-07-23,Red Sox,Phillies,3,0,False,False,True,3,Lucas Giolito,608337,Jesús Luzardo,666200,"Final    1 2 3 4 5 6 7 8 9 1011 R   H   E  
Red Sox  0 0 0 0 6 0 0 0 0 1 2  9   7   0  
Phillies 3 0 1 1 0 0 0 1 0 1 1  8   11  0  "
777030,2025-07-23,White Sox,Rays,4,0,False,False,True,4,Jonathan Cannon,686563,Taj Bradley,671737,"Final     1 2 3 4 5 6 7 8 9  R   H   E  
White Sox 0 4 0 0 0 1 0 6 0  11  11  1  
Rays      4 0 0 0 2 1 0 2 0  9   15  1  "
777033,2025-07-23,Athletics,Rangers,0,0,True,True,True,0,JP Sears,676664,Patrick Corbin,571578,"Final     1 2 3 4 5 6 7 8 9  R   H   E  
Athletics 0 0 0 0 0 1 0 0 0  1   7   0  
Rangers   0 0 1 0 0 0 1 0 0  2   4   0  "
777019,2025-07-24,Orioles,Guardians,3,0,False,False,True,3,Charlie Morton,450203,Logan Allen,671106,"Final     1 2 3 4 5 6 7 8 9  R   H   E  
Orioles   3 0 0 0 0 0 1 0 0  4   8   0  
Guardians 0 0 2 0 1 0 0 0 0  3   7   0  "
777021,2025-07-24,Blue Jays,Tigers,1,0,False,False,True,1,Eric Lauer,641778,Reese Olson,681857,"Final     1 2 3 4 5 6 7 8 9  R   H   E  
Blue Jays 0 0 0 0 0 5 4 2 0  11  15  0  
Tigers    1 0 0 0 0 0 0 0 3  4   9   0  "
777023,2025-07-24,Padres,Cardinals,2,1,False,False,False,3,Yu Darvish,506433,Sonny Gray,543243,"Final     1 2 3 4 5 6 7 8 9  R   H   E  
Padres    2 0 3 0 2 0 0 0 0  7   13  0  
Cardinals 1 6 0 1 0 1 0 0 0  9   12  1  "
777025,2025-07-24,Athletics,Astros,0,0,True,True,True,0,Luis Severino,622663,Jason Alexander,669920,"Final     1 2 3 4 5 6 7 8 9  R   H   E  
Athletics 0 1 0 2 1 1 0 0 0  5   12  0  
Astros    0 0 0 0 0 0 2 0 0  2   6   1  "
777018,2025-07-24,Mariners,Angels,0,1,False,True,False,1,Logan Evans,688138,Yusei Kikuchi,579328,"Final    1 2 3 4 5 6 7 8 9  R   H   E  
Mariners 0 0 0 0 3 0 0 1 0  4   8   0  
Angels   1 0 0 0 0 0 1 0 0  2   7   1  "
777008,2025-07-25,Marlins,Brewers,0,0,True,True,True,0,Cal Quantrill,615698,Freddy Peralta,642547,"Final   1 2 3 4 5 6 7 8 9  R   H   E  
Marlins 0 0 1 0 0 0 4 0 0  5   8   0  
Brewers 0 0 0 1 0 0 0 0 0  1   4   3  "
777014,2025-07-25,D-backs,Pirates,0,0,True,True,True,0,Ryne Nelson,669194,Mike Burrows,681347,"Final   1 2 3 4 5 6 7 8 9 1011 R   H   E  
D-backs 0 0 0 0 0 0 0 0 0 0 1  1   5   0  
Pirates 0 0 0 0 0 0 0 0 0 0 0  0   1   0  "
777020,2025-07-25,Rockies,Orioles,0,2,False,True,False,2,Kyle Freeland,607536,Dean Kremer,665152,"Final   1 2 3 4 5 6 7 8 9  R   H   E  
Rockies 0 0 1 2 2 0 0 1 0  6   7   0  
Orioles 2 2 0 0 0 0 1 0 0  5   10  0  "
777015,2025-07-25,Phillies,Yankees,0,1,False,True,False,1,Taijuan Walker,592836,Will Warren,701542,"Final    1 2 3 4 5 6 7 8 9  R   H   E  
Phillies 0 0 0 0 2 0 4 2 4  12  14  0  
Yankees  1 1 0 0 0 1 2 0 0  5   10  2  "
777012,2025-07-25,Dodgers,Red Sox,0,0,True,True,True,0,Emmet Sheehan,686218,Brayan Bello,678394,"Final   1 2 3 4 5 6 7 8 9  R   H   E  
Dodgers 0 1 2 0 0 0 0 2 0  5   10  0  
Red Sox 0 0 2 0 0 0 0 0 0  2   5   0  "
777013,2025-07-25,Rays,Reds,0,0,True,True,True,0,Zack Littell,641793,Nick Martinez,607259,"Final 1 2 3 4 5 6 7 8 9  R   H   E  
Rays  0 0 1 1 0 0 0 0 0  2   6   0  
Reds  0 1 0 2 0 2 2 0 0  7   14  0  "
777016,2025-07-25,Blue Jays,Tigers,0,0,True,True,True,0,José Berríos,621244,Keider Montero,672456,"Final     1 2 3 4 5 6 7 8 9  R   H   E  
Blue Jays 0 0 0 2 4 0 0 0 0  6   13  0  
Tigers    0 1 0 0 0 1 0 0 0  2   5   2  "
777005,2025-07-25,Padres,Cardinals,0,0,True,True,True,0,Nick Pivetta,601713,Miles Mikolas,571945,"Final     1 2 3 4 5 6 7 8 9  R   H   E  
Padres    0 0 0 0 0 0 0 0 0  0   11  1  
Cardinals 0 1 0 2 0 0 0 0 0  3   5   1  "
777017,2025-07-25,Cubs,White Sox,0,0,True,True,True,0,Shota Imanaga,684007,Adrian Houser,605288,"Final     1 2 3 4 5 6 7 8 9  R   H   E  
Cubs      0 0 0 0 0 0 3 0 2  5   9   1  
White Sox 3 2 0 4 2 0 0 1 0  12  18  0  "
777009,2025-07-25,Braves,Rangers,0,1,False,True,False,1,Joey Wentz,666214,Nathan Eovaldi,543135,"Final   1 2 3 4 5 6 7 8 9  R   H   E  
Braves  0 0 0 0 0 0 1 0 2  3   6   1  
Rangers 1 1 0 1 1 0 0 4 0  8   8   1  "
777007,2025-07-25,Athletics,Astros,3,0,False,False,True,3,Jeffrey Springs,605488,Ryan Gusto,687473,"Final     1 2 3 4 5 6 7 8 9  R   H   E  
Athletics 3 2 1 3 0 1 0 1 4  15  16  0  
Astros    0 0 0 0 2 0 0 0 1  3   6   0  "
777011,2025-07-25,Nationals,Twins,0,0,True,True,True,0,MacKenzie Gore,669022,Zebby Matthews,805673,"Final     1 2 3 4 5 6 7 8 9  R   H   E  
Nationals 0 0 0 0 0 0 0 0 0  0   3   0  
Twins     0 0 0 0 1 0 0 0 0  1   3   0  "
777006,2025-07-25,Mariners,Angels,1,2,False,False,False,3,Bryan Woo,693433,José Soriano,667755,"Final    1 2 3 4 5 6 7 8 9 10 R   H   E  
Mariners 1 0 0 0 0 1 0 0 0 0  2   6   0  
Angels   2 0 0 0 0 0 0 0 0 1  3   5   0  "
777004,2025-07-25,Mets,Giants,2,1,False,False,False,3,Clay Holmes,605280,Logan Webb,657277,"Final  1 2 3 4 5 6 7 8 9  R   H   E  
Mets   2 0 1 3 0 0 0 0 2  8   10  0  
Giants 1 0 0 0 0 0 0 0 0  1   9   0  "
777001,2025-07-26,Phillies,Yankees,1,0,False,False,True,1,Ranger Suárez,624133,Marcus Stroman,573186,"Final    1 2 3 4 5 6 7 8 9  R   H   E  
Phillies 1 0 1 2 0 1 4 0 0  9   13  0  
Yankees  0 0 0 1 0 0 2 1 0  4   9   1  "
777010,2025-07-26,Guardians,Royals,0,0,True,True,True,0,Gavin Williams,668909,Michael Wacha,608379,"Final     1 2 3 4 5 6 7 8 9 10 R   H   E  
Guardians 0 0 0 0 1 0 1 0 0 1  3   9   0  
Royals    0 0 0 2 0 0 0 0 0 3  5   6   0  "
776990,2025-07-26,Guardians,Royals,3,0,False,False,True,3,Tanner Bibee,676440,Kris Bubic,663460,"Final     1 2 3 4 5 6 7 8 9  R   H   E  
Guardians 3 0 1 2 0 0 0 0 0  6   9   0  
Royals    0 2 0 0 2 0 0 0 0  4   8   1  "
777003,2025-07-26,Blue Jays,Tigers,0,0,True,True,True,0,Kevin Gausman,592332,Tarik Skubal,669373,"Final     1 2 3 4 5 6 7 8 9  R   H   E  
Blue Jays 0 0 0 0 0 0 0 2 4  6   12  1  
Tigers    0 0 0 0 0 0 0 0 1  1   2   1  "
777002,2025-07-26,D-backs,Pirates,0,0,True,True,True,0,Merrill Kelly,518876,Andrew Heaney,571760,"Final   1 2 3 4 5 6 7 8 9  R   H   E  
D-backs 0 0 0 0 0 0 0 0 0  0   4   1  
Pirates 0 2 0 0 0 0 0 0 0  2   6   0  "
777000,2025-07-26,Rays,Reds,0,0,True,True,True,0,Ryan Pepiot,686752,Andrew Abbott,671096,"Final 1 2 3 4 5 6 7 8 9  R   H   E  
Rays  0 0 0 0 0 1 1 0 0  2   5   1  
Reds  0 0 0 0 0 2 2 2 0  6   7   1  "
776999,2025-07-26,Rockies,Orioles,0,1,False,True,False,1,Antonio Senzatela,622608,Trevor Rogers,669432,"Final   1 2 3 4 5 6 7 8 9  R   H   E  
Rockies 0 0 0 0 0 0 0 0 0  0   2   2  
Orioles 1 2 0 3 0 2 9 1 0  18  18  0  "
776993,2025-07-26,Braves,Rangers,1,0,False,False,True,1,Grant Holmes,656550,Kumar Rocker,677958,"Final   1 2 3 4 5 6 7 8 9 10 R   H   E  
Braves  1 1 0 1 0 1 0 0 1 0  5   8   0  
Rangers 0 2 2 0 0 0 0 0 1 1  6   8   0  "
776991,2025-07-26,Athletics,Astros,1,0,False,False,True,1,Jacob Lopez,682052,Hunter Brown,686613,"Final     1 2 3 4 5 6 7 8 9  R   H   E  
Athletics 1 0 0 0 0 1 0 0 3  5   7   0  
Astros    0 0 0 0 0 1 0 0 0  1   4   2  "
776997,2025-07-26,Nationals,Twins,0,0,True,True,True,0,Mitchell Parker,680730,Joe Ryan,657746,"Final     1 2 3 4 5 6 7 8 9  R   H   E  
Nationals 0 0 1 1 3 0 1 3 0  9   12  0  
Twins     0 0 0 0 0 2 0 1 0  3   12  1  "
776994,2025-07-26,Cubs,White Sox,0,0,True,True,True,0,Cade Horton,690990,Aaron Civale,650644,"Final     1 2 3 4 5 6 7 8 9  R   H   E  
Cubs      0 0 0 0 0 0 3 3 0  6   10  0  
White Sox 0 0 0 0 0 0 0 0 1  1   6   0  "
776996,2025-07-26,Marlins,Brewers,0,0,True,True,True,0,Janson Junk,676083,Jose Quintana,500779,"Final   1 2 3 4 5 6 7 8 9  R   H   E  
Marlins 0 0 1 1 3 2 0 0 0  7   11  0  
Brewers 0 1 0 2 0 0 0 0 1  4   11  1  "
776998,2025-07-26,Dodgers,Red Sox,2,0,False,False,True,2,Clayton Kershaw,477132,Garrett Crochet,676979,"Final   1 2 3 4 5 6 7 8 9  R   H   E  
Dodgers 2 0 0 0 0 0 0 0 0  2   9   0  
Red Sox 0 3 0 0 1 0 0 0 0  4   10  0  "
776992,2025-07-26,Padres,Cardinals,0,0,True,True,True,0,Randy Vásquez,681190,Matthew Liberatore,669461,"Final     1 2 3 4 5 6 7 8 9  R   H   E  
Padres    0 1 0 1 0 0 0 0 1  3   9   0  
Cardinals 0 1 0 0 0 0 0 0 0  1   3   1  "
776985,2025-07-26,Mets,Giants,0,0,True,True,True,0,David Peterson,656849,Robbie Ray,592662,"Final  1 2 3 4 5 6 7 8 9  R   H   E  
Mets   0 0 0 0 0 2 0 0 0  2   7   0  
Giants 0 0 0 1 0 0 0 0 0  1   9   2  "
776995,2025-07-26,Mariners,Angels,0,0,True,True,True,0,George Kirby,669923,Tyler Anderson,542881,"Final    1 2 3 4 5 6 7 8 9  R   H   E  
Mariners 0 0 1 1 0 4 0 1 0  7   11  0  
Angels   0 1 0 0 1 0 0 0 0  2   7   0  "
776986,2025-07-27,Rockies,Orioles,0,0,True,True,True,0,Austin Gomber,596295,Tomoyuki Sugano,608372,"Final   1 2 3 4 5 6 7 8 9  R   H   E  
Rockies 0 1 0 0 0 0 0 0 0  1   6   1  
Orioles 0 2 2 0 0 0 0 1 0  5   5   0  "
776983,2025-07-27,Dodgers,Red Sox,0,0,True,True,True,0,Dustin May,669160,Walker Buehler,621111,"Final   1 2 3 4 5 6 7 8 9  R   H   E  
Dodgers 0 0 1 2 0 0 0 0 0  3   7   1  
Red Sox 1 0 0 0 3 0 0 0 0  4   6   0  "
776984,2025-07-27,D-backs,Pirates,0,0,True,True,True,0,Zac Gallen,668678,Paul Skenes,694973,"Final   1 2 3 4 5 6 7 8 9  R   H   E  
D-backs 0 0 0 0 0 0 0 0 0  0   5   0  
Pirates 0 1 2 0 0 1 0 2 0  6   9   0  "
776988,2025-07-27,Phillies,Yankees,0,0,True,True,True,0,Zack Wheeler,554430,Carlos Rodón,607074,"Final    1 2 3 4 5 6 7 8 9  R   H   E  
Phillies 0 2 0 0 1 0 0 0 0  3   5   1  
Yankees  0 4 0 0 0 0 0 0 0  4   6   0  "
776982,2025-07-27,Rays,Reds,0,2,False,True,False,2,Shane Baz,669358,Brady Singer,663903,"Final 1 2 3 4 5 6 7 8 9  R   H   E  
Rays  0 0 0 0 0 0 0 1 0  1   3   0  
Reds  2 0 0 0 0 0 0 0 0  2   5   0  "
776987,2025-07-27,Blue Jays,Tigers,0,0,True,True,True,0,Max Scherzer,453286,Jack Flaherty,656427,"Final     1 2 3 4 5 6 7 8 9  R   H   E  
Blue Jays 0 0 0 0 0 0 0 0 4  4   10  1  
Tigers    0 0 3 0 0 0 0 7 0  10  10  0  "
776975,2025-07-27,Guardians,Royals,0,2,False,True,False,2,Joey Cantillo,676282,Noah Cameron,702070,"Final     1 2 3 4 5 6 7 8 9  R   H   E  
Guardians 0 0 0 0 0 0 1 0 0  1   7   0  
Royals    2 0 0 1 1 0 0 0 0  4   4   0  "
776976,2025-07-27,Athletics,Astros,2,0,False,False,True,2,J.T. Ginn,669372,Colton Gordon,676467,"Final     1 2 3 4 5 6 7 8 9  R   H   E  
Athletics 2 0 0 2 0 0 0 0 3  7   11  1  
Astros    0 0 0 0 0 0 0 0 1  1   7   0  "
776979,2025-07-27,Nationals,Twins,1,0,False,False,True,1,Jake Irvin,663623,Cole Sands,663485,"Final     1 2 3 4 5 6 7 8 9  R   H   E  
Nationals 1 0 1 1 4 0 0 0 0  7   11  1  
Twins     0 1 1 0 0 0 0 0 0  2   7   0  "
776989,2025-07-27,Cubs,White Sox,2,0,False,False,True,2,Ben Brown,676962,Grant Taylor,691799,"Final     1 2 3 4 5 6 7 8 9  R   H   E  
Cubs      2 0 0 0 0 2 0 1 0  5   7   1  
White Sox 1 0 0 0 0 0 0 3 0  4   8   3  "
776978,2025-07-27,Marlins,Brewers,1,0,False,False,True,1,Eury Pérez,691587,Brandon Woodruff,605540,"Final   1 2 3 4 5 6 7 8 9  R   H   E  
Marlins 1 0 0 1 0 0 0 0 0  2   6   1  
Brewers 0 0 1 0 0 0 0 1 1  3   9   0  "
776980,2025-07-27,Padres,Cardinals,2,0,False,False,True,2,Stephen Kolek,663568,Michael McGreevy,700241,"Final     1 2 3 4 5 6 7 8 9  R   H   E  
Padres    2 0 1 4 0 0 1 1 0  9   16  0  
Cardinals 0 0 0 0 0 2 0 0 0  2   6   1  "
776981,2025-07-27,Braves,Rangers,0,3,False,True,False,3,Bryce Elder,693821,Jack Leiter,683004,"Final   1 2 3 4 5 6 7 8 9  R   H   E  
Braves  0 1 0 0 0 0 0 0 0  1   4   0  
Rangers 3 2 3 0 0 0 0 0 0  8   10  0  "
776977,2025-07-27,Mariners,Angels,0,0,True,True,True,0,Logan Gilbert,669302,Kyle Hendricks,543294,"Final    1 2 3 4 5 6 7 8 9  R   H   E  
Mariners 0 0 0 0 0 0 1 0 0  1   2   0  
Angels   0 0 0 0 4 0 0 0 0  4   4   0  "
776974,2025-07-27,Mets,Giants,0,0,True,True,True,0,Kodai Senga,673540,Matt Gage,657424,"Final  1 2 3 4 5 6 7 8 9  R   H   E  
Mets   0 0 1 0 1 0 2 0 1  5   12  0  
Giants 0 0 0 1 2 0 0 0 0  3   6   0  "
776966,2025-07-28,Blue Jays,Orioles,0,0,True,True,True,0,Chris Bassitt,605135,Zach Eflin,621107,"Final     1 2 3 4 5 6 7 8 9  R   H   E  
Blue Jays 0 0 3 1 0 0 0 0 0  4   11  1  
Orioles   0 3 3 0 4 0 1 0 0  11  16  0  "
776968,2025-07-28,Rockies,Guardians,0,0,True,True,True,0,Bradley Blalock,687134,Slade Cecconi,677944,"Final     1 2 3 4 5 6 7 8 9  R   H   E  
Rockies   0 0 1 0 1 1 0 1 4  8   10  0  
Guardians 0 0 0 0 0 0 5 0 1  6   11  2  "
776973,2025-07-28,D-backs,Tigers,0,1,False,True,False,1,Eduardo Rodriguez,593958,Troy Melton,675512,"Final   1 2 3 4 5 6 7 8 9  R   H   E  
D-backs 0 0 0 0 0 0 0 1 0  1   7   1  
Tigers  1 1 0 2 0 1 0 0 0  5   10  0  "
776970,2025-07-28,Rays,Yankees,2,2,False,False,False,4,Drew Rasmussen,656876,Cam Schlittler,693645,"Final   1 2 3 4 5 6 7 8 9  R   H   E  
Rays    2 0 0 0 1 0 0 1 0  4   11  0  
Yankees 2 0 0 0 0 0 0 0 0  2   6   0  "
776967,2025-07-28,Dodgers,Reds,1,1,False,False,False,2,Yoshinobu Yamamoto,808967,Chase Burns,695505,"Final   1 2 3 4 5 6 7 8 9  R   H   E  
Dodgers 1 0 0 0 2 0 2 0 0  5   9   0  
Reds    1 0 0 0 0 0 0 0 1  2   6   1  "
776961,2025-07-28,Red Sox,Twins,0,0,True,True,True,0,Richard Fitts,690916,Simeon Woods Richardson,680573,"Final   1 2 3 4 5 6 7 8 9  R   H   E  
Red Sox 0 0 0 0 3 0 0 0 1  4   10  0  
Twins   0 0 2 0 0 1 0 0 2  5   8   1  "
776971,2025-07-28,Braves,Royals,0,2,False,True,False,2,Spencer Strider,675911,Rich Hill,448179,"Final  1 2 3 4 5 6 7 8 9  R   H   E  
Braves 0 0 2 2 0 0 1 4 1  10  9   0  
Royals 2 0 0 0 0 0 1 1 3  7   12  0  "
776972,2025-07-28,Phillies,White Sox,0,0,True,True,True,0,Cristopher Sánchez,650911,Davis Martin,663436,"Final     1 2 3 4 5 6 7 8 9  R   H   E  
Phillies  0 0 2 0 0 0 0 0 0  2   6   1  
White Sox 0 0 2 2 0 0 0 2 0  6   10  0  "
776965,2025-07-28,Cubs,Brewers,3,0,False,False,True,3,Matthew Boyd,571510,Jacob Misiorowski,694819,"Final   1 2 3 4 5 6 7 8 9  R   H   E  
Cubs    3 0 0 0 0 0 1 0 0  4   6   0  
Brewers 0 0 4 0 1 1 2 0 0  8   10  1  "
776960,2025-07-28,Marlins,Cardinals,0,0,True,True,True,0,Edward Cabrera,665795,Andre Pallante,669467,"Final     1 2 3 4 5 6 7 8 9  R   H   E  
Marlins   0 0 0 0 0 0 0 0 1  1   4   3  
Cardinals 0 0 1 1 0 0 5 0 0  7   8   0  "
776969,2025-07-28,Nationals,Astros,0,0,True,True,True,0,Brad Lord,695418,Framber Valdez,664285,"Final     1 2 3 4 5 6 7 8 9  R   H   E  
Nationals 0 0 0 0 0 1 1 0 0  2   4   0  
Astros    0 0 0 0 1 0 0 0 0  1   4   0  "
776958,2025-07-28,Rangers,Angels,0,0,True,True,True,0,Jacob deGrom,594798,Jack Kochanowicz,686799,"Final   1 2 3 4 5 6 7 8 9  R   H   E  
Rangers 0 0 0 0 2 1 0 1 0  4   6   0  
Angels  0 0 2 0 1 3 0 0 0  6   9   1  "
776959,2025-07-28,Mets,Padres,0,0,True,True,True,0,Frankie Montas,593423,Dylan Cease,656302,"Final  1 2 3 4 5 6 7 8 9  R   H   E  
Mets   0 1 0 0 4 0 0 0 1  6   6   1  
Padres 0 0 1 0 5 0 0 0 1  7   14  0  "
776964,2025-07-28,Pirates,Giants,1,1,False,False,False,2,Mitch Keller,656605,Carson Whisenhunt,687931,"Final   1 2 3 4 5 6 7 8 9  R   H   E  
Pirates 1 3 0 0 0 0 2 0 0  6   9   0  
Giants  1 2 0 1 0 0 0 0 1  5   11  0  "
776957,2025-07-28,Mariners,Athletics,0,0,True,True,True,0,Luis Castillo,622491,JP Sears,676664,"Final     1 2 3 4 5 6 7 8 9  R   H   E  
Mariners  0 1 0 1 1 0 0 0 0  3   9   0  
Athletics 0 0 0 0 0 1 0 0 0  1   7   1  "
778372,2025-07-29,Blue Jays,Orioles,2,0,False,False,True,2,Easton Lucas,687922,Charlie Morton,450203,"Final     1 2 3 4 5 6 7 8 9  R   H   E  
Blue Jays 0 0 1 2 0 0 0 1 0  4   11  0  
Orioles   2 0 2 0 0 6 4 2 0  16  19  1  "
776962,2025-07-29,Blue Jays,Orioles,0,0,True,True,True,0,Eric Lauer,641778,Brandon Young,687064,"Final     1 2 3 4 5 6 7 8 9  R   H   E  
Blue Jays 0 1 0 1 0 0 0 0 0  2   8   0  
Orioles   0 0 0 2 0 0 0 1 0  3   7   0  "
776951,2025-07-29,Rockies,Guardians,0,2,False,True,False,2,Tanner Gordon,685299,Logan Allen,671106,"Final     1 2 3 4 5 6 7 8 9  R   H   E  
Rockies   0 0 0 1 0 0 1 1 1  4   10  2  
Guardians 2 1 4 1 1 1 0 0 0  10  15  1  "
776953,2025-07-29,D-backs,Tigers,1,0,False,False,True,1,Brandon Pfaadt,694297,Casey Mize,663554,"Final   1 2 3 4 5 6 7 8 9  R   H   E  
D-backs 1 1 0 0 0 0 0 0 0  2   5   0  
Tigers  0 0 0 2 6 3 0 1 0  12  19  1  "
776949,2025-07-29,Rays,Yankees,2,0,False,False,True,2,Joe Boyle,671212,Max Fried,608331,"Final   1 2 3 4 5 6 7 8 9  R   H   E  
Rays    2 0 1 0 0 0 1 0 1  5   7   2  
Yankees 0 0 3 3 0 0 0 1 0  7   6   2  "
776963,2025-07-29,Dodgers,Reds,0,0,True,True,True,0,Tyler Glasnow,607192,Nick Lodolo,666157,"Final   1 2 3 4 5 6 7 8 9  R   H   E  
Dodgers 0 2 0 0 0 0 2 0 1  5   11  0  
Reds    0 0 0 3 1 0 0 0 0  4   6   2  "
776954,2025-07-29,Red Sox,Twins,0,0,True,True,True,0,Lucas Giolito,608337,Pierson Ohl,701487,"Final   1 2 3 4 5 6 7 8 9  R   H   E  
Red Sox 0 0 4 0 1 1 0 0 2  8   10  2  
Twins   0 0 0 0 1 0 2 0 2  5   10  2  "
776955,2025-07-29,Braves,Royals,0,1,False,True,False,1,Erick Fedde,607200,Seth Lugo,607625,"Final  1 2 3 4 5 6 7 8 9  R   H   E  
Braves 0 0 0 0 0 3 1 2 0  6   14  1  
Royals 1 3 0 0 0 5 0 0 0  9   12  0  "
776952,2025-07-29,Phillies,White Sox,0,0,True,True,True,0,Jesús Luzardo,666200,Jonathan Cannon,686563,"Final     1 2 3 4 5 6 7 8 9  R   H   E  
Phillies  0 2 4 0 0 0 0 0 0  6   9   2  
White Sox 0 0 0 0 0 0 0 0 3  3   5   0  "
776956,2025-07-29,Cubs,Brewers,0,0,True,True,True,0,Colin Rea,607067,Quinn Priester,682990,"Final   1 2 3 4 5 6 7 8 9  R   H   E  
Cubs    0 1 0 0 0 1 1 0 0  3   9   2  
Brewers 0 1 1 0 3 4 0 0 0  9   11  0  "
776946,2025-07-29,Marlins,Cardinals,0,0,True,True,True,0,Sandy Alcantara,645261,Sonny Gray,543243,"Final     1 2 3 4 5 6 7 8 9  R   H   E  
Marlins   0 2 0 0 1 2 0 0 0  5   12  0  
Cardinals 0 0 0 0 0 0 0 0 0  0   4   0  "
776950,2025-07-29,Nationals,Astros,0,1,False,True,False,1,Michael Soroka,647336,Jason Alexander,669920,"Final     1 2 3 4 5 6 7 8 9  R   H   E  
Nationals 0 0 2 0 0 0 1 1 0  4   10  0  
Astros    1 0 0 1 1 3 1 0 0  7   13  0  "
776945,2025-07-29,Rangers,Angels,0,2,False,True,False,2,Patrick Corbin,571578,Yusei Kikuchi,579328,"Final   1 2 3 4 5 6 7 8 9  R   H   E  
Rangers 0 0 0 1 1 2 0 1 0  5   14  2  
Angels  2 0 0 1 0 4 0 1 0  8   6   2  "
776947,2025-07-29,Mets,Padres,0,1,False,True,False,1,Sean Manaea,640455,Ryan Bergert,686701,"Final  1 2 3 4 5 6 7 8 9  R   H   E  
Mets   0 0 0 0 1 0 0 0 0  1   4   0  
Padres 1 0 0 0 0 1 5 0 0  7   9   0  "
776943,2025-07-29,Pirates,Giants,0,0,True,True,True,0,Bailey Falter,663559,Justin Verlander,434378,"Final   1 2 3 4 5 6 7 8 9  R   H   E  
Pirates 0 0 0 0 1 0 0 2 0  3   12  0  
Giants  0 0 0 1 0 0 0 0 0  1   2   0  "
776944,2025-07-29,Mariners,Athletics,0,0,True,True,True,0,Logan Evans,688138,Luis Severino,622663,"Final     1 2 3 4 5 6 7 8 9  R   H   E  
Mariners  0 0 0 1 0 0 0 0 0  1   6   0  
Athletics 0 0 4 0 2 0 0 0 0  6   8   0  "
776948,2025-07-30,Blue Jays,Orioles,3,0,False,False,True,3,José Berríos,621244,Dean Kremer,665152,"Final     1 2 3 4 5 6 7 8 9  R   H   E  
Blue Jays 0 2 0 0 1 1 5 0 0  9   13  2  
Orioles   3 0 0 0 2 0 3 0 0  8   10  0  "
776940,2025-07-30,D-backs,Tigers,0,0,True,True,True,0,Ryne Nelson,669194,Chris Paddack,663978,"Final   1 2 3 4 5 6 7 8 9  R   H   E  
D-backs 0 0 0 1 0 0 0 0 1  2   6   2  
Tigers  0 0 1 0 3 3 0 0 0  7   11  0  "
776935,2025-07-30,Red Sox,Twins,0,0,True,True,True,0,Brayan Bello,678394,Zebby Matthews,805673,"Final   1 2 3 4 5 6 7 8 9  R   H   E  
Red Sox 0 1 1 0 4 2 0 0 5  13  16  0  
Twins   0 1 0 0 0 0 0 0 0  1   5   0  "
776937,2025-07-30,Nationals,Astros,0,1,False,True,False,1,MacKenzie Gore,669022,Ryan Gusto,687473,"Final     1 2 3 4 5 6 7 8 9  R   H   E  
Nationals 0 1 0 0 0 0 0 0 0  1   5   2  
Astros    1 3 0 0 0 5 0 0 0  9   10  0  "
776936,2025-07-30,Braves,Royals,0,0,True,True,True,0,Joey Wentz,666214,Angel Zerpa,672582,"Final  1 2 3 4 5 6 7 8 9 10 R   H   E  
Braves 0 0 0 0 0 0 0 0 0 0  0   5   0  
Royals 0 0 0 0 0 0 0 0 0 1  1   3   0  "
776939,2025-07-30,Phillies,White Sox,0,0,True,True,True,0,Taijuan Walker,592836,Tyler Alexander,641302,"Final     1 2 3 4 5 6 7 8 9  R   H   E  
Phillies  0 0 0 2 0 0 0 0 1  3   8   0  
White Sox 0 1 0 1 0 0 7 0 0  9   17  1  "
776929,2025-07-30,Cubs,Brewers,1,1,False,False,False,2,Shota Imanaga,684007,Freddy Peralta,642547,"Final   1 2 3 4 5 6 7 8 9  R   H   E  
Cubs    1 0 4 0 0 3 0 0 2  10  11  0  
Brewers 1 0 0 1 1 0 0 0 0  3   7   0  "
776933,2025-07-30,Pirates,Giants,0,0,True,True,True,0,Mike Burrows,681347,Logan Webb,657277,"Final   1 2 3 4 5 6 7 8 9 10 R   H   E  
Pirates 0 0 0 0 1 0 0 0 0 1  2   7   0  
Giants  0 0 0 1 0 0 0 0 0 0  1   6   0  "
776931,2025-07-30,Mets,Padres,0,0,True,True,True,0,Clay Holmes,605280,Yu Darvish,506433,"Final  1 2 3 4 5 6 7 8 9  R   H   E  
Mets   0 0 0 0 0 0 0 0 0  0   3   1  
Padres 0 2 2 0 0 0 0 1 0  5   9   0  "
776942,2025-07-30,Rockies,Guardians,0,2,False,True,False,2,Kyle Freeland,607536,Kolby Allard,663465,"Final     1 2 3 4 5 6 7 8 9  R   H   E  
Rockies   0 0 0 0 0 0 0 0 0  0   3   0  
Guardians 2 0 0 1 0 0 0 2 0  5   8   0  "
776938,2025-07-30,Rays,Yankees,0,0,True,True,True,0,Zack Littell,641793,Will Warren,701542,"Final   1 2 3 4 5 6 7 8 9 1011 R   H   E  
Rays    0 0 1 0 0 0 0 0 2 1 0  4   9   0  
Yankees 0 0 0 0 0 0 0 2 1 1 1  5   10  2  "
776941,2025-07-30,Dodgers,Reds,0,1,False,True,False,1,Shohei Ohtani,660271,Nick Martinez,607259,"Final   1 2 3 4 5 6 7 8 9  R   H   E  
Dodgers 0 0 0 2 0 0 0 0 0  2   7   1  
Reds    1 0 0 1 0 0 0 3 0  5   8   0  "
776934,2025-07-30,Marlins,Cardinals,0,0,True,True,True,0,Cal Quantrill,615698,Miles Mikolas,571945,"Final     1 2 3 4 5 6 7 8 9  R   H   E  
Marlins   0 0 2 0 0 0 0 0 0  2   6   1  
Cardinals 0 0 0 0 0 0 0 0 0  0   5   0  "
776932,2025-07-30,Rangers,Angels,0,0,True,True,True,0,Nathan Eovaldi,543135,José Soriano,667755,"Final   1 2 3 4 5 6 7 8 9  R   H   E  
Rangers 0 0 0 1 0 1 0 4 0  6   11  1  
Angels  0 0 0 1 0 0 0 2 0  3   8   1  "
776930,2025-07-30,Mariners,Athletics,1,2,False,False,False,3,Bryan Woo,693433,Jeffrey Springs,605488,"Final     1 2 3 4 5 6 7 8 9  R   H   E  
Mariners  1 0 0 0 0 0 2 0 1  4   4   0  
Athletics 2 0 0 1 1 0 1 0 0  5   9   0  "
776927,2025-07-31,Rays,Yankees,0,3,False,True,False,3,Ryan Pepiot,686752,Marcus Stroman,573186,"Final   1 2 3 4 5 6 7 8 9  R   H   E  
Rays    0 0 0 4 0 0 0 0 0  4   7   1  
Yankees 3 3 1 0 0 0 0 0 0  7   8   0  "
776928,2025-07-31,Braves,Reds,0,0,True,True,True,0,Carlos Carrasco,471911,Andrew Abbott,671096,"Final  1 2 3 4 5 6 7 8 9 10 R   H   E  
Braves 0 0 0 1 0 2 0 8 0 1  12  13  0  
Reds   0 1 2 0 0 0 0 8 0 0  11  17  2  "
776923,2025-07-31,Rangers,Mariners,0,0,True,True,True,0,Kumar Rocker,677958,George Kirby,669923,"Final    1 2 3 4 5 6 7 8 9  R   H   E  
Rangers  0 0 0 0 0 0 0 0 0  0   4   0  
Mariners 0 0 0 1 2 3 0 0 0  6   9   0  "
776921,2025-08-01,Braves,Reds,0,0,True,True,True,0,Bryce Elder,693821,Brady Singer,663903,"Final  1 2 3 4 5 6 7 8 9  R   H   E  
Braves 0 0 0 0 0 0 0 0 2  2   7   0  
Reds   0 0 0 0 0 1 2 0 0  3   5   0  "
776915,2025-08-01,Orioles,Cubs,0,0,True,True,True,0,Trevor Rogers,669432,Cade Horton,690990,"Final   1 2 3 4 5 6 7 8 9  R   H   E  
Orioles 0 0 0 0 0 0 0 0 0  0   3   0  
Cubs    0 1 0 0 0 0 0 0 0  1   4   0  "
776913,2025-08-01,Tigers,Phillies,0,0,True,True,True,0,Jack Flaherty,656427,Ranger Suárez,624133,"Final    1 2 3 4 5 6 7 8 9  R   H   E  
Tigers   0 0 3 0 0 0 0 1 0  4   5   1  
Phillies 0 0 0 0 0 0 3 2 0  5   8   0  "
776917,2025-08-01,Brewers,Nationals,0,1,False,True,False,1,Jose Quintana,500779,Mitchell Parker,680730,"Final     1 2 3 4 5 6 7 8 9  R   H   E  
Brewers   0 1 5 0 3 0 5 2 0  16  25  0  
Nationals 1 0 1 0 0 2 0 0 5  9   15  3  "
776920,2025-08-01,Royals,Blue Jays,0,0,True,True,True,0,Michael Wacha,608379,Kevin Gausman,592332,"Final     1 2 3 4 5 6 7 8 9  R   H   E  
Royals    0 2 3 0 0 0 0 0 4  9   11  1  
Blue Jays 1 0 0 0 0 0 0 0 2  3   5   1  "
776922,2025-08-01,Astros,Red Sox,0,0,True,True,True,0,Hunter Brown,686613,Cooper Criswell,681867,"Final   1 2 3 4 5 6 7 8 9 10 R   H   E  
Astros  0 1 0 0 0 0 0 0 0 0  1   7   1  
Red Sox 0 0 0 0 0 0 1 0 0 1  2   6   3  "
776926,2025-08-01,Giants,Mets,0,0,True,True,True,0,Robbie Ray,592662,David Peterson,656849,"Final  1 2 3 4 5 6 7 8 9 10 R   H   E  
Giants 0 2 0 0 0 0 1 0 0 1  4   10  0  
Mets   0 0 0 0 0 0 1 2 0 0  3   6   1  "
776924,2025-08-01,Twins,Guardians,0,1,False,True,False,1,Joe Ryan,657746,Gavin Williams,668909,"Final     1 2 3 4 5 6 7 8 9 10 R   H   E  
Twins     0 0 0 0 0 0 2 0 0 0  2   6   0  
Guardians 1 1 0 0 0 0 0 0 0 1  3   8   1  "
776925,2025-08-01,Yankees,Marlins,0,0,True,True,True,0,Carlos Rodón,607074,Janson Junk,676083,"Final   1 2 3 4 5 6 7 8 9  R   H   E  
Yankees 0 0 0 3 3 0 3 1 2  12  15  2  
Marlins 0 0 0 0 4 0 6 0 3  13  12  1  "
776918,2025-08-01,Dodgers,Rays,2,0,False,False,True,2,Clayton Kershaw,477132,Shane Baz,669358,"Final   1 2 3 4 5 6 7 8 9  R   H   E  
Dodgers 2 0 0 2 1 0 0 0 0  5   9   1  
Rays    0 0 0 0 0 0 0 0 0  0   6   0  "
776919,2025-08-01,Pirates,Rockies,9,1,False,False,False,10,Andrew Heaney,571760,Antonio Senzatela,622608,"Final   1 2 3 4 5 6 7 8 9  R   H   E  
Pirates 9 0 0 3 3 1 0 0 0  16  18  1  
Rockies 1 0 3 2 4 0 0 2 5  17  22  0  "
776916,2025-08-01,White Sox,Angels,0,0,True,True,True,0,Shane Smith,681343,Tyler Anderson,542881,"Final     1 2 3 4 5 6 7 8 9  R   H   E  
White Sox 0 2 0 1 0 1 0 1 1  6   11  0  
Angels    0 0 0 0 2 0 1 0 0  3   4   1  "
776906,2025-08-01,Cardinals,Padres,0,0,True,True,True,0,Matthew Liberatore,669461,Nick Pivetta,601713,"Final     1 2 3 4 5 6 7 8 9  R   H   E  
Cardinals 0 0 0 0 1 0 0 0 0  1   4   3  
Padres    0 0 0 0 4 0 0 0 0  4   7   0  "
776914,2025-08-01,D-backs,Athletics,0,4,False,True,False,4,Anthony DeSclafani,543101,Jacob Lopez,682052,"Final     1 2 3 4 5 6 7 8 9  R   H   E  
D-backs   0 0 0 0 0 0 1 0 0  1   8   0  
Athletics 4 0 0 1 0 0 0 0 0  5   11  0  "
776908,2025-08-01,Rangers,Mariners,0,0,True,True,True,0,Jack Leiter,683004,Logan Gilbert,669302,"Final    1 2 3 4 5 6 7 8 9  R   H   E  
Rangers  0 0 3 0 0 0 0 0 0  3   6   0  
Mariners 0 1 0 0 1 0 0 0 2  4   7   1  "
776901,2025-08-02,Dodgers,Rays,0,1,False,True,False,1,Blake Snell,605483,Drew Rasmussen,656876,"Final   1 2 3 4 5 6 7 8 9  R   H   E  
Dodgers 0 0 0 0 0 0 0 0 0  0   6   0  
Rays    1 0 2 0 0 1 0 0 0  4   8   0  "
776902,2025-08-02,Orioles,Cubs,0,0,True,True,True,0,Tomoyuki Sugano,608372,Matthew Boyd,571510,"Final   1 2 3 4 5 6 7 8 9  R   H   E  
Orioles 0 0 0 0 0 0 0 4 0  4   7   1  
Cubs    0 2 0 1 0 0 0 0 0  3   8   0  "
776900,2025-08-02,Royals,Blue Jays,0,0,True,True,True,0,Noah Cameron,702070,Max Scherzer,453286,"Final     1 2 3 4 5 6 7 8 9  R   H   E  
Royals    0 0 0 0 0 1 1 0 0  2   6   1  
Blue Jays 0 0 3 0 0 0 1 0 0  4   8   0  "
776904,2025-08-02,Pirates,Rockies,1,0,False,False,True,1,Paul Skenes,694973,Austin Gomber,596295,"Final   1 2 3 4 5 6 7 8 9  R   H   E  
Pirates 1 0 0 0 3 0 0 0 1  5   7   1  
Rockies 0 0 0 0 0 6 1 1 0  8   12  1  "
776912,2025-08-02,Tigers,Phillies,0,0,True,True,True,0,Tarik Skubal,669373,Zack Wheeler,554430,"Final    1 2 3 4 5 6 7 8 9  R   H   E  
Tigers   0 0 2 0 0 0 3 2 0  7   12  0  
Phillies 0 0 0 0 0 0 3 2 0  5   8   1  "
776903,2025-08-02,Brewers,Nationals,3,0,False,False,True,3,Brandon Woodruff,605540,Jake Irvin,663623,"Final     1 2 3 4 5 6 7 8 9  R   H   E  
Brewers   3 1 1 0 0 0 0 2 1  8   15  0  
Nationals 0 0 2 0 0 0 0 0 0  2   2   1  "
776909,2025-08-02,Astros,Red Sox,2,0,False,False,True,2,Colton Gordon,676467,Walker Buehler,621111,"Final   1 2 3 4 5 6 7 8 9  R   H   E  
Astros  2 0 0 0 1 0 0 0 0  3   14  0  
Red Sox 1 0 3 2 0 0 1 0 0  7   10  0  "
776911,2025-08-02,Giants,Mets,0,3,False,True,False,3,Kai-Wei Teng,678906,Kodai Senga,673540,"Final  1 2 3 4 5 6 7 8 9  R   H   E  
Giants 0 1 2 1 0 0 0 0 2  6   10  1  
Mets   3 0 0 2 0 2 4 1 0  12  13  0  "
776897,2025-08-02,Rangers,Mariners,0,0,True,True,True,0,Merrill Kelly,518876,Luis Castillo,622491,"Final    1 2 3 4 5 6 7 8 9 1011 R   H   E  
Rangers  0 0 2 0 0 0 0 0 0 2 2  6   11  1  
Mariners 0 0 0 0 0 2 0 0 0 2 0  4   7   0  "
776905,2025-08-02,Twins,Guardians,0,0,True,True,True,0,Bailey Ober,641927,Tanner Bibee,676440,"Final     1 2 3 4 5 6 7 8 9  R   H   E  
Twins     0 0 0 2 2 0 0 0 0  4   9   0  
Guardians 0 1 1 0 2 0 0 1 0  5   10  1  "
776910,2025-08-02,Yankees,Marlins,0,1,False,True,False,1,Cam Schlittler,693645,Eury Pérez,691587,"Final   1 2 3 4 5 6 7 8 9  R   H   E  
Yankees 0 0 0 0 0 0 0 0 0  0   2   0  
Marlins 1 0 0 1 0 0 0 0 0  2   4   0  "
776907,2025-08-02,Braves,Reds,0,1,False,True,False,1,Austin Cox,680735,Chase Burns,695505,"Final  1 2 3 4 5 6 7 8 9  R   H   E  
Braves 0 3 0 0 0 0 1 0 0  4   10  0  
Reds   1 1 0 0 0 0 0 0 0  2   10  0  "
776899,2025-08-02,D-backs,Athletics,1,0,False,False,True,1,Zac Gallen,668678,J.T. Ginn,669372,"Final     1 2 3 4 5 6 7 8 9  R   H   E  
D-backs   1 0 0 0 3 1 1 0 1  7   7   0  
Athletics 0 0 2 0 0 0 0 0 0  2   10  2  "
776898,2025-08-02,White Sox,Angels,0,0,True,True,True,0,Aaron Civale,650644,Kyle Hendricks,543294,"Final     1 2 3 4 5 6 7 8 9  R   H   E  
White Sox 0 1 0 0 0 0 0 0 0  1   6   0  
Angels    0 0 0 0 0 0 0 0 0  0   1   0  "
776896,2025-08-02,Cardinals,Padres,0,1,False,True,False,1,Michael McGreevy,700241,Randy Vásquez,681190,"Final     1 2 3 4 5 6 7 8 9  R   H   E  
Cardinals 0 0 0 4 2 0 0 0 2  8   12  0  
Padres    1 2 1 0 0 0 0 0 1  5   9   0  "
776895,2025-08-03,Astros,Red Sox,0,0,True,True,True,0,Framber Valdez,664285,Lucas Giolito,608337,"Final   1 2 3 4 5 6 7 8 9  R   H   E  
Astros  0 0 0 1 0 0 0 0 0  1   3   0  
Red Sox 0 0 0 6 0 0 0 0 0  6   8   0  "
776889,2025-08-03,Dodgers,Rays,0,0,True,True,True,0,Yoshinobu Yamamoto,808967,Joe Boyle,671212,"Final   1 2 3 4 5 6 7 8 9  R   H   E  
Dodgers 0 0 0 0 0 1 1 0 1  3   8   1  
Rays    0 0 0 0 0 0 0 0 0  0   7   0  "
776907,2025-08-03,Braves,Reds,0,1,False,True,False,1,Austin Cox,680735,Chase Burns,695505,"Final  1 2 3 4 5 6 7 8 9  R   H   E  
Braves 0 3 0 0 0 0 1 0 0  4   10  0  
Reds   1 1 0 0 0 0 0 0 0  2   10  0  "
776894,2025-08-03,Brewers,Nationals,1,0,False,False,True,1,Logan Henderson,701656,Brad Lord,695418,"Final     1 2 3 4 5 6 7 8 9  R   H   E  
Brewers   1 2 0 0 0 2 7 2 0  14  16  0  
Nationals 0 0 0 0 1 0 0 0 2  3   7   2  "
776893,2025-08-03,Royals,Blue Jays,0,0,True,True,True,0,Seth Lugo,607625,Chris Bassitt,605135,"Final     1 2 3 4 5 6 7 8 9 10 R   H   E  
Royals    0 0 0 1 0 0 0 1 0 5  7   6   0  
Blue Jays 0 1 0 0 1 0 0 0 0 2  4   8   2  "
776887,2025-08-03,Giants,Mets,0,1,False,True,False,1,Carson Whisenhunt,687931,Frankie Montas,593423,"Final  1 2 3 4 5 6 7 8 9  R   H   E  
Giants 0 0 4 3 0 0 0 0 5  12  13  1  
Mets   1 0 0 0 1 0 0 0 2  4   8   1  "
776892,2025-08-03,Twins,Guardians,4,2,False,False,False,6,José Ureña,570632,Joey Cantillo,676282,"Final     1 2 3 4 5 6 7 8 9  R   H   E  
Twins     4 0 0 0 0 0 0 1 0  5   8   0  
Guardians 2 0 0 0 0 0 0 0 2  4   10  0  "
776891,2025-08-03,Yankees,Marlins,1,0,False,False,True,1,Luis Gil,661563,Edward Cabrera,665795,"Final   1 2 3 4 5 6 7 8 9  R   H   E  
Yankees 1 0 0 0 0 0 2 0 0  3   6   0  
Marlins 0 3 0 3 0 0 1 0 0  7   9   0  "
776888,2025-08-03,Orioles,Cubs,0,2,False,True,False,2,Brandon Young,687064,Colin Rea,607067,"Final   1 2 3 4 5 6 7 8 9  R   H   E  
Orioles 0 0 1 1 0 0 0 0 1  3   7   2  
Cubs    2 0 0 0 0 1 0 0 2  5   11  0  "
776886,2025-08-03,Pirates,Rockies,3,0,False,False,True,3,Mitch Keller,656605,Bradley Blalock,687134,"Final   1 2 3 4 5 6 7 8 9  R   H   E  
Pirates 3 2 0 0 0 3 0 1 0  9   9   2  
Rockies 0 0 0 1 0 4 0 0 0  5   9   0  "
776881,2025-08-03,D-backs,Athletics,0,0,True,True,True,0,Eduardo Rodriguez,593958,Jack Perkins,678022,"Final     1 2 3 4 5 6 7 8 9  R   H   E  
D-backs   0 3 1 0 0 0 1 0 1  6   12  0  
Athletics 0 0 0 0 2 0 1 0 1  4   8   0  "
776885,2025-08-03,White Sox,Angels,0,0,True,True,True,0,Sean Burke,680732,Jack Kochanowicz,686799,"Final     1 2 3 4 5 6 7 8 9  R   H   E  
White Sox 4 0 1 0 0 0 0 0 0  5   10  1  
Angels    0 0 0 0 0 3 2 0 3  8   11  0  "
776884,2025-08-03,Cardinals,Padres,0,0,True,True,True,0,Andre Pallante,669467,Dylan Cease,656302,"Final     1 2 3 4 5 6 7 8 9  R   H   E  
Cardinals 0 0 0 0 0 0 0 0 3  3   6   1  
Padres    0 0 0 2 0 0 4 1 0  7   10  1  "
776883,2025-08-03,Rangers,Mariners,0,0,True,True,True,0,Jacob deGrom,594798,Logan Evans,688138,"Final    1 2 3 4 5 6 7 8 9  R   H   E  
Rangers  0 0 2 1 0 1 0 0 0  4   6   0  
Mariners 0 1 2 2 0 0 0 0 0  5   5   0  "
776890,2025-08-03,Tigers,Phillies,0,0,True,True,True,0,Charlie Morton,450203,Cristopher Sánchez,650911,"Final    1 2 3 4 5 6 7 8 9  R   H   E  
Tigers   0 0 0 0 0 0 0 0 0  0   5   0  
Phillies 0 1 0 0 0 0 0 1 0  2   5   0  "
776879,2025-08-04,Giants,Pirates,2,1,False,False,False,3,Justin Verlander,434378,Johan Oviedo,670912,"Final   1 2 3 4 5 6 7 8 9  R   H   E  
Giants  2 0 0 0 2 0 0 0 0  4   7   2  
Pirates 1 0 0 0 0 0 2 0 2  5   6   0  "
776874,2025-08-04,Twins,Tigers,1,0,False,False,True,1,Travis Adams,701519,Casey Mize,663554,"Final  1 2 3 4 5 6 7 8 9  R   H   E  
Twins  1 0 0 0 1 1 0 0 0  3   6   0  
Tigers 0 0 0 0 2 3 1 0 0  6   12  0  "
776875,2025-08-04,Astros,Marlins,0,0,True,True,True,0,Jason Alexander,669920,Sandy Alcantara,645261,"Final   1 2 3 4 5 6 7 8 9  R   H   E  
Astros  0 0 0 5 0 0 1 2 0  8   11  1  
Marlins 0 0 0 0 0 0 2 0 0  2   7   0  "
776877,2025-08-04,Orioles,Phillies,0,1,False,True,False,1,Cade Povich,700249,Jesús Luzardo,666200,"Final    1 2 3 4 5 6 7 8 9  R   H   E  
Orioles  0 2 1 0 0 0 0 0 0  3   5   0  
Phillies 1 0 2 0 0 8 0 2 0  13  13  0  "
776880,2025-08-04,Royals,Red Sox,0,0,True,True,True,0,Bailey Falter,663559,Brayan Bello,678394,"Final   1 2 3 4 5 6 7 8 9  R   H   E  
Royals  0 0 0 1 0 0 0 4 0  5   12  0  
Red Sox 5 0 1 1 0 0 1 0 0  8   11  3  "
776876,2025-08-04,Guardians,Mets,0,0,True,True,True,0,Slade Cecconi,677944,Sean Manaea,640455,"Final     1 2 3 4 5 6 7 8 9 10 R   H   E  
Guardians 0 0 0 0 0 5 0 0 0 2  7   9   1  
Mets      0 0 0 0 0 3 0 2 0 1  6   11  2  "
776882,2025-08-04,Brewers,Braves,0,1,False,True,False,1,Quinn Priester,682990,Erick Fedde,607200,"Final   1 2 3 4 5 6 7 8 9  R   H   E  
Brewers 0 0 0 3 0 0 0 0 0  3   3   0  
Braves  1 0 0 0 0 0 0 0 0  1   3   0  "
776878,2025-08-04,Reds,Cubs,0,0,True,True,True,0,Nick Lodolo,666157,Michael Soroka,647336,"Final 1 2 3 4 5 6 7 8 9  R   H   E  
Reds  0 1 0 0 0 1 1 0 0  3   6   0  
Cubs  0 0 2 0 0 0 0 0 0  2   3   1  "
776871,2025-08-04,Yankees,Rangers,1,0,False,False,True,1,Max Fried,608331,Patrick Corbin,571578,"Final   1 2 3 4 5 6 7 8 9 10 R   H   E  
Yankees 1 2 0 2 0 0 0 0 0 0  5   10  1  
Rangers 0 4 0 0 0 0 0 0 1 3  8   10  0  "
776872,2025-08-04,Blue Jays,Rockies,0,0,True,True,True,0,Eric Lauer,641778,Tanner Gordon,685299,"Final     1 2 3 4 5 6 7 8 9  R   H   E  
Blue Jays 1 1 7 0 0 0 5 0 1  15  25  0  
Rockies   0 0 0 0 1 0 0 0 0  1   8   1  "
776867,2025-08-04,Rays,Angels,1,0,False,False,True,1,Adrian Houser,605288,Yusei Kikuchi,579328,"Final  1 2 3 4 5 6 7 8 9  R   H   E  
Rays   1 0 0 0 0 0 0 0 0  1   5   0  
Angels 0 2 2 0 0 1 0 0 0  5   11  0  "
776873,2025-08-04,Padres,D-backs,0,1,False,True,False,1,JP Sears,676664,Brandon Pfaadt,694297,"Final   1 2 3 4 5 6 7 8 9  R   H   E  
Padres  0 0 1 0 0 1 0 0 0  2   6   0  
D-backs 1 1 1 2 0 0 0 1 0  6   12  1  "
776870,2025-08-04,Cardinals,Dodgers,0,0,True,True,True,0,Sonny Gray,543243,Tyler Glasnow,607192,"Final     1 2 3 4 5 6 7 8 9  R   H   E  
Cardinals 0 1 0 0 0 0 0 1 1  3   7   0  
Dodgers   0 0 0 1 0 0 0 1 0  2   3   0  "
776866,2025-08-05,Giants,Pirates,0,0,True,True,True,0,Logan Webb,657277,Mike Burrows,681347,"Final   1 2 3 4 5 6 7 8 9  R   H   E  
Giants  0 0 2 1 3 2 0 0 0  8   11  0  
Pirates 0 0 1 0 0 0 0 0 0  1   7   2  "
776861,2025-08-05,Twins,Tigers,3,0,False,False,True,3,Zebby Matthews,805673,Chris Paddack,663978,"Final  1 2 3 4 5 6 7 8 9  R   H   E  
Twins  3 0 0 1 2 0 0 0 0  6   9   0  
Tigers 0 0 1 0 0 0 0 2 0  3   9   1  "
776862,2025-08-05,Astros,Marlins,2,0,False,False,True,2,Steven Okert,595345,Cal Quantrill,615698,"Final   1 2 3 4 5 6 7 8 9  R   H   E  
Astros  2 0 0 2 3 0 0 0 0  7   12  0  
Marlins 0 1 0 0 1 0 1 0 0  3   5   0  "
776865,2025-08-05,Athletics,Nationals,5,0,False,False,True,5,Luis Severino,622663,MacKenzie Gore,669022,"Final     1 2 3 4 5 6 7 8 9  R   H   E  
Athletics 5 0 1 3 1 0 2 4 0  16  24  0  
Nationals 0 0 0 1 0 2 0 0 4  7   10  0  "
776868,2025-08-05,Orioles,Phillies,0,0,True,True,True,0,Dean Kremer,665152,Taijuan Walker,592836,"Final    1 2 3 4 5 6 7 8 9  R   H   E  
Orioles  0 0 0 0 0 0 0 0 0  0   5   0  
Phillies 0 3 0 1 0 0 0 1 0  5   10  0  "
776864,2025-08-05,Royals,Red Sox,0,0,True,True,True,0,Ryan Bergert,686701,Garrett Crochet,676979,"Final   1 2 3 4 5 6 7 8 9  R   H   E  
Royals  0 0 0 1 0 0 1 0 0  2   5   0  
Red Sox 0 0 1 0 0 2 3 0 0  6   9   1  "
776863,2025-08-05,Guardians,Mets,0,1,False,True,False,1,Logan Allen,671106,Clay Holmes,605280,"Final     1 2 3 4 5 6 7 8 9  R   H   E  
Guardians 0 0 0 2 0 0 1 0 0  3   6   2  
Mets      1 1 0 0 0 0 0 0 0  2   4   0  "
776869,2025-08-05,Brewers,Braves,0,0,True,True,True,0,Freddy Peralta,642547,Joey Wentz,666214,"Final   1 2 3 4 5 6 7 8 9  R   H   E  
Brewers 0 0 4 0 0 1 2 0 0  7   8   0  
Braves  0 0 0 1 0 0 1 0 0  2   8   1  "
776860,2025-08-05,Reds,Cubs,0,0,True,True,True,0,Zack Littell,641793,Shota Imanaga,684007,"Final 1 2 3 4 5 6 7 8 9  R   H   E  
Reds  0 0 0 0 1 0 4 0 0  5   9   1  
Cubs  0 0 0 0 1 0 0 0 0  1   4   0  "
776855,2025-08-05,Yankees,Rangers,0,0,True,True,True,0,Will Warren,701542,Nathan Eovaldi,543135,"Final   1 2 3 4 5 6 7 8 9  R   H   E  
Yankees 0 0 0 0 0 0 0 0 0  0   2   0  
Rangers 0 0 0 0 0 0 0 2 0  2   8   0  "
776854,2025-08-05,Blue Jays,Rockies,2,0,False,False,True,2,José Berríos,621244,Anthony Molina,683627,"Final     1 2 3 4 5 6 7 8 9  R   H   E  
Blue Jays 0 0 1 2 0 4 0 0 3  10  14  2  
Rockies   2 0 0 0 0 2 0 0 0  4   9   2  "
776848,2025-08-05,Rays,Angels,0,0,True,True,True,0,Ryan Pepiot,686752,José Soriano,667755,"Final  1 2 3 4 5 6 7 8 9  R   H   E  
Rays   0 0 0 7 0 0 0 0 0  7   8   2  
Angels 0 0 0 0 2 1 0 0 0  3   6   0  "
776852,2025-08-05,Padres,D-backs,0,2,False,True,False,2,Yu Darvish,506433,Ryne Nelson,669194,"Final   1 2 3 4 5 6 7 8 9 1011 R   H   E  
Padres  0 2 0 0 0 1 2 0 0 0 5  10  14  1  
D-backs 2 0 0 1 0 0 0 2 0 0 0  5   6   0  "
776857,2025-08-05,White Sox,Mariners,0,0,True,True,True,0,Davis Martin,663436,Bryan Woo,693433,"Final     1 2 3 4 5 6 7 8 9  R   H   E  
White Sox 1 0 0 0 0 0 0 0 2  3   5   1  
Mariners  0 1 0 2 0 3 2 0 0  8   11  0  "
776858,2025-08-05,Cardinals,Dodgers,0,2,False,True,False,2,Miles Mikolas,571945,Emmet Sheehan,686218,"Final     1 2 3 4 5 6 7 8 9  R   H   E  
Cardinals 0 2 0 0 0 0 1 1 2  6   9   0  
Dodgers   2 0 3 0 0 0 5 2 0  12  17  1  "
776844,2025-08-06,Giants,Pirates,0,1,False,True,False,1,Robbie Ray,592662,Andrew Heaney,571760,"Final   1 2 3 4 5 6 7 8 9  R   H   E  
Giants  0 0 0 0 1 0 0 1 2  4   7   0  
Pirates 1 0 0 0 1 0 0 0 0  2   8   0  "
776851,2025-08-06,Orioles,Phillies,0,0,True,True,True,0,Trevor Rogers,669432,Ranger Suárez,624133,"Final    1 2 3 4 5 6 7 8 9  R   H   E  
Orioles  0 0 0 4 0 0 1 0 0  5   10  0  
Phillies 0 0 0 0 1 0 0 0 0  1   9   0  "
776846,2025-08-06,Guardians,Mets,0,0,True,True,True,0,Gavin Williams,668909,David Peterson,656849,"Final     1 2 3 4 5 6 7 8 9  R   H   E  
Guardians 0 1 2 0 0 1 0 0 0  4   7   0  
Mets      0 0 0 0 0 0 0 0 1  1   1   0  "
776859,2025-08-06,Twins,Tigers,2,0,False,False,True,2,Pierson Ohl,701487,Jack Flaherty,656427,"Final  1 2 3 4 5 6 7 8 9  R   H   E  
Twins  2 1 0 1 2 2 1 0 0  9   11  0  
Tigers 0 1 3 0 0 0 0 0 0  4   8   1  "
776847,2025-08-06,Reds,Cubs,0,0,True,True,True,0,Andrew Abbott,671096,Cade Horton,690990,"Final 1 2 3 4 5 6 7 8 9  R   H   E  
Reds  0 0 0 0 0 0 0 0 1  1   4   0  
Cubs  0 0 1 0 0 1 2 2 0  6   11  1  "
776845,2025-08-06,Yankees,Rangers,0,0,True,True,True,0,Carlos Rodón,607074,Jack Leiter,683004,"Final   1 2 3 4 5 6 7 8 9  R   H   E  
Yankees 0 0 0 2 0 0 1 0 0  3   6   1  
Rangers 0 0 1 0 1 0 0 0 0  2   8   1  "
776836,2025-08-06,Blue Jays,Rockies,1,0,False,False,True,1,Kevin Gausman,592332,Kyle Freeland,607536,"Final     1 2 3 4 5 6 7 8 9  R   H   E  
Blue Jays 0 0 3 0 3 4 0 2 8  20  24  2  
Rockies   1 0 0 0 0 0 0 0 0  1   3   0  "
776843,2025-08-06,Rays,Angels,2,0,False,False,True,2,Shane Baz,669358,Tyler Anderson,542881,"Final  1 2 3 4 5 6 7 8 9  R   H   E  
Rays   2 1 1 0 0 0 1 0 0  5   8   1  
Angels 0 0 4 0 0 0 0 0 0  4   6   1  "
776839,2025-08-06,Cardinals,Dodgers,0,0,True,True,True,0,Matthew Liberatore,669461,Shohei Ohtani,660271,"Final     1 2 3 4 5 6 7 8 9  R   H   E  
Cardinals 0 0 1 0 0 1 0 2 1  5   12  2  
Dodgers   0 0 2 1 0 0 0 0 0  3   8   1  "
776849,2025-08-06,Astros,Marlins,2,3,False,False,False,5,Spencer Arrighetti,681293,Janson Junk,676083,"Final   1 2 3 4 5 6 7 8 9  R   H   E  
Astros  2 0 0 0 1 1 0 0 0  4   12  0  
Marlins 3 1 1 0 1 0 0 0 0  6   14  0  "
776850,2025-08-06,Athletics,Nationals,0,0,True,True,True,0,Jeffrey Springs,605488,Cade Cavalli,676917,"Final     1 2 3 4 5 6 7 8 9  R   H   E  
Athletics 0 0 0 0 0 1 0 0 0  1   4   0  
Nationals 0 0 0 0 0 1 0 0 1  2   4   2  "
776856,2025-08-06,Royals,Red Sox,0,0,True,True,True,0,Michael Wacha,608379,Dustin May,669160,"Final   1 2 3 4 5 6 7 8 9  R   H   E  
Royals  0 0 1 2 0 0 3 1 0  7   12  0  
Red Sox 2 0 0 0 0 0 0 1 0  3   7   2  "
776853,2025-08-06,Brewers,Braves,0,1,False,True,False,1,Jose Quintana,500779,Spencer Strider,675911,"Final   1 2 3 4 5 6 7 8 9  R   H   E  
Brewers 0 1 0 1 3 0 0 0 0  5   14  0  
Braves  1 0 0 0 1 1 0 0 1  4   8   0  "
776838,2025-08-06,Padres,D-backs,0,1,False,True,False,1,Nestor Cortes,641482,Anthony DeSclafani,543101,"Final   1 2 3 4 5 6 7 8 9  R   H   E  
Padres  0 0 0 0 0 0 1 0 2  3   9   0  
D-backs 1 1 0 0 0 0 0 0 0  2   4   1  "
776841,2025-08-06,White Sox,Mariners,2,0,False,False,True,2,Jonathan Cannon,686563,George Kirby,669923,"Final     1 2 3 4 5 6 7 8 9  R   H   E  
White Sox 0 1 1 0 0 0 3 0 1  6   9   1  
Mariners  2 5 0 0 0 0 1 0 0  8   7   1  "
776837,2025-08-07,Athletics,Nationals,0,0,True,True,True,0,Jacob Lopez,682052,Mitchell Parker,680730,"Final     1 2 3 4 5 6 7 8 9  R   H   E  
Athletics 0 3 0 1 0 0 0 1 1  6   12  0  
Nationals 0 0 0 0 0 0 0 0 0  0   3   0  "
776830,2025-08-07,White Sox,Mariners,0,0,True,True,True,0,Shane Smith,681343,Logan Gilbert,669302,"Final     1 2 3 4 5 6 7 8 9 1011 R   H   E  
White Sox 0 0 0 0 1 0 1 0 0 1 0  3   7   2  
Mariners  0 0 2 0 0 0 0 0 0 1 1  4   6   1  "
776840,2025-08-07,Reds,Pirates,0,3,False,True,False,3,Brady Singer,663903,Paul Skenes,694973,"Final   1 2 3 4 5 6 7 8 9  R   H   E  
Reds    0 0 0 0 0 0 0 0 0  0   9   1  
Pirates 3 0 0 1 0 1 2 0 0  7   10  0  "
776842,2025-08-07,Marlins,Braves,0,2,False,True,False,2,Eury Pérez,691587,Carlos Carrasco,471911,"Final   1 2 3 4 5 6 7 8 9  R   H   E  
Marlins 0 5 0 1 0 0 0 0 0  6   10  1  
Braves  2 0 0 0 0 3 2 1 0  8   12  0  "
